slug,name,brandSlug,description,minPrice,maxPrice,priceCurrency,thicknessValue,thicknessUnit,thicknessOriginal,lengthValue,lengthUnit,lengthOriginal,widthValue,widthUnit,widthOriginal,weightValue,weightUnit,weightOriginal,material,texture,features,availableColors,variantsCount,isAvailable,shopifyId,shopifyHandle,shopifyVendor,shopifyProductType,shopifyTags,shopifyCreatedAt,shopifyPublishedAt,primaryImageUrl
42birds-cork-yoga-mat,Cork Lightweight Yoga Mat “The Robin”,42birds,"description
specifications
use & care



Why You'll Love It. Our top-selling mat, The Robin, pairs sustainable cork with an ultra-light natural base for reliable comfort at the studio, on your next adventure, and everywhere in between.
Key Features

Lightweight & travel-ready: Easy to bring wherever your practice takes you.
Superior grip: Cork naturally increases traction with moisture, making it ideal for sweaty or hot yoga classes.
Naturally antimicrobial: Say goodbye to harsh cleaning chemicals – resists mold, mildew, and odors.
Eco-conscious design: Made with sustainable cork and recyclable materials.
Attractive aesthetic: Natural cork surface that looks great at home or in the studio.




Dimensions: 72″ × 26″
Thickness: 5 mm
Weight: 1.9 lbs
Rolled Diameter: 4""
Top Material: 100% sustainable cork
Base Material: Eco-friendly, slip resistant foam (100% recyclable, free of PVC, plasticizers, and latex.)




Before first use: Unroll and let it lay flat for a few hours.
During practice: Place cork side up — you can lightly mist with water for even more grip.
Cleaning: Wipe with a damp cloth after practice. For deeper cleaning, try our natural yoga mat spray; avoid harsh cleaners to protect the cork surface.
Drying: Always air-dry completely before rolling up to prevent moisture buildup.
Storage: Store in a cool, dry place, rolled cork-side out to preserve shape.",80,80,USD,5,mm,5 mm,182.88,cm,"72″ × 26″
",66.04,cm,"72″ × 26″
",0.8618265279277155,kg,1.9 lbs,Cork,Grippy,Eco-Friendly; Non-Slip; Lightweight; Travel; Antimicrobial,,1,true,876111003695,cork-yoga-mat,42 Birds,,Best Sellers,2018-06-21T17:03:16-04:00,2019-09-10T16:36:08-04:00,https://cdn.shopify.com/s/files/1/0018/6777/6047/products/Robin.jpg?v=1645586809
42birds-industrial-mat-the-imperial-eagle,Cork Yoga Industrial Mat “The Imperial Eagle”,42birds,"description
specifications
use & care



Why You'll Love It. Our most supportive mat, The Imperial Eagle, combines sustainable cork with a thicker natural base for superior comfort, stability, and grip wherever you practice.
Key Features

Extra support for added performance: Thicker base provides added comfort for all of your favorite practices, including yoga, Pilates, and HIIT workouts.
Superior grip: Cork naturally increases traction with moisture, making it ideal for sweaty or hot yoga classes.
Naturally antimicrobial: Say goodbye to harsh cleaning chemicals – resists mold, mildew, and odors.
Durable studio-quality design: Built to withstand the toughest practices and features a strong, stable, non-slip base.
Eco-conscious design: Made with sustainable cork and recyclable materials.
Attractive aesthetic: Natural cork surface that looks great at home or in the studio.




Dimensions: 72″ × 26″
Thickness: 6 mm
Weight: 5.5 lbs
Rolled Diameter: 4""
Top Material: 100% sustainable cork
Base Material: Natural rubber (100% recyclable, free of PVC and plasticizers)




Before first use: Unroll and let it lay flat for a few hours.
During practice: Place cork side up — you can lightly mist with water for even more grip.
Cleaning: Wipe with a damp cloth after practice. For deeper cleaning, try our natural yoga mat spray; avoid harsh cleaners to protect the cork surface.
Drying: Always air-dry completely before rolling up to prevent moisture buildup.
Storage: Store in a cool, dry place, rolled cork-side out to preserve shape.",98,98,USD,6,mm,6 mm,182.88,cm,"72″ × 26″
",66.04,cm,"72″ × 26″
",2.4947610018960185,kg,5.5 lbs,Cork,Grippy,Eco-Friendly; Non-Slip; Antimicrobial,,1,true,1127858012207,industrial-mat-the-imperial-eagle,42 Birds,,,2019-03-16T12:03:04-04:00,2019-09-07T13:01:30-04:00,https://cdn.shopify.com/s/files/1/0018/6777/6047/products/ImpEagle.jpg?v=1645587013
42birds-extra-long-mat,"Extra Long Cork Lightweight Yoga Mat ""The Robin""",42birds,"description
specifications
use & care



Why You'll Love It. The extra long Robin cork yoga mat gives you extra space without extra weight, combining eco-friendly materials, a strong grip, and lightweight portability.
Key Features

Lightweight & travel-ready: Easy to bring wherever your practice takes you.
Extra length: With an extra 13 inches, you can stretch a little deeper, and it is perfect for our taller yogis.
Superior grip: Cork naturally increases traction with moisture, making it ideal for sweaty or hot yoga classes.
Naturally antimicrobial: Say goodbye to harsh cleaning chemicals – resists mold, mildew, and odors.
Eco-conscious design: Made with sustainable cork and recyclable materials.
Attractive aesthetic: Natural cork surface that looks great at home or in the studio.




Dimensions: 85″ × 26″
Thickness: 5 mm
Weight: 2.5 lbs
Rolled Diameter: 4""
Top Material: 100% sustainable cork
Base Material: Eco-friendly, slip resistant foam (100% recyclable, free of PVC, plasticizers, and latex.)




Before first use: Unroll and let it lay flat for a few hours.
During practice: Place cork side up — you can lightly mist with water for even more grip.
Cleaning: Wipe with a damp cloth after practice. For deeper cleaning, try our natural yoga mat spray; avoid harsh cleaners to protect the cork surface.
Drying: Always air-dry completely before rolling up to prevent moisture buildup.
Storage: Store in a cool, dry place, rolled cork-side out to preserve shape.",92,92,USD,5,mm,5 mm,215.9,cm,"85″ × 26″
",66.04,cm,"85″ × 26″
",1.1339822735890994,kg,2.5 lbs,Cork,Grippy,Eco-Friendly; Non-Slip; Lightweight; Travel; Antimicrobial,,1,false,1373998383151,extra-long-mat,42 Birds,,,2019-09-03T10:33:42-04:00,2019-09-07T13:01:28-04:00,https://cdn.shopify.com/s/files/1/0018/6777/6047/products/Robin_XL.jpg?v=1645587071
42birds-extra-long-cork-yoga-industrial-mat-the-imperial-eagle,Extra Long Cork Yoga Industrial Mat “The Imperial Eagle”,42birds,"description
specifications
use & care



Why You'll Love It. Our most supportive mat also comes in an extra long version. The Extra Long Imperial Eagle combines sustainable cork with a thicker natural base for superior comfort, stability, and grip wherever you practice.
Key Features

Extra support for added performance: Thicker base provides added comfort for all of your favorite practices, including yoga, Pilates, and HIIT workouts.
13 additional inches: Stretch a little deeper with the extra length, and it is perfect for our taller yogis.
Superior grip: Cork naturally increases traction with moisture, making it ideal for sweaty or hot yoga classes.
Naturally antimicrobial: Say goodbye to harsh cleaning chemicals – resists mold, mildew, and odors.
Durable studio-quality design: Built to withstand the toughest practices and features a strong, stable, non-slip base.
Eco-conscious design: Made with sustainable cork and recyclable materials.
Attractive aesthetic: Natural cork surface that looks great at home or in the studio.




Dimensions: 85″ × 26″
Thickness: 6 mm
Weight: 5.7 lbs
Rolled Diameter: 4""
Top Material: 100% sustainable cork
Base Material: Natural rubber (100% recyclable, free of PVC and plasticizers)




Before first use: Unroll and let it lay flat for a few hours.
During practice: Place cork side up — you can lightly mist with water for even more grip.
Cleaning: Wipe with a damp cloth after practice. For deeper cleaning, try our natural yoga mat spray; avoid harsh cleaners to protect the cork surface.
Drying: Always air-dry completely before rolling up to prevent moisture buildup.
Storage: Store in a cool, dry place, rolled cork-side out to preserve shape.",112,112,USD,6,mm,6 mm,215.9,cm,"85″ × 26″
",66.04,cm,"85″ × 26″
",2.5854795837831466,kg,5.7 lbs,Cork,Grippy,Eco-Friendly; Non-Slip; Antimicrobial,,1,true,7263667257527,extra-long-cork-yoga-industrial-mat-the-imperial-eagle,42 Birds,,,2023-01-10T16:21:21-05:00,2023-01-27T09:14:39-05:00,https://cdn.shopify.com/s/files/1/0018/6777/6047/products/ImpEagle_XL.png?v=1675101883
42birds-cork-yoga-mat-massage-balls-and-yoga-block-bundle-the-flock,"Cork Lightweight Yoga Mat, Massage Balls and Yoga Block Bundle - ""The Flock""",42birds,"description
specifications
use & care



Why You'll Love It. Our signature bundle includes our lightweight Robin cork yoga mat, cork blocks, and massage balls — everything you need for a complete, eco-friendly practice at home or in the studio.
Key Features

Complete practice bundle: Our top-selling products to support movement, grounding, and recovery.
Superior cork grip: Natural cork surface provides strong traction that improves as you sweat.
Support + stability: Cork blocks offer firm, grounded support for balance, stretching, and alignment.
Recovery tools: Cork massage balls help release tension, improve mobility, and support muscle recovery.
Eco-conscious materials: Made with sustainable cork and eco-friendly foam, free from PVC and harsh chemicals.
Bundle value: Save when you buy the full set together.




Mat: 72″ × 26″ | 5 mm thick | 1.9 lbs

Top Material: 100% sustainable cork
Base Material: Eco-friendly, slip resistant foam (100% recyclable, free of PVC, plasticizers, and latex.)


Blocks: 9″ × 6″ × 4″ each
Massage Balls: (2) 60 mm + (1) 20 mm reflexology ball




Before first use: Unroll mat and allow it to lay flat.
During practice:

Place the cork side of the mat up — lightly mist with water for extra grip if needed.
Use the blocks to support your hands, hips, back, or body part to bring the ground closer to you.
Roll the balls on the areas of your body that you want to target.


Cleaning: Wipe mat and blocks with a damp cloth or natural mat spray.
Drying: Allow all cork products to fully air-dry before storing.
Storage: Store in a cool, dry place away from excess moisture.",148,148,USD,5,mm,5 mm,182.88,cm,72″ × 26″ ,66.04,cm,72″ × 26″ ,0.8618265279277155,kg,1.9 lbs,Cork,Grippy,Eco-Friendly; Non-Slip; Lightweight; Alignment Marks,,1,true,1056970407983,cork-yoga-mat-massage-balls-and-yoga-block-bundle-the-flock,42 Birds,,,2019-01-24T17:19:11-05:00,2024-03-05T17:34:00-05:00,https://cdn.shopify.com/s/files/1/0018/6777/6047/products/Flock_01.jpg?v=1645588227
42birds-cork-yoga-mat-and-two-block-bundle,Cork Lightweight Yoga Mat and Two-Block Bundle,42birds,"description
specifications
use & care



Why You'll Love It. This bundle pairs our top-selling Robin cork yoga mat with two cork blocks for added support, stability, and alignment — everything you need for a strong, eco-friendly practice at home or in the studio.
Key Features

Essential practice bundle: Includes a cork yoga mat and two cork yoga blocks for support, balance, and flexibility.
Superior cork grip: Natural cork surface provides traction that improves with moisture — ideal for all styles of yoga.
Stable, grounded support: Cork blocks offer firm, non-slip stability for balance, stretching, and alignment.
Lightweight but durable: Easy to carry to class while strong enough for daily practice.
Eco-conscious materials: Made with sustainable cork and an eco-friendly foam base, free from harsh chemicals.
Bundle savings: Save when you purchase the set together.




Mat: 72″ × 26″ | 5 mm thick | 1.9 lbs

Top Material: 100% sustainable cork
Base Material: Eco-friendly, slip resistant foam (100% recyclable, free of PVC, plasticizers, and latex.)


Blocks: 9″ × 6″ × 4″ each | 2.2 lbs




Before first use: Unroll mat and allow it to lay flat.
During practice:

Place the cork side of the mat up — lightly mist with water for extra grip if needed.
Use the blocks to support your hands, hips, back, or body part to bring the ground closer to you.


Cleaning: Wipe mat and blocks with a damp cloth or natural mat spray.
Drying: Allow all cork products to fully air-dry before storing.
Storage: Store in a cool, dry place away from excess moisture.",119,119,USD,5,mm,5 mm,182.88,cm,72″ × 26″ ,66.04,cm,72″ × 26″ ,0.8618265279277155,kg,1.9 lbs,Cork,Grippy,Eco-Friendly; Non-Slip; Lightweight; Alignment Marks,,1,true,1067263787055,cork-yoga-mat-and-two-block-bundle,42 Birds,,,2019-02-06T03:39:38-05:00,2024-03-05T17:33:46-05:00,https://cdn.shopify.com/s/files/1/0018/6777/6047/products/Flock_02.jpg?v=1645588128
42birds-cork-yoga-mat-and-massage-balls-bundle,Cork Lightweight Yoga Mat and Massage Balls Bundle,42birds,"description
specifications
use & care



Why You'll Love It. This bundle pairs our top-selling Robin cork yoga mat with cork massage balls, giving you the perfect combination for active practice and targeted recovery — wherever your flow takes you.
Key Features

Practice + recovery: Includes our Robin yoga mat and cork massage balls to support movement, mobility, and muscle release.
Superior cork grip: Natural cork surface improves traction with moisture for steady poses and safe stretching.
Targeted muscle relief: Cork massage balls help release tension, improve flexibility, and support recovery after practice.
Lightweight & portable: Easy to bring to the studio, home, or travel.
Eco-conscious materials: Made with sustainable cork and an eco-friendly foam base, free from PVC and harsh chemicals.
Bundle value: Save when you purchase this practice + recovery set together.




Mat: 72″ × 26″ | 5 mm thick | 1.9 lbs

Top Material: 100% sustainable cork
Base Material: Eco-friendly, slip resistant foam (100% recyclable, free of PVC, plasticizers, and latex.)


Massage Balls: (2) 60 mm + (1) 20 mm reflexology ball




Before first use: Unroll mat and allow it to lay flat.
During practice:

Place the cork side of the mat up — lightly mist with water for extra grip if needed.
Roll the balls on the areas of your body that you want to target.


Cleaning: Wipe mat and balls with a damp cloth or natural mat spray.
Drying: Allow all cork products to fully air-dry before storing.
Storage: Store in a cool, dry place away from excess moisture.",108,108,USD,5,mm,5 mm,182.88,cm,72″ × 26″ ,66.04,cm,72″ × 26″ ,0.8618265279277155,kg,1.9 lbs,Cork,Grippy,Eco-Friendly; Non-Slip; Lightweight; Travel,,1,true,1067263819823,cork-yoga-mat-and-massage-balls-bundle,42 Birds,,,2019-02-06T03:39:39-05:00,2023-01-22T13:12:37-05:00,https://cdn.shopify.com/s/files/1/0018/6777/6047/products/Flock_03.jpg?v=1645587777
42birds-cork-industrial-yoga-mat-and-two-block-bundle,Cork Industrial Yoga Mat and Two-Block Bundle,42birds,"description
benefits



the 42 Birds cork industrial yoga mat and yoga block bundle will complete your yoga and fitness routine. Fully sustainable and eco-friendly, the cork material is non-slip with anti-microbial and self-cleaning properties that resist mold, mildew and bad smells.
At 6mm thick, there is a comfortable natural rubber base. This mat is ideal for someone who likes extra padding and who enjoys the extra weight that rubber provides. With the feeling of nature beating within you, we wish you a pure and inspiring yoga practice.
Includes: 1 Cork Industrial Yoga Mat ""The Imperial Eagle"" and 2 Cork Blocks ""The Nuthatch.""

Specifications: Cork Industrial Mat = 72″ x 26” | 6mm thick | 5.5 lbs. | 4 in. diameter rolled | Cork Block = 9” x 6” x 4”, 2.2 lbs



The industrial cork yoga mat is suitable for all yoga practices. For hot yoga, you can go towel-free and will not need to deal with a smelly mat. In fact, when moisture is added, the grip increases!
Top side: 100% sustainable cork that provides a superior grip in both dry and wet conditions. Cork is naturally antimicrobial and self-cleaning.
Bottom side: Comfortable, 6mm natural rubber, which upholds our eco-conscious values – 100% recyclable, and free of PVC, plasticizers, and latex.
Attractive design will look good no matter where it is stored.
The cork yoga block provides a comfortable yet firm grip, not found in foam blocks. Built to be sturdy, grounding, non-slip, and safe for all postures. 
Save with the bundle set, instead of purchasing each individually!",139,139,USD,6,mm,6mm,182.88,cm,72″ x 26” ,66.04,cm,72″ x 26” ,2.4947610018960185,kg,5.5 lbs,Cork,Grippy,Eco-Friendly; Non-Slip; Antimicrobial,,1,true,7168914358455,cork-industrial-yoga-mat-and-two-block-bundle,42 Birds,Home & Garden,,2022-08-04T14:00:59-04:00,2024-03-05T17:33:20-05:00,https://cdn.shopify.com/s/files/1/0018/6777/6047/products/Flock_IE_IND_02.jpg?v=1659636216
42birds-cork-extra-long-yoga-mat-and-two-block-bundle,Cork Extra Long Yoga Mat and Two-Block Bundle,42birds,"description
benefits



the 42 Birds cork extra long yoga mat and yoga block bundle will complete your yoga and fitness routine. Fully sustainable and eco-friendly, the cork material is non-slip with anti-microbial and self-cleaning properties that resist mold, mildew and bad smells.
With cork, you can finally avoid toxins and chemicals via rubber/plastic, which are used in most yoga and fitness products. The beauty and elegance of cork will look great in your home and yoga studio.
Includes: 1 Cork Extra Long Yoga Mat ""The Robin"" and 2 Cork Blocks ""The Nuthatch.""

Specifications: Cork Extra Long Mat = 85″ x 26” | 5mm thick | 2.5 lbs. | 4 in. diameter rolled | Cork Block = 9” x 6” x 4”, 2.2 lbs



The extra long cork yoga mat is super light and offers perfect grip, even in the sweatiest yoga practices. In fact, when moisture is added, the grip increases!
The cork yoga block provides a comfortable yet firm grip, not found in foam blocks. Built to be sturdy, grounding, non-slip and safe for all postures. 
Save with the bundle set, instead of purchasing each individually!",128,128,USD,5,mm,5mm,215.9,cm,85″ x 26” ,66.04,cm,85″ x 26” ,1.1339822735890994,kg,2.5 lbs,Cork,Grippy,Eco-Friendly; Non-Slip,,1,false,7168916127927,cork-extra-long-yoga-mat-and-two-block-bundle,42 Birds,Home & Garden,,2022-08-04T14:23:44-04:00,2024-03-05T17:34:35-05:00,https://cdn.shopify.com/s/files/1/0018/6777/6047/products/Flock_XL_02.jpg?v=1659637445
42birds-all-natural-cork-yoga-mat,"100% Cork Yoga Mat ""The Woodpecker""",42birds,"description
benefits



For the purists out there, the 100% cork mat by 42 Birds contains only cork and nothing else. The sustainable cork is non-slip with natural anti-microbial properties that resist mold, mildew and bad smells.
With 5mm thickness of pure cork, this mat offers a more firm than soft cushioning. Complimentary cotton carrying and yoga mat strap included. With the feeling of nature beating within you, we wish you a pure and inspiring yoga practice.



Suitable for all styles of yoga. For hot yoga, you can go towel-free and will not need to deal with a smelly mat.
Top/bottom side: 100% sustainable cork that provides a superior grip in both dry and wet conditions. Cork is naturally antimicrobial and self-cleaning.
Attractive design will look good no matter where it is stored.

Specifications: 72″ x 24” | 5mm thick | 2.5 lbs. | 6 in. diameter rolled
Pro Tip: For extra grip, spray water on your mat in the area your hands and feet go before practice",84,84,USD,5,mm,5mm,182.88,cm,72″ x 24” ,60.96,cm,72″ x 24” ,1.1339822735890994,kg,2.5 lbs,Cork,Grippy,Eco-Friendly; Non-Slip; Antimicrobial,,1,false,1373992189999,all-natural-cork-yoga-mat,42 Birds,,,2019-09-03T10:30:49-04:00,2019-09-07T13:01:24-04:00,https://cdn.shopify.com/s/files/1/0018/6777/6047/products/100Cork.jpg?v=1645587150
aloyoga-w7092r-warrior-mat-black,Warrior Mat - Black,aloyoga,"This mat supports you literally and figuratively. Reach new levels of performance with our rigorously tested Warrior mat. Its luxe matte finish, oversized, slip-free design, and anti-odor & moisture-wicking qualities help you stay grounded through all your moves. It’s also 100% formaldehyde-free, non-toxic, and PVC-free, perfect for a clean practice and a peaceful movement session.",210,210,USD,5,mm,5mm,188.976,cm,6.2ft x 2.2ft ,67.05600000000001,cm,6.2ft x 2.2ft ,3.628743275485118,kg,8 lbs,Natural Rubber,,,Black; Smoky Quartz; Jungle; Eclipse; Espresso,1,true,4520937521270,w7092r-warrior-mat-black,Alo Yoga,Accessories:Mats,aloversary20off; b:1:Best Seller; BVCategory:Accessories; Color:Black:Color; ColorGroup:Black; Maintenance:ColorWayBot_mutate; Maintenance:ColorWayBot_upserted_me; Maintenance:ColorwayProduct; Maintenance:Deletepocalypse20; maintenance:wasfullprice; master-accessories-all; master-accessories-men; master-man-all; master-woman-all; Mats; not_clearance; pricing:fullprice; Retail:Load0717; SellThru_AS_2025; Status:ABestSeller; Status:Core; Status:MBestSeller; StyleId:W7092R; SuppressModelInfo; X:IsPublishedToOnlineStore; X:MemberOfSetConfig; YCRF_reviews:accessories; YGroup_W7092R,2020-06-03T17:22:29-07:00,2020-10-23T16:06:52-07:00,https://cdn.shopify.com/s/files/1/2185/2813/products/W7092R_01.jpg?v=1679077034
aloyoga-w7192r-warrior-mat-espresso,Warrior Mat - Espresso,aloyoga,"This mat supports you literally and figuratively. Reach new levels of performance with our rigorously tested Warrior mat. Its luxe matte finish, oversized, slip-free design, and anti-odor & moisture-wicking qualities help you stay grounded through all your moves. It’s also 100% formaldehyde-free, non-toxic, and PVC-free, perfect for a clean practice and a peaceful movement session.",210,210,USD,,,,,,,,,,,,,,,,Espresso,1,true,7850803429556,w7192r-warrior-mat-espresso,Alo Yoga,Accessories:Mats,BVCategory:Accessories; Color:Espresso:Color; ColorGroup:Brown; HO24; HO24D5-family; HO24Drops-family; Maintenance:ColorwayProduct; master-accessories-all; master-man-all; master-woman-all; not_clearance; pricing:fullprice; SellThru_AS_2025; Status:Carryover; StyleId:W7192R; X:IsPublishedToOnlineStore; YCRF_reviews:accessories; YGroup_W7192R,2024-09-19T15:27:10-07:00,2024-12-31T09:41:51-08:00,https://cdn.shopify.com/s/files/1/2185/2813/files/W7192R_04064_b1_s1_a1.jpg?v=1734041894
aloyoga-w7092r-warrior-mat-smoky-quartz,Warrior Mat - Smoky Quartz,aloyoga,"This mat supports you literally and figuratively. Reach new levels of performance with our rigorously tested Warrior mat. Its luxe matte finish, oversized, slip-free design, and anti-odor & moisture-wicking qualities help you stay grounded through all your moves. It’s also 100% formaldehyde-free, non-toxic, and PVC-free, perfect for a clean practice and a peaceful movement session.",210,210,USD,,,,,,,,,,,,,,,,Smoky Quartz,1,true,6239914524852,w7092r-warrior-mat-smoky-quartz,Alo Yoga,Accessories:Mats,aloversary20off; BVCategory:Accessories; Color:Smoky Quartz:Color; ColorGroup:Brown; Maintenance:CheckImages:not-enough-images-for-plp; Maintenance:ColorWayBot_mutate; Maintenance:ColorWayBot_upserted_me; Maintenance:ColorwayProduct; Maintenance:Incident0223; maintenance:wasfullprice; master-accessories-all; master-accessories-men; master-woman-all; Mats; not_clearance; pricing:fullprice; Retail:Load0717; SellThru_AS_2025; Status:Core; StyleId:W7092R; SuppressModelInfo; X:IsPublishedToOnlineStore; YCRF_reviews:accessories; YGroup_W7092R,2021-02-23T11:48:12-08:00,2020-06-04T18:05:33-07:00,https://cdn.shopify.com/s/files/1/2185/2813/products/W7192R_02512.jpg?v=1679076834
aloyoga-w7092r-warrior-mat-jungle,Warrior Mat - Jungle,aloyoga,"This mat supports you literally and figuratively. Reach new levels of performance with our rigorously tested Warrior mat. Its luxe matte finish, oversized, slip-free design, and anti-odor & moisture-wicking qualities help you stay grounded through all your moves. It’s also 100% formaldehyde-free, non-toxic, and PVC-free, perfect for a clean practice and a peaceful movement session.",210,210,USD,,,,,,,,,,,,,,,,Jungle,1,true,4416008716406,w7092r-warrior-mat-jungle,Alo Yoga,Accessories:Mats,aloversary20off; BVCategory:Accessories; Color:Jungle:Color; ColorGroup:Green; Maintenance:CheckImages:not-enough-images-for-plp; Maintenance:ColorWayBot_mutate; Maintenance:ColorWayBot_upserted_me; Maintenance:ColorwayProduct; maintenance:wasfullprice; master-accessories-all; master-accessories-men; master-man-all; master-woman-all; Mats; not_clearance; pricing:fullprice; Retail:Load0717; SellThru_AS_2025; Status:Core; StyleId:W7092R; SuppressModelInfo; X:IsPublishedToOnlineStore; YCRF_reviews:accessories; YGroup_W7092R,2020-02-17T15:30:47-08:00,2020-06-04T18:05:33-07:00,https://cdn.shopify.com/s/files/1/2185/2813/products/W7192R_01664.jpg?v=1679076888
aloyoga-a0029u-grounded-no-slip-towel-black,Grounded No-Slip Towel - Black,aloyoga,"Find stillness in every asana with the Grounded No-Slip Mat Towel. Soft front absorbs sweat for maximum comfort and stability. A silicone grip pattern backing sticks to your mat for a slip-free practice.

Soft & absorbent
Silicone pattern backing for added grip
Cool ALO logo",110,110,USD,,,,,,,,,,,,,,Grippy,Non-Slip,Black,1,true,4594792300662,a0029u-grounded-no-slip-towel-black,Alo Yoga,Accessories:Equipment:Towels,aloversary20off; BVCategory:Accessories; Color:Black:Color; ColorGroup:Black; Maintenance:ColorwayProduct; maintenance:wasfullprice; master-accessories-all; master-accessories-men; master-man-all; master-woman-all; not_clearance; pricing:fullprice; Status:Core; StyleId:A0029U; SuppressModelInfo; X:IsPublishedToOnlineStore; YCRF_reviews:accessories; YGroup_A0029U,2020-10-22T13:06:52-07:00,2020-11-17T12:44:22-08:00,https://cdn.shopify.com/s/files/1/2185/2813/products/A0029U_01_b1_a1.jpg?v=1679076522
aloyoga-a0779u-lightweight-warrior-mat-smoky-quartz,Lightweight Warrior Mat - Smoky Quartz,aloyoga,"You asked and we answered. The Warrior Mat now comes in a new lighter weight. It has the thickness and comfort of the classic Warrior Mat that you know and love, but it now comes in a lighter weight that makes it easy to go from car to class.",180,180,USD,,,,,,,,,,,,,,,Lightweight,Smoky Quartz,1,true,7902722719924,a0779u-lightweight-warrior-mat-smoky-quartz,Alo Yoga,Accessories:Mats,BVCategory:Accessories; Color:Smoky Quartz:Color; ColorGroup:Brown; ColorwayType:Limited; Maintenance:ColorwayProduct; master-accessories-all; not_clearance; One Size; pricing:fullprice; SP25D5-family; SP25Drops-family; SP25DropsColors-Family; Status:Carryover; StyleId:A0779U; SuppressModelInfo; X:IsPublishedToOnlineStore; YCRF_reviews:accessories; YGroup_A0779U,2024-12-20T16:25:13-08:00,2025-03-21T15:14:23-07:00,https://cdn.shopify.com/s/files/1/2185/2813/files/A0779U_02512_b1_s1_a1.jpg?v=1741700383
aloyoga-a0779u-lightweight-warrior-mat-black,Lightweight Warrior Mat - Black,aloyoga,"You asked and we answered. The Warrior Mat now comes in a new lighter weight. It has the thickness and comfort of the classic Warrior Mat that you know and love, but it now comes in a lighter weight that makes it easy to go from car to class.",180,180,USD,3,mm,3mm,188.976,cm,6.2ft x 2.2ft ,67.05600000000001,cm,6.2ft x 2.2ft ,2.267964547178199,kg,5 lbs,Natural Rubber,,Lightweight,Black; Smoky Quartz,1,true,7902722162868,a0779u-lightweight-warrior-mat-black,Alo Yoga,Accessories:Mats,BVCategory:Accessories; Color:Black:Color; ColorGroup:Black; Maintenance:ColorwayProduct; master-accessories-all; not_clearance; pricing:fullprice; SellThru_AS_2025; SP25D1-family; SP25Drops-family; Status:Carryover; StyleId:A0779U; SuppressModelInfo; X:IsPublishedToOnlineStore; YCRF_reviews:accessories; YGroup_A0779U,2024-12-20T16:25:13-08:00,2025-01-24T09:45:48-08:00,https://cdn.shopify.com/s/files/1/2185/2813/files/A0779U_01_b1_s1_a1_1.jpg?v=1737055083
aloyoga-a0029u-grounded-no-slip-towel-smoky-quartz,Grounded No-Slip Towel - Smoky Quartz,aloyoga,"Find stillness in every asana with the Grounded No-Slip Mat Towel. Soft front absorbs sweat for maximum comfort and stability. A silicone grip pattern backing sticks to your mat for a slip-free practice.

Soft & absorbent
Silicone pattern backing for added grip
Cool ALO logo",110,110,USD,,,,,,,,,,,,,,Grippy,Non-Slip,Smoky Quartz,1,true,4594792169590,a0029u-grounded-no-slip-towel-smoky-quartz,Alo Yoga,Accessories:Equipment:Towels,aloversary20off; BVCategory:Accessories; Color:Smoky Quartz:Color; ColorGroup:Brown; Maintenance:ColorwayProduct; maintenance:wasfullprice; master-accessories-all; master-accessories-men; master-woman-all; not_clearance; pricing:fullprice; SellThru_AS_2025; Status:Core; StyleId:A0029U; SuppressModelInfo; X:IsPublishedToOnlineStore; YCRF_reviews:accessories; YGroup_A0029U,2020-10-22T13:06:52-07:00,2020-11-17T12:44:21-08:00,https://cdn.shopify.com/s/files/1/2185/2813/products/A0029U_02512_b1_a1.jpg?v=1679076705
aloyoga-w7192r-warrior-mat-eclipse,Warrior Mat - Eclipse,aloyoga,"This mat supports you literally and figuratively. Reach new levels of performance with our rigorously tested Warrior mat. Its luxe matte finish, oversized, slip-free design, and anti-odor & moisture-wicking qualities help you stay grounded through all your moves. It’s also 100% formaldehyde-free, non-toxic, and PVC-free, perfect for a clean practice and a peaceful movement session.",210,210,USD,,,,,,,,,,,,,,,,Eclipse,1,true,4594792366198,w7192r-warrior-mat-eclipse,Alo Yoga,Accessories:Mats,aloversary20off; BVCategory:Accessories; Color:Eclipse:Color; ColorGroup:Blue; Maintenance:ColorwayProduct; maintenance:wasfullprice; master-accessories-all; master-accessories-men; master-man-all; master-woman-all; not_clearance; pricing:fullprice; SellThru_AS_2025; Status:Core; StyleId:W7092R; SuppressModelInfo; X:IsPublishedToOnlineStore; YCRF_reviews:accessories; YGroup_W7092R,2020-10-22T13:06:52-07:00,2023-10-10T09:57:50-07:00,https://cdn.shopify.com/s/files/1/2185/2813/products/W7192R_02597_b1_a1.jpg?v=1679077173
aloyoga-a0029u-grounded-no-slip-mat-towel-espresso,Grounded No-Slip Mat Towel - Espresso,aloyoga,"Find stillness in every asana with the Grounded No-Slip Mat Towel. Soft front absorbs sweat for maximum comfort and stability. A silicone grip pattern backing sticks to your mat for a slip-free practice.

Soft & absorbent
Silicone pattern backing for added grip
Cool ALO logo",110,110,USD,,,,,,,,,,,,,,Grippy,Non-Slip,Espresso,1,true,7850770464948,a0029u-grounded-no-slip-mat-towel-espresso,Alo Yoga,Accessories:Equipment:Towels,BVCategory:Accessories; Color:Espresso:Color; ColorGroup:Brown; HO24; HO24D5-family; HO24Drops-family; Maintenance:ColorwayProduct; master-accessories-all; master-man-all; master-woman-all; not_clearance; pricing:fullprice; SellThru_AS_2025; Status:Carryover; StyleId:A0029U; X:IsPublishedToOnlineStore; YCRF_reviews:accessories; YGroup_A0029U,2024-09-19T15:04:35-07:00,2024-12-31T09:41:45-08:00,https://cdn.shopify.com/s/files/1/2185/2813/files/A0029U_04064_b1_s1_a1.jpg?v=1734041976
aloyoga-a0029u-grounded-no-slip-towel-eclipse,Grounded No-Slip Towel - Eclipse,aloyoga,"Find stillness in every asana with the Grounded No-Slip Mat Towel. Soft front absorbs sweat for maximum comfort and stability. A silicone grip pattern backing sticks to your mat for a slip-free practice.

Soft & absorbent
Silicone pattern backing for added grip
Cool ALO logo",110,110,USD,,,,,,,,,,,,,,Grippy,Non-Slip,Eclipse,1,true,4594792071286,a0029u-grounded-no-slip-towel-eclipse,Alo Yoga,Accessories:Equipment:Towels,aloversary20off; BVCategory:Accessories; Color:Eclipse:Color; ColorGroup:Blue; Maintenance:ColorwayProduct; maintenance:wasfullprice; master-accessories-all; master-accessories-men; master-man-all; master-woman-all; not_clearance; pricing:fullprice; Status:Core; StyleId:A0029U; SuppressModelInfo; X:IsPublishedToOnlineStore; YCRF_reviews:accessories; YGroup_A0029U,2020-10-22T13:06:52-07:00,2020-11-17T12:44:20-08:00,https://cdn.shopify.com/s/files/1/2185/2813/products/A0029U_02597_b1_a1.jpg?v=1679076589
aloyoga-a0029u-grounded-no-slip-towel-jungle,Grounded No-Slip Towel - Jungle,aloyoga,"Find stillness in every asana with the Grounded No-Slip Mat Towel. Soft front absorbs sweat for maximum comfort and stability. A silicone grip pattern backing sticks to your mat for a slip-free practice.

Soft & absorbent
Silicone pattern backing for added grip
Cool ALO logo",110,110,USD,,,,,,,,,,,,,,Grippy,Non-Slip,Jungle,1,true,4594792136822,a0029u-grounded-no-slip-towel-jungle,Alo Yoga,Accessories:Equipment:Towels,aloversary20off; BVCategory:Accessories; Color:Jungle:Color; ColorGroup:Green; Maintenance:ColorwayProduct; maintenance:wasfullprice; master-accessories-all; master-accessories-men; master-man-all; master-woman-all; not_clearance; pricing:fullprice; SellThru_AS_2025; Status:Core; StyleId:A0029U; SuppressModelInfo; X:IsPublishedToOnlineStore; YCRF_reviews:accessories; YGroup_A0029U,2020-10-22T13:06:52-07:00,2020-11-17T12:44:21-08:00,https://cdn.shopify.com/s/files/1/2185/2813/products/A0029U_01664_b1_a1.jpg?v=1679076636
aloyoga-a0023u-duality-yoga-strap-black,Duality Yoga Strap - Black,aloyoga,"Meet the ultimate strap for street and studio. The Duality Yoga Strap makes carrying your mat easier than ever, with two sleek elastic panels that add the perfect bounce and adjustable looped ends that fit any-sized mat. Plus, it offers awesome support in practice, so you can find more length in every stretch. Done and done.
 
2-in-1 strap for mat-carrying and studio support
Light bounce for easy carrying
Adjustable looped ends fit any-sized mat",53,53,USD,,,,,,,,,,,,,,,,Black,1,true,4520939683958,a0023u-duality-yoga-strap-black,Alo Yoga,Accessories:Equipment:Straps,aloversary20off; BVCategory:Accessories; Color:Black:Color; ColorGroup:Black; Maintenance:ColorwayProduct; Maintenance:Deletepocalypse20; Maintenance:KeepMaster; maintenance:wasfullprice; Maintenance:WasMasterBefore; master-accessories-all; master-accessories-men; master-man-all; master-woman-all; not_clearance; pricing:fullprice; Retail:Load0717; SellThru_AS_2025; Status:Core; StyleId:A0023U; SuppressModelInfo; X:IsPublishedToOnlineStore; YCRF_reviews:accessories; YGroup_A0023U,2020-06-03T17:22:39-07:00,2019-12-19T09:59:08-08:00,https://cdn.shopify.com/s/files/1/2185/2813/products/A0023U_01_4.jpg?v=1616701649
ananday-ananday-cork-yoga-mat,Ananday Cork Yoga Mat,ananday,"Our bestselling Cork Yoga Mat — designed to support your body + our planet. Consciously made from plant-based, plastic-free materials — renewable cork + natural tree rubber. No plastic. No harsh chemicals. No toxins. 100% biodegradable.
The premium cork top layer releases an organic grip-enhancing substance when wet, making it even more slip-resistant with sweat — no towel necessary! And because cork is made from tree bark, it's naturally antimicrobial, preventing grime build-up and odors. The cork is fused with a cushioned tree rubber base for ultimate comfort to keep joints happy and healthy. Get ready for next level traction, support and stability, no matter how much you move or sweat.
Cork is one of the most earth-friendly materials available. No trees are cut down during harvest. The bark is stripped by hand every 9 years and regenerates itself. A harvested cork tree absorbs up to 5x more CO2 than one that isn’t cultivated.
 
""Perfect Grip! Best Mat! I have been practicing yoga for almost 15 years, have tried Manduka, Liforme, Jade, and the Ananday is my favorite. I love that it is sustainable. Definitely recommend!"" — Maria
""Best. Mat. Ever. Totally non-slip for sweaty hot yoga, supports sensitive knees (I often have to use a blanket for the knees, but not with this mat), great thickness, beautiful, well-made, biodegradable... I've tried so many mats, and this one is undoubtedly my favorite. Love at first use. Using these mats for the rest of my life!"" — Anton
""Finally, a yoga mat where my hands don't slip! I've had a hard time finding a yoga mat where my sweaty hands don't slide but this cork yoga mat did the trick!"" — Nick
1 mat = 1 tree planted 🌳 
 

Product details


72"" x 24"" x 4mm | 5.4 lbs
Renewable cork + natural tree rubber

Natural, non-toxic, plastic-free

Non-slip and sweat resistant

Rolls out flat and stays put
Unmatched comfort and stability 

Antimicrobial — goodbye funky odors
Reversible — flip to rubber side for extra traction
Plastic-free production and packaging

100% biodegradable (learn how we pack)

*Traction tip — spray water around hands and feet before practice for extra grip.
*Advanced tip — if you're practicing inversions like forearm stand and handstand and would like to maximize traction, flip the mat over.
Why cork?

Cork releases an organic grip-enhancing substance when wet so it gets even more grippy with sweat — no towel necessary!
Made from bark, which forms to protect trees, so it's naturally antimicrobial and stays earthy and fresh day in, day out.

Cork is one of the most earth-friendly materials. No trees are cut down during harvest. The bark is collected by hand every 9 years and regenerates itself. Cork oak trees can live up to 200 years and a harvested tree absorbs up to 5x more CO2 than one that isn’t cultivated. Cork trees support some of the world’s most biodiverse forests.
Practicing on materials from the earth is grounding. Our hands and feet have marma points (or energy pathways) that connect to the planet's subtle energy. Grounding balances biological rhythms, calms the nervous system, and helps our body heal.

Care


Roll your mat up loosely, careful to not fold or crease


Cork is naturally antimicrobial, preventing germ and odor buildup; for a deeper clean, simply spray with a natural mat cleaner and let dry

Cleaning recommended 1x weekly (more frequently with heated classes) to prevent body oils from building up and to keep the mat feeling fresh
Since this mat is biodegradable and will (eventually) decompose, prolong its life by avoiding direct sunlight and extended water exposure

With extensive use, surface cracking may occur — this is purely visual and does not affect the feel or durability of the mat


End of life

Cork and tree rubber are 100% biodegradable
If and when you're ready to part with your mat, consider a donation or drop it off at a recycling center
Our packaging is also biodegradable and recyclable — learn how we pack

Happiness guarantee
We're a small woman-owned brand committed to quality and sustainability. Our pieces are made from natural, sustainable, plant-based materials — no plastics, no toxins, 100% biodegradable and recyclable, including the packaging. We love our products and think you will too! But if you're not 100% satisfied with your purchase, return or exchange within 30 days, no questions asked.",108,108,USD,4,mm,4mm,182.88,cm,"72"" x 24"" ",60.96,cm,"72"" x 24"" ",2.4494017109524546,kg,5.4 lbs,Cork,Grippy,Eco-Friendly; Reversible; Non-Slip; Antimicrobial; Premium,,1,true,4420382163079,ananday-cork-yoga-mat,Ananday,Yoga & Pilates Mats,yoga mat,2019-12-16T20:03:59-05:00,2019-12-16T20:28:06-05:00,https://cdn.shopify.com/s/files/1/0277/3398/3367/files/Ananday_Cork_Yoga_Mat_transp_01_v7.png?v=1695955949
ananday-cork-yoga-mat-and-strap-set,Ground + Stretch Bundle,ananday,"Get ready to to ground your practice and deepen your flow. This bundle features our bestselling Cork Yoga Mat and Align Yoga Strap for effortless support, alignment, and sustainability.
Cork Yoga Mat
Ground your practice with our bestselling non-slip Cork Yoga Mat. Consciously made from renewable cork and natural tree rubber, 100% biodegradable, plastic-free, and non-toxic — because sustainability should feel as good as it looks.
The cork surface gets grippier with sweat, so no towel is needed, while naturally antimicrobial properties prevent grime and odor buildup to keep the mat earthy and fresh. With a cushioned natural rubber base for extra joint support, it’s made to support your body no matter how much you move or sweat.
Align Yoga Strap
Safely deepen postures while maintaining alignment. Designed with a fixed loop on one end for quick and easy adjustments. Seamlessly modify the strap length to support different modifications and stretches.
Made from 100% GOTS-certified organic cotton and lightweight brushed zinc (ding-resistant) components, it’s free of toxins, synthetics, and harsh dyes found in conventional yoga straps. Secure and non-slip even in the most sweaty circumstances.
Use a yoga strap to: increase flexibility, deepen stretches, assist with hard-to-reach asanas, enhance warm ups, strengthen and tone, and add challenge to workouts.
Not sure how to use a strap? Check out our FREE Block & Strap eBook →
1 product = 1 tree planted 🌳 
 
Details

Cork Yoga Mat: 72"" x 24"" x 4mm | 5.4 lbs
Align Yoga Strap: 6' | 0.3 lbs

Why use a strap?

Make new poses accessible
Safely modify postures
Improve alignment
(Safely) increase flexibility
Explore deeper variations
Build strength through resistance
Support release in a restorative practice

Care

Roll your mat up loosely, careful to not fold or crease
Cork is naturally antimicrobial, preventing germ and odor buildup; for a deeper clean, simply spray with a natural mat cleaner and let dry
Cleaning recommended 1x weekly, more frequently with heated classes, to keep the mat feeling fresh
With extensive use, surface cracking may occur — this is purely visual and does not affect the feel or durability of the mat
Align Yoga Strap: hand or machine washable, natural detergent recommended, hang or lay flat to air dry

End of life

Cork and tree rubber are 100% biodegradable
Organic cotton is compostable, metal parts are recyclable
No plastic is used in production or packaging — learn how we pack


Happiness guarantee
We're a small woman-owned brand committed to quality and sustainability. Our pieces are made from natural, sustainable, plant-based materials — no plastics, no toxins, 100% biodegradable and recyclable, including the packaging. We love our products and think you will too! But if you're not 100% satisfied with your purchase, return or exchange within 30 days, no questions asked.",110,110,USD,4,mm,4mm,182.88,cm,"72"" x 24"" ",60.96,cm,"72"" x 24"" ",2.4494017109524546,kg,5.4 lbs,Natural Rubber,Grippy,Eco-Friendly; Non-Slip; Lightweight; Alignment Marks; Antimicrobial,,1,false,6857887940772,cork-yoga-mat-and-strap-set,Ananday,Bundle,bundle; props; yoga mat,2021-07-29T14:03:28-04:00,2021-07-29T14:03:28-04:00,https://cdn.shopify.com/s/files/1/0277/3398/3367/files/Ananday_Ground_and_Stretch_Bundle_02_v11.png?v=1695957469
ananday-home-yoga-starter-set,Home Yoga Starter Set,ananday,"Transform any space into a sanctuary with our bestselling essentials bundle. All the pieces you need to support and elevate your flow. Includes our Cork Yoga Mat, Cork Yoga Block Set, and Align Yoga Strap – designed to gently hold space for your body (mind and soul) and meet you exactly where you are.
Cork Yoga Mat: Ground your practice with our bestselling non-slip Cork Yoga Mat. Consciously made from renewable cork and natural tree rubber, 100% biodegradable, plastic-free, and non-toxic — because sustainability should feel as good as it looks. The cork surface gets grippier with sweat, so no towel is needed, while naturally antimicrobial properties prevent grime and odor buildup to keep the mat earthy and fresh. With a cushioned natural rubber base for extra joint support, it’s made to support your body no matter how much you move or sweat.
Cork Yoga Block Set: Use two blocks together to stabilize both sides of your body, symmetrically deepen poses, and find balance through every transition. Made from high-density, sustainably harvested premium cork, these blocks offer a firm, non-slip grip — no toppling, no slipping, just steady, reliable support. Designed with softly rounded edges to comfortably fit the curves of your body. Adjustable to three heights for customizable stability. Whether you're working on improving flexibility, exploring inversions, supporting restorative poses, or strengthening and toning, our blocks moves with you, sweat and all.
Align Yoga Strap: Safely deepen postures while maintaining alignment. Designed with a fixed loop on one end for quick and easy adjustments. Seamlessly modify the strap length to support different modifications and stretches. Crafted from 100% GOTS-certified organic cotton and lightweight brushed zinc (ding-resistant) components, it’s free of toxins, synthetics, and harsh dyes found in conventional yoga straps. Secure and non-slip even in the most sweaty situations.


1 product = 1 tree planted 🌳 
 
Details

Cork Yoga Mat: 72"" x 24"" x 4mm | 5.4 lbs
2 Cork Yoga Blocks: 4” x 6” x 9” | 2 lbs each
Align Yoga Strap: 6' | 0.3 lbs



Why cork?


Cork releases an organic grip-enhancing substance when wet so it gets even more grippy with sweat — no towel necessary!
Made from bark, which forms to protect trees, so it's naturally antimicrobial and stays earthy and fresh day in, day out.

Cork is one of the most earth-friendly materials. No trees are cut down during harvest. The bark is collected by hand every 9 years and regenerates itself. Cork oak trees can live up to 200 years and a harvested tree absorbs up to 5x more CO2 than one that isn’t cultivated. Cork trees support some of the world’s most biodiverse forests.

Practicing on materials from the earth is grounding. Our hands and feet have marma points (or energy pathways) that connect to the planet's subtle energy. Grounding balances biological rhythms, calms the nervous system, and helps our body heal.


Care

Roll your mat up loosely, careful to not fold or crease
Cork is naturally antimicrobial, preventing germ and odor buildup; for a deeper clean, simply spray with a natural mat cleaner and let dry
Cleaning recommended 1x weekly, more frequently with heated classes — this helps prevent body’s oils from building up and keeps the mat feeling fresh
Align Yoga Strap: hand or machine washable, natural detergent recommended, hang or lay flat to air dry



End of life

Cork and tree rubber are 100% biodegradable
Organic cotton is compostable, metal parts are recyclable
No plastic is used in production or packaging — learn how we pack



Happiness guarantee
We're a small woman-owned brand committed to quality and sustainability. Our pieces are made from natural, sustainable, plant-based materials — no plastics, no toxins, 100% biodegradable and recyclable, including the packaging. We love our products and think you will too! But if you're not 100% satisfied with your purchase, return or exchange within 30 days, no questions asked.",150,150,USD,4,mm,4mm,182.88,cm,"72"" x 24"" ",60.96,cm,"72"" x 24"" ",2.4494017109524546,kg,5.4 lbs,Natural Rubber,Grippy,Eco-Friendly; Non-Slip; Lightweight; Alignment Marks; Antimicrobial; Premium,,1,false,5411332849828,home-yoga-starter-set,Ananday,Bundle,bundle; yoga mat,2020-07-03T22:35:57-04:00,2020-07-03T22:35:59-04:00,https://cdn.shopify.com/s/files/1/0277/3398/3367/files/Ananday_Home_Yoga_Starter_Set_05_v6.png?v=1771958231
ananday-ground-cleanse-bundle,Ground + Cleanse Bundle,ananday,"Pair our bestselling Cork Yoga Mat with the cleansing Salutation Spray, for a grounding ritual of connection and renewal. This combo speaks for itself!
Cork Yoga Mat: Root your flow into luxe, naturally supportive materials from the earth. Consciously made from renewable cork and natural tree rubber, it’s 100% biodegradable, plastic-free, and non-toxic — because sustainability should feel as good as it looks.
Did you know that our hands and feet have marma points (or energy pathways) that connect to the planet's subtle energy? Grounding balances biological rhythms, calms the nervous system, and helps our body heal.
The cork surface gets grippier with sweat, so no towel is needed, while antimicrobial properties prevent grime and odor buildup to keep the mat earthy and fresh day in, day out. With a cushioned natural rubber base for extra joint support, it’s made to hold space for your body (and mind) no matter how much you move or sweat.
Salutation Spray: All-natural, plant-based gentle yoga mat cleaner formulated to keep your mat fresh and your energy centered. Infused with a powerful blend of therapeutic-grade essential oils — including Lemon, Lime, Grapefruit, Sage, Lavender, Cedar, and more — this antimicrobial cleaner effectively cuts through grime, dirt, and oils without leaving a slippery residue or damaging your mat or prop surfaces.
Remove sweat, germs, and odors while clearing your space with uplifting notes of citrus and sage (goodbye negative vibes!). Perfect for setting the tone before practice or cleansing your mat after a well-earned flow. Simply spray, wipe, and enjoy a clean that’s as kind to your mat as it is to your senses (and our planet).
1 product = 1 tree planted 🌳 
 



Details

Cork Yoga Mat: 72"" x 24"" x 4mm | 5.4 lbs
Salutation Spray: 6 fl oz | 177 ml

Why cork?

Cork releases an organic grip-enhancing substance when wet so it gets even more grippy with sweat — no towel necessary!
Made from bark, which forms to protect trees, so it's naturally antimicrobial and stays earthy and fresh day in, day out.
Cork is one of the most earth-friendly materials. No trees are cut down during harvest. The bark is collected by hand every 9 years and regenerates itself. Cork oak trees can live up to 200 years and a harvested tree absorbs up to 5x more CO2 than one that isn’t cultivated. Cork trees support some of the world’s most biodiverse forests.
Practicing on materials from the earth is grounding. Our hands and feet have marma points (or energy pathways) that connect to the planet's subtle energy. Grounding balances biological rhythms, calms the nervous system, and helps our body heal.

Care

Roll your mat up loosely, careful to not fold or crease
To clean, spray the Salutation Spray, wipe down, and let dry
Cleaning recommended 1x weekly (more frequently with heated classes) to help prevent body oils from building up and keep your mat fresh

When your Salutation Spray is running low, we have a refill option!

End of life

Cork and tree rubber are 100% biodegradable
Aluminum is infinitely recyclable (fun fact: 75% of all aluminum ever produced is still in use today)
Sprayer is reusable and recyclable
Our packaging is also biodegradable and recyclable — learn how we pack


Happiness guarantee
We're a small woman-owned brand committed to quality and sustainability. Our pieces are made from natural, sustainable, plant-based materials — no plastics, no toxins, 100% biodegradable and recyclable, including the packaging. We love our products and think you will too! But if you're not 100% satisfied with your purchase, return or exchange within 30 days, no questions asked.",115,115,USD,4,mm,4mm,182.88,cm,"72"" x 24"" ",60.96,cm,"72"" x 24"" ",2.4494017109524546,kg,5.4 lbs,Natural Rubber,Grippy,Eco-Friendly; Non-Slip; Antimicrobial,,1,true,8089072763139,ground-cleanse-bundle,Ananday,Bundle,bundle; yoga mat,2023-06-02T21:50:17-04:00,2023-06-02T22:06:26-04:00,https://cdn.shopify.com/s/files/1/0277/3398/3367/files/Ananday_CorkMat_Cleaner_Bundle_01_v5.png?v=1738272795
ananday-cork-yoga-mat-block-set,Cork Yoga Mat + Block Set,ananday,"Turn your space into a grounded practice sanctuary with our bestselling Cork Yoga Mat + Cork Yoga Block Set. The essential duo for stability, alignment, and sweat-proof grip.
Cork Yoga Mat: Ground your practice with our bestselling non-slip Cork Yoga Mat. Consciously made from renewable cork and natural tree rubber, 100% biodegradable, plastic-free, and non-toxic — because sustainability should feel as good as it looks.
The cork surface gets grippier with sweat, so no towel is needed, while naturally antimicrobial properties prevent grime and odor buildup to keep the mat earthy and fresh day in, day out. With a cushioned natural rubber base for extra joint support, it’s made to support your body no matter how much you move or sweat.
Cork Yoga Block Set: Use two blocks together to stabilize both sides of your body, symmetrically deepen poses, and find balance through every transition. Made from high-density, sustainably harvested premium cork, these blocks offer a firm, non-slip grip — no toppling, no slipping, just steady, reliable stability. Designed with softly rounded edges to comfortably fit the curves of your body. Adjustable to three heights to meet you where you are. Whether you're improving flexibility, exploring inversions, melting into restorative poses, or strengthening and toning, our blocks keep you steady — pose after pose.


1 product = 1 tree planted 🌳 
 
Details

Cork Yoga Mat: 72"" x 24"" x 4mm | 5.4 lbs
2 Cork Yoga Blocks: 4” x 6” x 9” | 2 lbs each




Why cork?


Cork releases an organic grip-enhancing substance when wet so it gets even more grippy with sweat — no towel necessary!
Made from bark, which forms to protect trees, so it's naturally antimicrobial and stays earthy and fresh day in, day out.

Cork is one of the most earth-friendly materials. No trees are cut down during harvest. The bark is collected by hand every 9 years and regenerates itself. Cork oak trees can live up to 200 years and a harvested tree absorbs up to 5x more CO2 than one that isn’t cultivated. Cork trees support some of the world’s most biodiverse forests.

Practicing on materials from the earth is grounding. Our hands and feet have marma points (or energy pathways) that connect to the planet's subtle energy. Grounding balances biological rhythms, calms the nervous system, and helps our body heal.


Care

Roll your mat up loosely, careful to not fold or crease.
Cork is naturally antimicrobial, preventing germ and odor buildup; for a deeper clean, simply spray with a natural mat cleaner and let dry.
Cleaning recommended 1x weekly, more frequently with heated classes — this helps prevent body’s oils from building up and keeps the mat feeling fresh.




End of life

Cork and tree rubber are 100% biodegradable.

No plastic is used in production or packaging — learn how we pack.



Happiness guarantee
We're a small woman-owned brand committed to quality and sustainability. Our pieces are made from natural, sustainable, plant-based materials — no plastics, no toxins, 100% biodegradable and recyclable, including the packaging. We love our products and think you will too! But if you're not 100% satisfied with your purchase, return or exchange within 30 days, no questions asked.",129,129,USD,4,mm,4mm,182.88,cm,"72"" x 24"" ",60.96,cm,"72"" x 24"" ",2.4494017109524546,kg,5.4 lbs,Cork,Grippy,Eco-Friendly; Non-Slip; Alignment Marks; Antimicrobial; Premium,,1,true,9316325196035,cork-yoga-mat-block-set,Ananday,Bundle,bundle; props; yoga mat,2026-02-23T14:13:35-05:00,2026-02-24T13:36:17-05:00,https://cdn.shopify.com/s/files/1/0277/3398/3367/files/Ananday_Cork_Mat_Block_Set_01.png?v=1771958231
b-yoga-gripster-towel-1,gripster towel,b-yoga,"Sweat is our body's natural cooling system.Power through, sweat hard, and don't hold back. Your Gripster yoga mat provides the support and security you need during any sweaty venture.This super absorbent quick-drying towel features a wet-grip top and silicone grips on its base to ensure it stays in place as you move through your class, workout, or flow.Never let a sweaty mat and the fear of slipping hold you back again.",74,74,USD,,,,,,,,,,,,,,Grippy,Eco-Friendly; Non-Slip,charcoal; rouge; ink wash,3,false,9530076823859,gripster-towel-1,"b, halfmoon",blankets & towels,blanket_&_towels; eco; movement; movement prop; pre-order; spo-default; spo-enabled; yoga,2024-10-15T17:11:06-04:00,2024-10-15T18:45:50-04:00,https://cdn.shopify.com/s/files/1/0743/1172/9459/files/gripster-towel-swatch-charcoal-1_952f57df-15e7-4b95-854d-84bf3591414b.jpg?v=1756824229
b-yoga-b-mat-strong-6mm,"b, mat strong 6mm",b-yoga,"b, halfmoon: original creators of the B MAT—now with a new logo, always the same mat.
First you will notice the grip, then you will notice the cushion, then you will bask in both. Our thickest and most cushioned b, mat, the b, mat strong offers 6mm of support making it perfect for those seeking a little extra comfort between the body and the floor during any style practice. 100% rubber is they key to this super grippy yoga mat’s success. Regardless of your style of movement, the b, mat allows the body to find stability and grounding even as you sweat and shift throughout class. Embrace the mind’s ability to stay present, when you don't have to worry about slipping. This rubber composition also makes the b, mat durable so you can move, twist, transition, fly, and flow knowing your mat is maintaining a strong structure along the way.
Stay cushioned in your holds, stable as you sweat, and present as you move.",144,144,USD,6,mm,6mm,,,,,,,,,,Natural Rubber,Grippy,Eco-Friendly; Non-Slip,cacao; deep blue; ocean green; deep purple; charcoal; black; dusty mauve; solar orange,8,true,8690952208691,b-mat-strong-6mm,"b, halfmoon","b, mats",best_seller; eco; fitness; mats; movement; pilates; spo-default; spo-disabled; yoga,2023-09-25T19:48:04-04:00,2023-09-25T20:44:29-04:00,https://cdn.shopify.com/s/files/1/0743/1172/9459/files/1128-bmat-strong-swatch-cacao-1.png?v=1766620847
b-yoga-b-mat-everyday-4mm,"b, mat everyday 4mm",b-yoga,"b, halfmoon: original creators of the B MAT—now with a new logo, always the same mat.
Bring your practice onto your b, mat with stability and confidence. This eco-friendly yoga mat has been designed with any movement in mind. Whether you're swiftly moving through a fast-paced power flow, or sinking deeply into a restorative practice, the b, mat everyday’s combination of super grip and 4mm of cushion keeps each movement slip-free and supported.
The 100% rubber material gives our coveted b, mat it’s powerful grippy surface. With this mat you can feel assured that your hands and feet will stay planted and grounded, as you breathe, sink in, and move through your practice.
Be present, be powerful, we have you supported. The b, mat will forever change your practice.",124,124,USD,4,mm,4mm,,,,,,,,,,Natural Rubber,Grippy,Eco-Friendly; Non-Slip,deep blue; ocean green; charcoal; cacao; deep purple; black; solar orange; dusty mauve,8,true,8690877530419,b-mat-everyday-4mm,"b, halfmoon","b, mats",best_seller; eco; fitness; mats; movement; spo-default; spo-disabled; spo-enabled; yoga,2023-09-25T19:12:19-04:00,2023-09-25T20:32:46-04:00,https://cdn.shopify.com/s/files/1/0743/1172/9459/files/bmat-everyday-swatch-deep-blue-1_d76a468a-7b09-4f56-a017-f49a381b2bd9.jpg?v=1766620975
b-yoga-b-mat-traveller-2mm,"b, mat traveller 2mm",b-yoga,"b, halfmoon: original creators of the B MAT—now with a new logo, always the same mat.
Find grip, grounding, and movement wherever life takes you. At 2mm thick, this compact and lightweight b, mat was designed for those who love to wanderlust and catch movement wherever they go. With the ability to roll or fold the b, mat traveller allows you to pack up into a bag, or place into your luggage carry-on.
What sets this travel yoga mat apart is the fact that even with its convenient size and weight, it does not compromise on grip and quality. The most raved about aspect of the b, mat is that it is the grippiest yoga mat out there. 100% rubber is the key to this super grippy yoga mat’s success. Regardless of your style of movement, the b, mat allows the body to find stability and grounding even as you sweat and shift throughout the class. Embrace the mind’s ability to stay present, when you don't have to worry about slipping. This rubber composition also makes the b, mat durable so you can move, twist, transition, fly, and flow knowing your mat is maintaining a strong structure along the way.
Find movement and flow confidently wherever you wander.",98,98,USD,2,mm,2mm,,,,,,,,,,Natural Rubber,Grippy,Eco-Friendly; Non-Slip; Lightweight; Travel,black; cacao; ocean green; deep blue; deep purple; charcoal; solar orange,7,true,8690984354099,b-mat-traveller-2mm,"b, halfmoon","b, mats",eco; fitness; mats; movement; on_the_go; spo-default; spo-disabled; yoga,2023-09-25T20:00:05-04:00,2024-10-19T12:59:58-04:00,https://cdn.shopify.com/s/files/1/0743/1172/9459/files/bmat-traveller-swatch-black-1_0070f2a1-e212-4000-ba3d-115ecfbd35c8.jpg?v=1756824411
b-yoga-b-mat-impact,"b, mat impact",b-yoga,"b, halfmoon: original creators of the B MAT—now with a new logo, always the same mat.
This thick, durable, supportive mat with recycled content is almost as tough as you are. Designed for dynamic and high-impact modalities, the 100% complex NBR foam with a bevelled edge and ribbed texture provide greater support and cushioning than standard yoga-style mats. Are you a big fan of comfort? This mat can also double as a super-soft and ultra-comfortable yoga or meditation mat.
Created for both indoor and outdoor use, you can have confidence that this mat will support you wherever your next workout takes you.
May your next workout be as strong, confident, and powerful as you are, along with your mat. And don't be fooled, this superior cushion is also highly coveted for restful practices too.",112,112,USD,,,,,,,,,,,,,NBR,Textured,Eco-Friendly,slate; balanced beige,2,true,8576402194739,b-mat-impact,"b, halfmoon","b, mats",eco; fitness; mats; movement; pilates; yoga,2023-08-29T18:48:45-04:00,2023-08-29T19:13:16-04:00,https://cdn.shopify.com/s/files/1/0743/1172/9459/files/bmat-impact-swatch-slate-1_d0db43a0-ad5a-4823-8094-d413b962a1a5.jpg?v=1756824653
b-yoga-b-mat-everyday-long-4mm,"b, mat everyday long 4mm",b-yoga,"b, halfmoon: original creators of the B MAT—now with a new logo, always the same mat.
Perfect for those taller in stature or if you simply like to flow with more room. The b, mat everyday long has 14” more b, mat than the standard length, so you can practice and move with space, stability, and confidence. This eco-friendly yoga mat has been designed with any movement in mind. Whether you're swiftly moving through a fast-paced power flow, or sinking deeply into a restorative practice, the b, mat everyday’s combination of super grip and 4mm of cushion keeps each movement slip-free and supported.
The 100% rubber material gives our coveted b, mat its powerful grippy surface. It is also the reason this mat is durable and eco-friendly. With this mat, you can feel assured that your hands and feet will stay planted and grounded, as you breathe, sink in, and move through your practice.
Be big, be bold, and flow confidently. The b, mat will forever change your practice.",136,136,USD,4,mm,4mm,,,,,,,,,,Natural Rubber,Grippy,Eco-Friendly; Non-Slip,cacao; ocean green; deep blue; charcoal,4,true,8691115196723,b-mat-everyday-long-4mm,"b, halfmoon","b, mats",best_seller; eco; fitness; mats; movement; spo-default; spo-disabled; yoga,2023-09-25T20:25:46-04:00,2023-11-03T20:19:49-04:00,https://cdn.shopify.com/s/files/1/0743/1172/9459/files/1128-bmat-everyday-long-swatch-cacao-1.png?v=1756824409
b-yoga-b-mat-cork,"b, mat cork",b-yoga,"b, halfmoon: original creators of the B MAT—now with a new logo, always the same mat.
Featuring natural cork on top and natural rubber on the bottom, this duo allows you to grip, ground, and grow as you move and flow at home, in the studio, or at the gym. The superior grip is at its most optimal when dampened before or during practice.
Great for your practice and great for the planet, this mat is made from natural renewable resources on both the top and bottom, giving you confidence in knowing that even after a long and durable life, your yoga mat will biodegrade at the end of its lifecycle.
Good for your practice. Good for the planet.",116,116,USD,,,,,,,,,,,,,Cork,Grippy,Eco-Friendly; Non-Slip,cork,1,true,9019930214707,b-mat-cork,"b, halfmoon","b, mats",mats; movement,2024-03-19T22:36:53-04:00,2024-03-19T22:59:42-04:00,https://cdn.shopify.com/s/files/1/0743/1172/9459/files/b-mat-cork-swatch-cork-1.jpg?v=1756824302
b-yoga-b-mat-strong-long-6mm,"b, mat strong long 6mm",b-yoga,"b, halfmoon: original creators of the B MAT—now with a new logo, always the same mat.
It’s right in the title, long and strong. At 14” longer than our standard length, this yoga mat allows those who are taller or those who love to spread out a little longer, to move more expansively without having to think about shifting or extending beyond the mat. Our thickest and most cushioned b, mat, the b, mat strong offers 6mm of support making it perfect for those seeking a little extra comfort between the body and the floor during any style practice.
Now the grip. The most raved about aspect of the b, mat is that is is the grippiest yoga mat out there. 100% rubber is they key to this super grippy yoga mat’s success. Regardless of your style of movement, the b, mat allows the body to find stability and grounding even as you sweat and shift throughout class. Embrace the mind’s ability to stay present, when you don't have to worry about slipping. This rubber composition also makes the b, mat durable so you can move, twist, transition, fly, and flow knowing your mat is maintaining a strong structure along the way.
Embrace the strong, long, and stable yoga life. The b, mat will forever change your practice.",154,154,USD,6,mm,6mm,,,,,,,,,,Natural Rubber,Grippy,Eco-Friendly; Non-Slip,ocean green; cacao; deep blue; charcoal,4,true,8691116507443,b-mat-strong-long-6mm,"b, halfmoon","b, mats",best_seller; eco; fitness; mats; movement; spo-default; spo-disabled; yoga,2023-09-25T20:25:52-04:00,2023-11-03T20:19:17-04:00,https://cdn.shopify.com/s/files/1/0743/1172/9459/files/bmat-strong-long-swatch-ocean-green-1_d436a3d2-b35c-4c87-853f-5658e4d93040.jpg?v=1756824407
b-yoga-the-b-mat-mini,"The b,mat mini",b-yoga,"Our original B MAT—vintage look, the same unprecedented grip and performance.The B MAT Mini supports your budding yogi from their puppy pose, to their tall standing tree pose. Part of our specialized yoga mat collection, the B MAT Mini offers all the benefits you know and love in a B MAT but now tailored to the mini-yogi. 
FEATURES


Superior grip


Durable

Oeko-Tex certified: free of harmful chemicals and safe for human use.

Eco-friendly


Anti-microbial properties


Made of natural, biodegradable materials that can be recycled



SPECS


55” x 23” 


2.5 lbs


4mm thickness


100% rubber


Made in Spain



PRODUCT CARE 


Clean the mat gently with water and mild detergent and rinse clean


Wipe dry, lay flat and allow to air dry out of direct sunlight with the logo side facing up 


Avoid harsh chemicals or abrasives as this can compromise the integrity of the mat surface


Allow the mat to dry completely before use


Pre or post practice, roll your mat with the logo side facing out as this will help maintain your mat’s grippiness


Avoid heavy sliding or movements that cause friction, as this may lead to the surface breaking down quicker


*For ages 4 and older.",51,51,USD,4,mm,4mm,139.7,cm,"55” x 23” 


",58.42,cm,"55” x 23” 


",1.1339822735890994,kg,2.5 lbs,Natural Rubber,Grippy,Eco-Friendly; Non-Slip,Sunrise Red,1,true,8597697102131,the-b-mat-mini,B Yoga,mats,heritage; mats; nowaste; Outlet; spo-cs-disabled; spo-default; spo-disabled; spo-notify-me-disabled,2023-09-08T14:58:03-04:00,2023-09-08T15:01:35-04:00,https://cdn.shopify.com/s/files/1/0743/1172/9459/products/541_PriceBreak_1764.jpg?v=1756824435
b-yoga-essentials-tote,essentials tote,b-yoga,"Mat, towel, water bottle, change of clothes… you name it, your mat bag fits it.
Transport your mat and class essentials easily and conveniently using this lightweight, durable, and spacious canvas bag. With its extra-large interior and straps long enough to sling over your shoulder, place everything you need inside and head out for the day.
Designed with 100% cotton canvas, we've elevated this minimal and simple natural  tote with a base of our b,halfmoon branded, sunset-inspired, solar orange.
One bag to fulfill all your needs.",98,98,USD,,,,,,,,,,,,,,,Lightweight,natural / solar orange,1,false,9237003764019,essentials-tote,"b, halfmoon",bags & carriers,apparel; bags; bags_&_carriers; movement_accessories; new; on_the_go,2024-05-13T14:12:14-04:00,2024-06-04T11:03:00-04:00,https://cdn.shopify.com/s/files/1/0743/1172/9459/files/essentials-tote-natural-solar-orange-1-870x1096_18d5d2c3-8d7f-4086-a296-ae10ca48a171.jpg?v=1756824283
b-yoga-everything-tote,everything tote,b-yoga,"The only bag you need. 
From routine outings to OOO adventures, carrying your must-haves (and much, much more) just got easier. Crafted from durable canvas, this extra-large, functional tote features snug pouches and zip-up pockets for on-the-go organization. 
With sturdy handles and intentional design, it's made to support your evolving lifestyle and carry you through your day, no matter where you go. Pack your laptop, yoga mat, water bottle and everything in between. 
Embrace your essentials.",88,88,USD,,,,,,,,,,,,,,,,natural,1,false,8576413598003,everything-tote,"b, halfmoon",bags & carriers,apparel; bags; bags_&_carriers; movement_accessories; new,2023-08-29T18:57:13-04:00,2023-08-29T19:10:54-04:00,https://cdn.shopify.com/s/files/1/0743/1172/9459/files/everything-tote-swatch-natural-1_63504652-a5ef-4e6b-8567-56edd64b5454.jpg?v=1756824494
gaiam-05-61028_2,Performance Dry-Grip Yoga Mat (5mm),gaiam,"Get deeper into your posture during a hot yoga practice when you’re slip- and worry-free on our Performance Dry-Grip Yoga mat from our premium line of yoga mats created for yogis, by yogis. This mat is created with a topcoat that promises to wick away moisture and provide a better grip as temperatures in class rise. The rubber-free construction is also perfect for those with latex sensitivity. And with 5mm of cushioning, it’s also soft on your joints. Manufactured free of the top six most harmful phthalates, this mat is a healthy choice for both you and the planet.
 Our best-selling yoga mat No-slip mat ideal for hot yoga Wicks away moisture to secure your grip 5mm of premium cushion Supports you and your joints Lightweight and durable  Rubber, Latex, and 6P free Comes with our lifetime guarantee 
Professional Quality: Our performance line of professional quality products are designed by yogis, for yogis, and created to inspire mindful movement. These products are designed with care and attention to high-quality materials, thoughtful design, and durable construction. Whether for personal or professional use, these products are built to last. Find the perfect mat or accessory that’s right for you and shop the rest of our Performance Line.
Measurements: 68""L x 24""W x 5mm; 4.25lbs. 
Materials: PVC. Latex-Free.  6P Free: Free of DEHP, DBP, BBP, DINP, DIDP, and DNOP phthalates.
Care Instructions: Yoga mats release a very strong but harmless odor when first unwrapped. Please unroll and air out your mat for 2-3 days before use. Spot clean with our Yoga Mat Wash or damp cloth with cold water and mild detergent. Dry flat. The mat may fade and become brittle and unusable if exposed to the sun for extended periods of time. We recommend storing your mat in a mat bag when not in use. Learn more about How to Remove That New Yoga Mat Smell.",69.98,69.98,USD,5,mm,5mm,172.72,cm,"68""L x 24""W",60.96,cm,"68""L x 24""W",1.927769865101469,kg,4.25lbs,Natural Rubber,Grippy,Eco-Friendly; Non-Slip; Lightweight; Premium,black; purple; blue,3,true,9130974913,05-61028_2,Gaiam,Yoga/Yoga Mats,5mm; Material- Latex Free; Performance Line; Size- Standard; Style- Printed,2017-04-04T18:15:06-06:00,2017-04-04T18:15:00-06:00,https://cdn.shopify.com/s/files/1/1728/2157/products/05-61682-SOL-DryGrip-Purple_A.jpg?v=1569291454
gaiam-05-61626,Performance Longer/Wider Dry-Grip Yoga Mat (5mm),gaiam,"You will be slip- and worry-free on our Performance Longer and Wider Dry-Grip Yoga mat from our premium line of yoga mats created for yogis, by yogis. 10"" longer and 2"" inches wider than standard mats, with a topcoat that promises to wick away moisture and provide a better grip as temperatures rise. The rubber-free construction is perfect for those with latex sensitivities.

10"" longer and 2"" wider than standard yoga mats
Wicks away moisture to secure your grip
Ideal for hot yoga
5mm of premium cushioning
Lightweight and durable
Ideal for home and studio use
Comes with our lifetime guarantee


Professional Quality: Our performance line of professional quality products are designed by yogis, for yogis, and created to inspire mindful movement. These products are designed with care and attention to high-quality materials, thoughtful design, and durable construction. Whether for personal or professional use, these products are built to last. Find the perfect mat or accessory that’s right for you and shop the rest of our Performance Line.
Measurements: 78""L x 26""W x 5mm; 5lbs.
Materials: PVC. Latex-Free. 
Care Instructions: Yoga mats release a very strong but harmless odor when first unwrapped. Please unroll and air out your mat for 2-3 days before use. Spot clean with a damp cloth with cold water and mild detergent. Dry flat. The mat may fade and become brittle and unusable if exposed to the sun for extended periods of time. We recommend storing your mat in a mat bag when not in use. Learn more about How to Remove That New Yoga Mat Smell.",74.98,74.98,USD,5,mm,5mm,198.12,cm,"78""L x 26""W",66.04,cm,"78""L x 26""W",2.267964547178199,kg,5lbs,Natural Rubber,Grippy,Eco-Friendly; Non-Slip; Lightweight; Premium,,1,true,9130977793,05-61626,Gaiam,Yoga/Yoga Mats,5mm; Material- Latex Free; Performance Line; Size- Longer/Wider; Style- Printed,2017-04-04T18:16:37-06:00,2017-04-04T18:16:00-06:00,https://cdn.shopify.com/s/files/1/1728/2157/products/05-61028_A_d484d858-4a99-416e-8a06-36cb3e351823.jpg?v=1553118361
gayo-yoga-cork-mat,Eco-Friendly Cork Yoga Mat,gayo,"Find Your Balance with Earthy Comfort
Experience the perfect blend of comfort, support, and sustainability with Gayo's Premium Cork Yoga Mat with Enhanced Grip. Designed to elevate your yoga practice, this high-grip cork yoga mat for home workouts offers ample room to stretch, flow, and meditate.
 Its added thickness cushions your joints for enhanced support during your most challenging poses, making it an ideal choice for eco-friendly yoga enthusiasts seeking performance and durability.


Earthy Comfort: The cork surface yoga mat provides a soft yet firm texture for excellent joint cushioning.
Spine Aligned: Built-in alignment lines help improve posture.
Bigger & Thicker: This durable cork yoga mat for all levels of practice features a spacious design for extra support.

Non-Slip Performance: Enjoy the superior performance of this sustainable cork yoga mat with a non-slip surface, ensuring stability during practice.

Durable & Sustainable: Made from sustainably sourced cork and natural rubber, our product is an eco-conscious choice. Ideal for home use, it offers both comfortable cork surface benefits and exceptional grip.

This cork yoga mat is ideal for practice at any level, offering exceptional durability and stability. Its sustainable cork surface ensures a top-notch experience, enhancing your practice with reliable support and eco-friendly benefits.",69.97,69.97,USD,5,mm,5mm,182.88,cm,"72"" x 26"" ",66.04,cm,"72"" x 26"" ",3.175150366049478,kg,7 lbs,Cork,Textured,Eco-Friendly; Non-Slip; Alignment Marks; Premium,,1,true,7676617392310,yoga-cork-mat,Gayo,Yoga Mat,all; eco friendly yoga mat; Eco-Friendly Yoga Gear; large yoga mat; Organic Yoga Mat; Sustainable Yoga Gear; sustainable yoga mat; Yoga Accessories; Yoga Gift; Yoga Gift for friend; Yoga Gift for men; Yoga Gift for Mom; Yoga Gift for myself; Yoga Gift for sister; Yoga Gift for wife; yoga gift for women; yoga mat,2023-10-02T21:08:22-04:00,2023-10-02T21:08:22-04:00,https://cdn.shopify.com/s/files/1/0622/9694/8918/files/Eco_Friendly_Cork_Yoga_Mat.jpg?v=1741471781
gayo-eco-friendly-non-slip-yoga-mat-5mm,Eco Balance Yoga Mat- 5mm,gayo,"Stability, Comfort & Sustainability in Every Pose
Looking for a yoga mat that’s comfortable, durable, and easy to carry? The Eco Balance Yoga Mat 5 mm delivers just that, combining eco-friendly materials with superior grip for a stable and reliable practice.
 Made from natural tree rubber and high-performance Eco-polyurethane, this non-toxic, sustainable yoga mat supports all styles of yoga, from active flows to restorative sessions. Its 5 mm thickness provides balanced cushioning to protect your joints while maintaining a grounded feel.
 Lightweight and portable, it’s perfect for home workouts, studio classes, or outdoor yoga sessions, making it a top choice for buyers who value performance, sustainability, and convenience.


 Your Practice, Your Planet – Made with natural rubber and free from harmful toxins.

Enhanced Performance – ""EcoLock Surface Technology"" keeps you stable, even in sweaty sessions.

Alignment Lines for Precision – Helps maintain perfect posture, refine your form, and deepen your practice

Lightweight & Portable – Easy to carry with the included strap for on-the-go yoga.

Aesthetic & Functional Design - In Soft & Calming Colors this mat is designed to create a peaceful, focused environment.

Designed for yogis of all levels, this mat brings comfort and confidence to every practice. Elevate your flow with a mat that’s as mindful as your movements.. Designed to last, reducing waste over time.",79.9,79.9,USD,5,mm,5mm,182.88,cm,"72"" x 26"" ",66.04,cm,"72"" x 26"" ",,,,Natural Rubber,Grippy,Eco-Friendly; Non-Slip; Lightweight; Alignment Marks,,1,true,8158717542582,eco-friendly-non-slip-yoga-mat-5mm,Gayo,Yoga Mat,all; eco friendly yoga mat; Eco-Friendly Yoga Gear; large yoga mat; Organic Yoga Mat; Sustainable Yoga Gear; sustainable yoga mat; Yoga Accessories; Yoga Gift; Yoga Gift for friend; Yoga Gift for men; Yoga Gift for Mom; Yoga Gift for myself; Yoga Gift for sister; Yoga Gift for wife; yoga gift for women; yoga mat,2025-02-28T16:45:34-05:00,2025-03-07T10:22:56-05:00,https://cdn.shopify.com/s/files/1/0622/9694/8918/files/Eco-friendly_non_slip_yoga_mat.jpg?v=1741361846
gayo-eco-balance-yoga-mat-5-mm,Eco Balance Pro Yoga Mat- 5 mm,gayo,"Stability, Comfort & Sustainability in Every Pose
Move with confidence on a mat designed for grip, durability, and eco-friendly performance. Made from natural tree rubber and high-performance Eco-polyurethane, this non-toxic mat provides excellent traction and support for all styles of yoga.
 With a 5 mm thickness for optimal cushioning, it’s the perfect choice if you’re wondering “what thickness yoga mat should I get?”
 Featuring alignment lines for precision and a lightweight, portable design, it’s an ideal yoga mat for home practice or studio and outdoor yoga workouts.


 Your Practice, Your Planet – Made with natural rubber and free from harmful toxins.

Enhanced Performance – ""EcoLock Surface Technology"" keeps you stable, even in sweaty sessions.

Alignment Lines for Precision – Helps maintain perfect posture, refine your form, and deepen your practice

Lightweight & Portable – Easy to carry with the included strap for on-the-go yoga.

Aesthetic & Functional Design - In Soft & Calming Colors this mat is designed to create a peaceful, focused environment.

Designed for yogis of all levels, this mat brings comfort and confidence to every practice. Elevate your flow with a mat that’s as mindful as your movements.. Designed to last, reducing waste over time.",79.9,79.9,USD,5,mm,5 mm,182.88,cm,"72"" x 26"" ",66.04,cm,"72"" x 26"" ",,,,Natural Rubber,Grippy,Eco-Friendly; Non-Slip; Lightweight; Alignment Marks,,1,true,8255924961462,eco-balance-yoga-mat-5-mm,Gayo,Yoga Mat,all; eco friendly yoga mat; Eco-Friendly Yoga Gear; large yoga mat; Organic Yoga Mat; Sustainable Yoga Gear; sustainable yoga mat; Yoga Accessories; Yoga Gift; Yoga Gift for friend; Yoga Gift for men; Yoga Gift for Mom; Yoga Gift for myself; Yoga Gift for sister; Yoga Gift for wife; yoga gift for women; yoga mat,2025-07-07T14:21:43-04:00,2025-07-07T14:38:58-04:00,https://cdn.shopify.com/s/files/1/0622/9694/8918/files/B0DWNZJ1K2-listing-0.jpg?v=1751912788
heathyoga-tpe-body-alignment-system-yoga-mat-grey-heathyoga,TPE Body Alignment System Yoga Mat - Gray,heathyoga,"The Heathyoga TPE Body Alignment System Yoga Mat Gray is designed for yoga lovers. Made of nonslip material, certified by SGS. Free of latex, PVC, or any other toxic material. Yoga beginners can use the body alignment lines as body movement guidance when practicing yoga. 



Features

6mm thick
72"" x 26""
Double-layer
Free of latex, PVC, or any heavy metal




Accessory: Velcro strap + carry strap",64.9,64.9,USD,6,mm,6mm,182.88,cm,"72"" x 26""
",66.04,cm,"72"" x 26""
",,,,TPE,Grippy,Alignment Marks,Gray,1,true,1828596809763,tpe-body-alignment-system-yoga-mat-grey-heathyoga,Heathyoga,,female; gray; HY yoga mat; top selling; TPE,2019-07-30T19:57:47+08:00,2019-07-30T19:57:47+08:00,https://cdn.shopify.com/s/files/1/0027/0303/2355/products/Charcoal-01.jpg?v=1650544132
heathyoga-tpe-body-alignment-system-non-slip-yoga-mat,Heathyoga TPE Body Alignment System Yoga Mat - Turquoise,heathyoga,"The Heathyoga TPE Body Alignment System Yoga Mat Grass Gren is designed for yoga lovers. Made of nonslip material, certified by SGS. Free of latex, PVC, or any other toxic material. Yoga beginners can use the body alignment lines as body movement guidance when practicing yoga. 



Features

6mm thick
72"" x 26""
Double-layer
Free of latex, PVC, or any heavy metal




Accessory: Velcro strap + carry strap",64.9,64.9,USD,6,mm,6mm,182.88,cm,"72"" x 26""
",66.04,cm,"72"" x 26""
",,,,TPE,Grippy,Alignment Marks,Turquoise,1,true,1725628940323,tpe-body-alignment-system-non-slip-yoga-mat,Heathyoga,,fbtt4_mat-blocks; female; HY yoga mat; top selling; TPE; turquoise,2019-05-16T14:47:10+08:00,2019-05-17T11:56:14+08:00,https://cdn.shopify.com/s/files/1/0027/0303/2355/products/Heathyoga_TPE_Mat_Turquoise.jpg?v=1639798546
heathyoga-tpe-body-alignment-system-yoga-mat-blue-heathyoga,Heathyoga TPE Body Alignment System Yoga Mat - Navy Blue,heathyoga,"The Heathyoga TPE Body Alignment System Yoga Mat Navy Blue is designed for yoga lovers. Made of nonslip material, certified by SGS. Free of latex, PVC, or any other toxic material. Yoga beginners can use the body alignment lines as body movement guidance when practicing yoga.



Features

6mm thick
72"" x 26""
Double-layer
Free of latex, PVC, or any heavy metal




Accessory: Velcro strap + carry strap",64.9,64.9,USD,6,mm,6mm,182.88,cm,"72"" x 26""
",66.04,cm,"72"" x 26""
",,,,TPE,Grippy,Alignment Marks,Navy Blue,1,true,1828546183203,tpe-body-alignment-system-yoga-mat-blue-heathyoga,Heathyoga,,blue; female; HY yoga mat; mom; top selling; TPE,2019-07-30T19:07:43+08:00,2019-07-30T19:07:43+08:00,https://cdn.shopify.com/s/files/1/0027/0303/2355/products/HeathyogaTPEMatBlue2.jpg?v=1639797597
heathyoga-tpe-body-alignment-system-yoga-mat-purple-heathyoga,Heathyoga TPE Body Alignment System Yoga Mat - Purple,heathyoga,"The Heathyoga TPE Body Alignment System Yoga Mat Purple is designed for yoga lovers. Made of nonslip material, certified by SGS. Free of latex, PVC, or any other toxic material. Yoga beginners can use the body alignment lines as body movement guidance when practicing yoga.



Features

6mm thick
72"" x 26""
Double-layer
Free of latex, PVC, or any heavy metal




Accessory:?Velcro strap + carry strap",64.9,64.9,USD,6,mm,6mm,182.88,cm,"72"" x 26""
",66.04,cm,"72"" x 26""
",,,,TPE,Grippy,Alignment Marks,Purple,1,false,1828612210723,tpe-body-alignment-system-yoga-mat-purple-heathyoga,Heathyoga,,female; HY yoga mat; mom; purple; top selling; TPE,2019-07-30T20:18:48+08:00,2019-07-30T20:18:48+08:00,https://cdn.shopify.com/s/files/1/0027/0303/2355/products/HeathyogaTPEMatPurple.jpg?v=1639798167
heathyoga-tpe-body-alignment-system-yoga-mat-lemon-green-heathyoga,Heathyoga TPE Body Alignment System Yoga Mat - Grass Green,heathyoga,"The Heathyoga TPE Body Alignment System Yoga Mat Grass Gren is designed for yoga lovers. Made of nonslip material, certified by SGS. Free of latex, PVC, or any other toxic material. Yoga beginners can use the body alignment lines as body movement guidance when practicing yoga. 



Features

6mm thick
72"" x 26""
Double-layer
Free of latex, PVC, or any heavy metal




Accessory: Velcro strap + carry strap",64.9,64.9,USD,6,mm,6mm,182.88,cm,"72"" x 26""
",66.04,cm,"72"" x 26""
",,,,TPE,Grippy,Alignment Marks,Grass Green,1,true,1828602445859,tpe-body-alignment-system-yoga-mat-lemon-green-heathyoga,Heathyoga,,female; grass-green; HY yoga mat; lemon-green; top selling; TPE,2019-07-30T20:05:37+08:00,2019-07-30T20:05:37+08:00,https://cdn.shopify.com/s/files/1/0027/0303/2355/products/HeathyogaTPEMatLemonGreen3.jpg?v=1639797501
heathyoga-tpe-body-alignment-system-yoga-mat-pink-heathyoga,Heathyoga TPE Body Alignment System Yoga Mat - Pink,heathyoga,"The Heathyoga TPE Body Alignment System Yoga Mat Pink is designed for yoga lovers. Made of nonslip material, certified by SGS. Free of latex, PVC, or any other toxic material. Yoga beginners can use the body alignment lines as body movement guidance when practicing yoga. 



Features

6mm thick
72"" x 26""
Double-layer
Free of latex, PVC, or any heavy metal




Accessory: Velcro strap + carry strap",64.9,64.9,USD,6,mm,6mm,182.88,cm,"72"" x 26""
",66.04,cm,"72"" x 26""
",,,,TPE,Grippy,Alignment Marks,Pink,1,true,1828609949731,tpe-body-alignment-system-yoga-mat-pink-heathyoga,Heathyoga,,female; HY yoga mat; mom; pink; top selling; TPE,2019-07-30T20:15:25+08:00,2019-07-30T20:15:25+08:00,https://cdn.shopify.com/s/files/1/0027/0303/2355/products/HeathyogaTPEMatPink2.jpg?v=1639798568
houseofmats-familia,Africa by Jess Guzman Yoga mat - Art Collection - 4mm,houseofmats,"CONOCE A LA ARTISTA
JESS GUZMAN, Colombiana, Arquitecta de profesión y artista de vocación. Me encuentro muy inclinado hacia la pintura; dibuja y pinta desde niña porque eso la hace sentir libre. Encuentra en lápiz y papel la manera de materializar sus pensamientos y emociones.
Suele inspirarse en las formas de la naturaleza, y su estilo es una mezcla entre boceto, caricatura y abstracción.
La idea de dibujar para House of Mats la entusiasmó. Le encanta el concepto que Lucía, la dueña, tiene de la marca, pero más que eso, la historia que hay detrás y las razones que la motivaron.
Las ilustraciones de House surgen del concepto mismo de la marca: los colores, las posturas, la conexión con la naturaleza, la energía del sol y del universo, dando como resultado una serie de imágenes sencillas, realizadas a mano con un trazo suave, la que comunican los conceptos básicos del yoga.
Nada es absoluto, todo es complementario, y de ese tránsito surge la idea.
Sobre el diseño: El elefante en general es un animal que se asemeja a los humanos, es sociable y disfruta de la unión familiar. Además, los elefantes crean fuertes lazos con su familia y amigos, hasta el punto de poder identificarse después de un tiempo sin verse.",153.63,153.63,USD,4,mm,4mm,183,cm,183cm x 63cm ,63,cm,183cm x 63cm ,3,kg,3kg,,,,,1,true,7167222743191,familia,HOUSE OF MATS,Esteras para pilates y yoga,DE AUTOR; MAT,2021-09-17T16:22:39+02:00,2021-09-17T16:22:39+02:00,https://cdn.shopify.com/s/files/1/0417/9653/4423/files/HouseofMats0538.jpg?v=1716827710
houseofmats-airy-blue,Airy Blue Yoga mat - Laboratory Limited Edition - 3.5mm,houseofmats,"Airy Blue is like a breath of fresh air, light and freeing. It’s the color of open skies and boundless horizons, inviting you to expand your mind and let your spirit soar. This mat is for those who seek clarity and peace, offering a space where you can let go of stress and embrace the lightness of being.
-
""Mat laboratory"" , a collection created from experimentation with colors and textures that awaken the senses thanks to their originality and detail. Each model stands out for its unique and modern design, representing a disruptive way of distinguishing our brand.
At the Laboratory we are dedicated to the study of sensations through constant innovation in materials and colors, with a meticulous focus on quality and sustainability. Our mats are produced in a thickness of 3.5mm, achieving the perfect weight so you can easily transport them wherever you want.
What distinguishes it?
Unique and original design: Each mat features a carefully selected combination of colors and textures.
Constant innovation: Materials and colors developed through detailed studies.
Quality and sustainability: Committed to high quality and environmentally friendly products.
Portability: 3.5mm thickness for adequate weight and easy transportation.
Our differential?
Modern and disruptive style, Ideal for those looking to stand out.
Enhanced sensations, designed to enhance your senses.
Easy to carry, perfect for moving anywhere effortlessly.",150.08,150.08,USD,3.5,mm,3.5mm,185,cm,185cm x68cm ,68,cm,185cm x68cm ,2.6,kg,2.6 kg,,,,,1,true,8885758329166,airy-blue,HOUSE OF MATS,Esteras para pilates y yoga,HOM LAB MATS LIMITED EDITIONS; MAT,2024-05-09T17:49:15+02:00,2024-09-06T16:26:56+02:00,https://cdn.shopify.com/s/files/1/0417/9653/4423/files/HOMXPAAR_1464.jpg?v=1722566377
houseofmats-clay,Clay Yoga mat - Laboratory Limited Edition - 3.5mm,houseofmats,"Clay is the color of the sand, raw and elemental. It’s a reminder of our connection to the natural world and the grounding force it provides. This mat is for those who value authenticity and simplicity, offering a space where you can return to your roots and find balance amidst the chaos of life.
-
""Laboratorio de Mats"" , a collection created from experimentation with colors and textures that awaken the senses thanks to their originality and detail. Each model stands out for its unique and modern design, representing a disruptive way of distinguishing our brand.
In it Mats Laboratory , we are dedicated to the study of sensations through constant innovation in materials and colors, with a meticulous focus on quality and sustainability. Our mats are produced in a thickness of 3.5mm, achieving the perfect weight so you can easily transport them wherever you want.
What distinguishes it?
Unique and original design: Each mat features a carefully selected combination of colors and textures.
Constant innovation: Materials and colors developed through detailed studies.
Quality and sustainability: Committed to high quality and environmentally friendly products.
Portability: 3.5mm thickness for adequate weight and easy transportation.
Our differential?
Modern and disruptive style, Ideal for those looking to stand out.
Enhanced sensations, designed to enhance your senses.
Easy to carry, perfect for moving anywhere effortlessly.",150.08,150.08,USD,3.5,mm,3.5mm,185,cm,185cm x68cm ,68,cm,185cm x68cm ,2.6,kg,2.6 kg,,,,,1,true,8885759115598,clay,HOUSE OF MATS,,HOM LAB MATS LIMITED EDITIONS; MAT,2024-05-09T17:50:23+02:00,2024-09-06T16:27:09+02:00,https://cdn.shopify.com/s/files/1/0417/9653/4423/files/HOMXPAAR_1090.jpg?v=1722570330
houseofmats-daylight-moth-by-ula-basinska-11,Daylight moth Yoga mat by Ula Basinska - Art Collection - 4mm,houseofmats,"CONOCE AL ARTISTA
Ula Basinska. Pintora desde que tiene memoria. Nacida en Polonia, viviendo en la Patagonia Argentina, ella vibra el sentimiento de ser parte de la naturaleza y la majestuosa calma del sur y sus lagos.
Sus pinturas reflejan los milagros de la tierra que la rodea. Ella trabaja con acuarelas porque la encuentra viva, impredecible y al mismo tiempo ligera y sutil.
Para este diseño, Ula combinó su arte manual con la edición digital creando negativos que parecen versiones nocturnas de imágenes pintadas durante el día.
Sentirás las luces y las sombras durante tu práctica. Dualismo y unión.",153.63,153.63,USD,4,mm,4mm,183,cm,183cm x 63cm ,63,cm,183cm x 63cm ,3.5,kg,3.5kg,,,,,1,true,7545952862359,daylight-moth-by-ula-basinska-11,HOUSE OF MATS,Esteras para pilates y yoga,DE AUTOR; MAT,2022-04-25T20:45:29+02:00,2022-04-25T20:45:29+02:00,https://cdn.shopify.com/s/files/1/0417/9653/4423/files/HouseofMats0714.jpg?v=1720641209
houseofmats-forest-green,Forest Green Yoga mat - Studio Collection - 4.5mm,houseofmats,"Forest Green is a journey into the heart of nature. This mat brings to mind the serenity of ancient woodlands, where the air is thick with the scent of pine and the ground is soft underfoot. It connects you to the earth, grounding your practice in the vibrant energy of life. With each movement, you feel the strength and renewal that comes from nature’s embrace.
-
The Studio 4.5mm Collection is a permanent and timeless line developed with materials of Japanese origin and manufactured with standards and materials of ethical origin.
This collection stands out for its advanced ""Ultimate grip"" technology, offering the best grip and performance between postures that the market offers today.
Designed to protect your joints and provide safe practice, this collection uses our innovative ""silk touch"" technology for softer skin contact.
With a thickness of 4.5mm, our mats guarantee the perfect balance between comfort and support.
What distinguishes it?
Materials of Japanese origin: High quality and durability.
Ethical manufacturing: Committed to sustainable and responsible practices.
Advanced grip technology: Delivers the best performance on the market.
""silk touch"" technology: Soft in contact with the skin.
Our differential?
Superior joint protection: 4.5mm thickness reduces pressure on joints.
Comfort and softness: Ideal for a comfortable practice experience.
Versatility of use: Perfect for studios, hotels, retreat centers and for daily use.
Timeless Style: Brings a touch of elegance and sophistication to any practice environment.",161.9,161.9,USD,4.5,mm,4.5mm,185,cm,185cm x 68cm ,68,cm,185cm x 68cm ,3.4,kg,3.4 kg,,Grippy,Eco-Friendly; Non-Slip,,1,true,8885754790222,forest-green,HOUSE OF MATS,Esteras para pilates y yoga,HOM CLASSIC MATS; MAT,2024-05-09T17:45:12+02:00,2024-09-06T16:27:37+02:00,https://cdn.shopify.com/s/files/1/0417/9653/4423/files/HOMXPAAR_1200.jpg?v=1722589472
houseofmats-golden-hour,Golden House Yoga mat - Studio Collection - 4.5mm,houseofmats,"Golden House captures the magical moment when the sun kisses the horizon, bathing the world in a warm, golden glow. This mat radiates positivity and joy, infusing your practice with a sense of hope and endless possibilities. It’s a reminder to cherish the beauty of the present moment, to let go of worries, and to bask in the light that surrounds you.
-
The Studio 4.5mm Collection is a permanent and timeless line developed with materials of Japanese origin and manufactured with standards and materials of ethical origin.
This collection stands out for its advanced ""Ultimate grip"" technology, offering the best grip and performance between postures that the market offers today.
Designed to protect your joints and provide safe practice, this collection uses our innovative ""silk touch"" technology for softer skin contact.
With a thickness of 4.5mm, our mats guarantee the perfect balance between comfort and support.
What distinguishes it?
Materials of Japanese origin: High quality and durability.
Ethical manufacturing: Committed to sustainable and responsible practices.
Advanced grip technology: Delivers the best performance on the market.
""silk touch"" technology: Soft in contact with the skin.
Our differential?
Superior joint protection: 4.5mm thickness reduces pressure on joints.
Comfort and softness: Ideal for a comfortable practice experience.
Versatility of use: Perfect for studios, hotels, retreat centers and for daily use.
Timeless Style: Brings a touch of elegance and sophistication to any practice environment.",161.9,161.9,USD,4.5,mm,4.5mm,185,cm,185cm x 68cm ,68,cm,185cm x 68cm ,3.4,kg,3.4 kg,,Grippy,Eco-Friendly; Non-Slip,,1,true,8885756428622,golden-hour,HOUSE OF MATS,Esteras para pilates y yoga,HOM CLASSIC MATS; MAT,2024-05-09T17:47:02+02:00,2024-09-06T16:27:54+02:00,https://cdn.shopify.com/s/files/1/0417/9653/4423/files/HOMXPAAR_0963.jpg?v=1722589795
houseofmats-oat-signature,Granito Milk Yoga mat - Travel Collection - Foldable - 2mm,houseofmats,"Granito Milk is pure and simple, a clean slate upon which you can write your own story. It’s the color of new beginnings, offering a fresh perspective and a space free of distractions. This mat is for those who value clarity and simplicity, providing a serene foundation for your practice wherever you go.
-
""Travel"" collection, designed especially for those who take their yoga practice everywhere. Lightweight, foldable mats in neutral colors that are perfect to accompany you on your trips, from weekend getaways to adventures around the world.
What distinguishes us?
Lightweight and Foldable: Easy to transport and store, ideal for traveling.
Neutral Colors: Elegant and versatile, they combine with any style.
Compact Design: Folds efficiently for hassle-free transportation.
Our differential?
Extreme Portability: Take your mat to any destination with ease.
Practical and Functional: Perfect for keeping your yoga routine moving.
Discreet Style: Neutral colors that adapt to any environment.",141.81,141.81,USD,2,mm,2mm,185,cm,185cm x 68cm ,68,cm,185cm x 68cm ,1.2,kg,1.2kg,,,Lightweight; Travel,,1,true,8885761704270,oat-signature,HOUSE OF MATS,Esteras para pilates y yoga,HOM TRAVELER MATS; MAT,2024-05-09T17:53:05+02:00,2024-09-05T18:10:21+02:00,https://cdn.shopify.com/s/files/1/0417/9653/4423/files/HOMXPAAR_1436.jpg?v=1722592201
houseofmats-magnetic-purple,Magnetic Purple Yoga mat - Travel Collection - Foldable - 2mm,houseofmats,"Magnetic Purple is a color of mystery and allure, drawing you into its depths with an irresistible pull. It’s the color of intuition and spiritual insight, perfect for those who seek to deepen their practice and connect with the unseen. This mat is your guide into the unknown, where every practice is a journey of self-discovery.
-
""Traveler"" collection , designed especially for those who take their yoga practice everywhere. Lightweight, foldable mats in neutral colors that are perfect to accompany you on your trips, from weekend getaways to adventures around the world.
 
What distinguishes us?
Lightweight and Foldable: Easy to transport and store, ideal for traveling.
Neutral Colors: Elegant and versatile, they combine with any style.
Compact Design: Folds efficiently for hassle-free transportation.
 
Our differential?
Extreme Portability: Take your mat to any destination with ease.
Practical and Functional: Perfect for keeping your yoga routine moving.
Discreet Style: Neutral colors that adapt to any environment.",126.45,126.45,USD,2,mm,2mm,185,cm,185cm x 68cm ,68,cm,185cm x 68cm ,1.8,kg,1.8kg,,,Lightweight; Travel; Alignment Marks,,1,true,8885761147214,magnetic-purple,HOUSE OF MATS,Esteras para pilates y yoga,HOM TRAVELER MATS; MAT,2024-05-09T17:52:34+02:00,2024-09-06T16:28:16+02:00,https://cdn.shopify.com/s/files/1/0417/9653/4423/files/HOMXPAAR_1685.jpg?v=1722591821
houseofmats-misty-grey,Misty Grey Yoga mat - Studio Collection - 4.5mm,houseofmats,"Misty Grey evokes the tranquility of a foggy morning, where the world is hushed and every breath feels fresh and new. This mat whispers calmness, providing a sanctuary where you can clear your mind and focus on the gentle rhythm of your practice. It is a reminder that in the simplicity of grey, there is a quiet power that soothes the soul.
-
The Studio 4.5mm Collection is a permanent and timeless line developed with materials of Japanese origin and manufactured with standards and materials of ethical origin.
This collection stands out for its advanced ""Ultimate grip"" technology, offering the best grip and performance between postures that the market offers today.
Designed to protect your joints and provide safe practice, this collection uses our innovative ""silk touch"" technology for softer skin contact.
With a thickness of 4.5mm, our mats guarantee the perfect balance between comfort and support.
 
What distinguishes it?
Materials of Japanese origin: High quality and durability.
Ethical manufacturing: Committed to sustainable and responsible practices.
Advanced grip technology: Delivers the best performance on the market.
""silk touch"" technology: Soft in contact with the skin.
 
Our differential?
Superior joint protection: 4.5mm thickness reduces pressure on joints.
Comfort and softness: Ideal for a comfortable practice experience.
Versatility of use: Perfect for studios, hotels, retreat centers and for daily use.
Timeless Style: Brings a touch of elegance and sophistication to any practice environment.",161.9,161.9,USD,4.5,mm,4.5mm,185,cm,185cm x 68cm ,68,cm,185cm x 68cm ,3.4,kg,3.4 kg,,Grippy,Eco-Friendly; Non-Slip,,1,true,8885754102094,misty-grey,HOUSE OF MATS,Esteras para pilates y yoga,HOM CLASSIC MATS; MAT,2024-05-09T17:44:24+02:00,2024-09-06T16:28:35+02:00,https://cdn.shopify.com/s/files/1/0417/9653/4423/files/HOMXPAAR_0799.jpg?v=1722589145
houseofmats-moonlight,Moonlight shadow - Art Collection - 4mm,houseofmats,"Art Collection: An exclusive fusion of creativity and functionality. In this unique series, artists, illustrators, and designers have contributed their original works to transform each yoga mat into a one-of-a-kind piece of art.
Each design is a special collaboration reflecting the artist's vision and style, offering a limited series to ensure the originality and exclusivity of each piece. The collection celebrates diversity and talent, bringing the beauty of art to your daily practice.
 
What makes us different?
Original Works: Unique designs created by renowned artists and illustrators.
Limited Editions: Each mat is an exclusive piece, available in limited quantities.
Fusion of Art and Functionality: Aesthetically inspiring designs that do not compromise on quality and comfort.
 
Our Unique Selling Points?
Personal Expression: Add an artistic and personal touch to your practice space.
Guaranteed Exclusivity: Enjoy a unique piece that few will own.
Daily Inspiration: Let creativity and art enrich your yoga routine.",177.26,177.26,USD,4,mm,4mm,183,cm,183cm x 63cm  ,63,cm,183cm x 63cm  ,3.5,kg,3.5kg,,,,,1,false,7545985466519,moonlight,HOUSE OF MATS,Esteras para pilates y yoga,DE AUTOR; MAT,2022-04-25T21:20:38+02:00,2022-04-25T21:20:38+02:00,https://cdn.shopify.com/s/files/1/0417/9653/4423/files/House_of_Mats1788.jpg?v=1726075566
houseofmats-midnight-tribe-by-ula-basinska,Nightlight tribe by Ula Basinska - Art Collection - 4mm,houseofmats,"CONOCE A LA ARTISTA
Ula Basinska. Pintora desde que tiene memoria. Nacida en Polonia, viviendo en la Patagonia Argentina, ella vibra el sentimiento de ser parte de la naturaleza y la majestuosa calma del sur y sus lagos.
Sus pinturas reflejan los milagros de la tierra que la rodea. Ella trabaja con acuarelas porque la encuentra viva, impredecible y al mismo tiempo ligera y sutil.
Para este diseño, Ula combinó su arte manual con la edición digital creando negativos que parecen versiones nocturnas de imágenes pintadas durante el día.
Sentirás las luces y las sombras durante tu práctica. Dualismo y unión.",177.26,177.26,USD,4,mm,4mm,183,cm,183cm x 63cm ,63,cm,183cm x 63cm ,3.5,kg,3.5kg,,,,,1,true,7545809436823,midnight-tribe-by-ula-basinska,HOUSE OF MATS,Esteras para pilates y yoga,DE AUTOR; MAT,2022-04-25T18:10:53+02:00,2022-04-25T18:10:53+02:00,https://cdn.shopify.com/s/files/1/0417/9653/4423/files/House_of_Mats1008.jpg?v=1726224576
houseofmats-peony-bloom,Peony blossom Yoga mat - Art Collection - 4mm,houseofmats,"Art Collection: An exclusive fusion of creativity and functionality. In this unique series, artists, illustrators, and designers have contributed their original works to transform each yoga mat into a one-of-a-kind piece of art.
Each design is a special collaboration reflecting the artist's vision and style, offering a limited series to ensure the originality and exclusivity of each piece. The collection celebrates diversity and talent, bringing the beauty of art to your daily practice.
 
What makes us different?
Original Works: Unique designs created by renowned artists and illustrators.
Limited Editions: Each mat is an exclusive piece, available in limited quantities.
Fusion of Art and Functionality: Aesthetically inspiring designs that do not compromise on quality and comfort.
 
Our Unique Selling Points?
Personal Expression: Add an artistic and personal touch to your practice space.
Guaranteed Exclusivity: Enjoy a unique piece that few will own.
Daily Inspiration: Let creativity and art enrich your yoga routine.",153.63,153.63,USD,4,mm,4mm,183,cm,183cm x 63cm ,63,cm,183cm x 63cm ,3.5,kg,3.5kg,,,,,1,true,7545961578647,peony-bloom,HOUSE OF MATS,Esteras para pilates y yoga,DE AUTOR; MAT,2022-04-25T20:59:17+02:00,2022-04-25T20:59:17+02:00,https://cdn.shopify.com/s/files/1/0417/9653/4423/products/HouseofMats1087.jpg?v=1722593444
houseofmats-rooted-brown,Rooted Brown Yoga mat - Studio Collection - 4.5mm,houseofmats,"Rooted Brown is the color of the earth beneath your feet, solid and unwavering. This mat brings a sense of stability and connection, reminding you of your roots and the foundation upon which you stand. It’s a mat that nurtures and supports, offering a warm embrace that encourages you to grow and evolve in your practice, just as trees stretch towards the sky.
-
The Studio 4.5mm Collection is a permanent and timeless line developed with materials of Japanese origin and manufactured with standards and materials of ethical origin.
This collection stands out for its advanced ""Ultimate grip"" technology, offering the best grip and performance between postures that the market offers today.
Designed to protect your joints and provide safe practice, this collection uses our innovative ""silk touch"" technology for softer skin contact.
With a thickness of 4.5mm, our mats guarantee the perfect balance between comfort and support.
 
What distinguishes it?
Materials of Japanese origin: High quality and durability.
Ethical manufacturing: Committed to sustainable and responsible practices.
Advanced grip technology: Delivers the best performance on the market.
""silk touch"" technology: Soft in contact with the skin.
 
Our differential?
Superior joint protection: 4.5mm thickness reduces pressure on joints.
Comfort and softness: Ideal for a comfortable practice experience.
Versatility of use: Perfect for studios, hotels, retreat centers and for daily use.
Timeless Style: Brings a touch of elegance and sophistication to any practice environment.",161.9,161.9,USD,4.5,mm,4.5mm,185,cm,185cm x 68cm ,68,cm,185cm x 68cm ,3.4,kg,3.4 kg,,Grippy,Eco-Friendly; Non-Slip,,1,true,8885756166478,rooted-brown,HOUSE OF MATS,,HOM CLASSIC MATS; MAT,2024-05-09T17:46:35+02:00,2024-09-06T16:28:50+02:00,https://cdn.shopify.com/s/files/1/0417/9653/4423/files/HOMXPAAR_0937.jpg?v=1722590438
houseofmats-royal-plum-signature-yoga-mat-classic-collection-4-5mm,Royal Plum Signature Yoga mat - Studio Collection - 4.5mm,houseofmats,"Royal Plum is a mat of elegance and mystery, drawing inspiration from the regal tones of royalty and the deep hues of twilight. It symbolizes wisdom, introspection, and spiritual growth. Practicing on this mat invites you to explore the depths of your consciousness, to embrace the richness of your inner world, and to move with grace and intention.
-
The Studio 4.5mm Collection is a permanent and timeless line developed with materials of Japanese origin and manufactured with standards and materials of ethical origin.
This collection stands out for its advanced ""Ultimate grip"" technology, offering the best grip and performance between postures that the market offers today.
Designed to protect your joints and provide safe practice, this collection uses our innovative ""silk touch"" technology for softer skin contact.
With a thickness of 4.5mm, our mats guarantee the perfect balance between comfort and support.
 
What distinguishes it?
Materials of Japanese origin: High quality and durability.
Ethical manufacturing: Committed to sustainable and responsible practices.
Advanced grip technology: Delivers the best performance on the market.
""silk touch"" technology: Soft in contact with the skin.
 
Our differential?
Superior joint protection: 4.5mm thickness reduces pressure on joints.
Comfort and softness: Ideal for a comfortable practice experience.
Versatility of use: Perfect for studios, hotels, retreat centers and for daily use.
Timeless Style: Brings a touch of elegance and sophistication to any practice environment.",177.26,177.26,USD,4.5,mm,4.5mm,185,cm,185cm x 68cm  ,68,cm,185cm x 68cm  ,3.4,kg,3.4 kg,,Grippy,Eco-Friendly; Non-Slip,,1,true,9707073634638,royal-plum-signature-yoga-mat-classic-collection-4-5mm,HOUSE OF MATS,Esteras para pilates y yoga,HOM CLASSIC MATS; MAT,2024-08-28T16:19:18+02:00,2024-09-06T16:29:06+02:00,https://cdn.shopify.com/s/files/1/0417/9653/4423/files/HOMXPAAR_1526.jpg?v=1725385683
houseofmats-royal-plum,Royal Plum Yoga mat - Studio Collection - 4.5mm,houseofmats,"The Studio 4.5mm Collection is a permanent and timeless line developed with materials of Japanese origin and manufactured with standards and materials of ethical origin. This collection stands out for its advanced ""Ultimate grip"" technology, offering the best grip and performance between postures that the market offers today. 
Designed to protect your joints and provide safe practice, this collection uses our innovative ""silk touch"" technology for softer skin contact. With a thickness of 4.5mm, our mats guarantee the perfect balance between comfort and support. 
- What distinguishes it? 
Materials of Japanese origin: High quality and durability. 
Ethical manufacturing: Committed to sustainable and responsible practices. 
Advanced grip technology: Delivers the best performance on the market. 
""Silk touch"" technology: Soft in contact with the skin. 
 
- Our differential? 
Superior joint protection: 4.5mm thickness reduces pressure on joints. 
Comfort and softness: Ideal for a comfortable practice experience. 
Versatility of use: Perfect for studios, hotels, retreat centers and for daily use. 
Timeless Style: Brings a touch of elegance and sophistication to any practice environment.",161.9,161.9,USD,4.5,mm,4.5mm,185,cm,185cm x 68cm ,68,cm,185cm x 68cm ,3.4,kg,3.4 kg,,Grippy,Eco-Friendly; Non-Slip,,1,true,8885756854606,royal-plum,HOUSE OF MATS,Esteras para pilates y yoga,HOM CLASSIC MATS; MAT,2024-05-09T17:47:34+02:00,2025-03-24T00:33:38+01:00,https://cdn.shopify.com/s/files/1/0417/9653/4423/files/HOMXPAAR_1544.jpg?v=1722591050
houseofmats-sage-green,Sage Green Yoga mat - Laboratory Limited Edition - 3.5mm,houseofmats,"Sage Green is a color of healing and wisdom, evoking the soothing properties of nature’s herbs. This mat is for those who seek calm and rejuvenation in their practice, offering a tranquil space where you can restore your body and mind. It’s a reminder that in every breath, there is potential for renewal and growth.
-
""Mat Laboratory"", a collection created from experimentation with colors and textures that awaken the senses thanks to their originality and detail. Each model stands out for its unique and modern design, representing a disruptive way of distinguishing our brand.
In our Laboratory, we are dedicated to the study of sensations through constant innovation in materials and colors, with a meticulous focus on quality and sustainability. Our mats are produced in a thickness of 3.5mm, achieving the perfect weight so you can easily transport them wherever you want.
 
What distinguishes it?
Unique and original design: Each mat features a carefully selected combination of colors and textures.
Constant innovation: Materials and colors developed through detailed studies.
Quality and sustainability: Committed to high quality and environmentally friendly products.
Portability: 3.5mm thickness for adequate weight and easy transportation.
 
Our differential?
Modern and disruptive style, Ideal for those looking to stand out.
Enhanced sensations, designed to enhance your senses.
Easy to carry, perfect for moving anywhere effortlessly.",150.08,150.08,USD,3.5,mm,3.5mm,185,cm,185cm x 68cm ,68,cm,185cm x 68cm ,2.6,kg,2.6 kg,,,,,1,true,8885759574350,sage-green,HOUSE OF MATS,Esteras para pilates y yoga,HOM LAB MATS LIMITED EDITIONS; MAT,2024-05-09T17:50:54+02:00,2024-09-06T16:29:35+02:00,https://cdn.shopify.com/s/files/1/0417/9653/4423/files/HOMXPAAR_1274.jpg?v=1722587333
houseofmats-suiyobi,Suiyobi Yoga Mat - Laboratory Limited Edition - 3.5mm,houseofmats,"Suiyobi, with its unique and intense color, embodies the spirit of creativity and artistic expression. It’s a mat for those who view their practice as a form of art, where every movement is a brushstroke on the canvas of life. This mat encourages you to explore, experiment, and express your true self with each pose.
-
""Mat Laboratorya"" , a collection created from experimentation with colors and textures that awaken the senses thanks to their originality and detail. Each model stands out for its unique and modern design, representing a disruptive way of distinguishing our brand.
In our Laboratory, we are dedicated to the study of sensations through constant innovation in materials and colors, with a meticulous focus on quality and sustainability. Our mats are produced in a thickness of 3.5mm, achieving the perfect weight so you can easily transport them wherever you want.
 
What distinguishes it?
Unique and original design: Each mat features a carefully selected combination of colors and textures.
Constant innovation: Materials and colors developed through detailed studies.
Quality and sustainability: Committed to high quality and environmentally friendly products.
Portability: 3.5mm thickness for adequate weight and easy transportation.
 
Our differential?
Modern and disruptive style, Ideal for those looking to stand out.
Enhanced sensations, designed to enhance your senses.
Easy to carry, perfect for moving anywhere effortlessly.",150.08,150.08,USD,3.5,mm,3.5mm,185,cm,185cm x 68cm ,68,cm,185cm x 68cm ,2.6,kg,2.6 kg,,,,,1,true,8885757641038,suiyobi,HOUSE OF MATS,Esteras para pilates y yoga,HOM LAB MATS LIMITED EDITIONS; MAT,2024-05-09T17:48:25+02:00,2024-09-06T16:29:50+02:00,https://cdn.shopify.com/s/files/1/0417/9653/4423/files/HOMXPAAR_1499.jpg?v=1722569307
houseofmats-the-black-mat-1,The Black Mat - Colección de viaje. Plegable 2mm,houseofmats,"The Black Mat representa las profundidades misteriosas e infinitas del universo. Es el color de la noche, un tiempo de introspección y un lienzo para la imaginación. Una invitación a viajar hacia el interior, abrazando lo desconocido y encontrando fuerza en un mundo interior. Compañero silencioso, que te ancla con su profunda estabilidad y presencia inquebrantable.
-
Colección ""Traveler"", diseñada especialmente para quienes llevan su práctica de yoga a todas partes. Mats livianos y plegables en colores neutros que son perfectos para acompañarte en tus viajes, desde escapadas de fin de semana hasta aventuras alrededor del mundo.
Qué nos distingue?
Livianos y Plegables: Fácil de transportar y almacenar, ideal para viajar.
Colores Neutros: Elegantes y versátiles, combinan con cualquier estilo.
Diseño Compacto: Se pliega de manera eficiente para un transporte sin complicaciones.
Nuestro diferencial?
Portabilidad Extrema: Lleva tu mat a cualquier destino con facilidad.
Práctico y Funcional: Perfecto para mantener tu rutina de yoga en movimiento.
Estilo Discreto: Colores neutros que se adaptan a cualquier entorno.",126.45,126.45,USD,2,mm,2mm,185,cm,185cm x 68cm  ,68,cm,185cm x 68cm  ,1.8,kg,1.8kg,,,Travel,,1,true,8885760426318,the-black-mat-1,HOUSE OF MATS,Esteras para pilates y yoga,HOM TRAVELER MATS; MAT,2024-05-09T17:51:47+02:00,2024-09-06T16:30:18+02:00,https://cdn.shopify.com/s/files/1/0417/9653/4423/files/HOMXPAAR_1008.jpg?v=1722591587
houseofmats-the-black-mat,The Black Mat - Studio Collection - 4.5mm,houseofmats,"The Black Mat represents the mysterious and infinite depths of the universe. It is the color of night, a time of introspection, and a canvas for the imagination. This mat encourages you to journey inward, embracing the unknown and finding strength in your inner world. It's your silent companion, grounding you with its profound stability and unshakeable presence, no matter where your practice takes you.
-
The Studio 4.5mm Collection is a permanent and timeless line developed with materials of Japanese origin and manufactured with standards and materials of ethical origin.
This collection stands out for its advanced ""Ultimate grip"" technology, offering the best grip and performance between postures that the market offers today.
Designed to protect your joints and provide safe practice, this collection uses our innovative ""silk touch"" technology for softer skin contact.
With a thickness of 4.5mm, our mats guarantee the perfect balance between comfort and support.
What distinguishes it?
Materials of Japanese origin: High quality and durability.
Ethical manufacturing: Committed to sustainable and responsible practices.
Advanced grip technology: Delivers the best performance on the market.
""silk touch"" technology: Soft in contact with the skin.
Our differential?
Superior joint protection: 4.5mm thickness reduces pressure on joints.
Comfort and softness: Ideal for a comfortable practice experience.
Versatility of use: Perfect for studios, hotels, retreat centers and for daily use.
Timeless Style: Brings a touch of elegance and sophistication to any practice environment.",161.9,161.9,USD,4.5,mm,4.5mm,185,cm,185cm x 68cm ,68,cm,185cm x 68cm ,4.5,kg,4.5 kg,,Grippy,Eco-Friendly; Non-Slip,,1,true,8885753676110,the-black-mat,HOUSE OF MATS,,HOM CLASSIC MATS; MAT,2024-05-09T17:43:48+02:00,2024-09-06T16:30:36+02:00,https://cdn.shopify.com/s/files/1/0417/9653/4423/files/HOMXPAAR_1648.jpg?v=1722588028
jadeyoga-harmony-mat,Jade Harmony Yoga Mat - JadeYoga,jadeyoga,"Named Best Mat for Grip by Yoga Journal for 2024!

Our most popular mat provides great traction and cushion while still providing stability for standing poses.
Incredible grip, great comfort and eco-friendly

Eco-friendly: Made with natural rubber tapped from rubber trees, a renewable resource

Non-toxic: Jade mats contain no PVC, EVA or other synthetic rubber, and are made in the United States in compliance with all US environmental, labor and consumer protection laws. 

Dimensions: 3/16"" thick, 24"" wide, available in two lengths: 68"" and 74”, and weighs about 5 pounds. (For a wider and longer variety, see Harmony XW at 28"" wide)

68"" Mat Colors: Purple, Midnight Blue, Olive Green, Black, Jade Green, Raspberry, Slate Blue, Tibetan Orange, Sky Blue, Saffron, Pink, Teal and Sky Blue/Saffron*

74"" Mat Colors: Jade Green, Black, Midnight Blue, Olive, Sky Blue, and Purple.

Be The Change: Through our partnership with Trees for the Future, JADE PLANTS A TREE FOR EVERY MAT SOLD – with over TWO MILLION trees planted so far.

*Please note that colors on the screen are approximations and do not match the mats exactly; if you would like to know the exact color of our mats, please visit one of our retailers or email us to request a free sample swatch.
*Please also note that our natural rubber mats are not intended for use outdoors and should not be exposed to sunlight.
*Although Jade mats are 99% latex free, as they are from rubber trees, there may be trace amounts of latex proteins in the mats so we recommend persons with latex allergies avoid contact with our mats.



Jade's Color Cause Program: 100% of profits from the sale of the Saffron/Sky Blue Ukraine mat will be donated to Ukraine TrustChain and Revived Soldiers Ukraine.  $5 will be donated to ovarian cancer causes for every Teal mat purchased, $5 from each Saffron mat will be donated to Autism causes and $5 will be donated to breast cancer causes for every pink mat purchased!  Saffron is available starting in April for Autism Awareness Month, Teal is available starting in September for Ovarian Cancer Awareness Month and Pink is available starting in October for Breast Cancer Awareness Month.",99.95,109.95,USD,4.762499999999999,mm,"3/16"" thick",172.72,cm,"lengths: 68""",60.96,cm,"24""",2.267964547178199,kg,5 pounds,Natural Rubber,Grippy,Eco-Friendly; Non-Slip,Purple; Black; Tibetan Orange; Teal; Midnight Blue; Olive; Raspberry; Pink; Slate Blue; Jade Green; Saffron; Sky Blue; Sky Blue/Saffron for Ukraine; Moe-gi Green,20,true,426167656,harmony-mat,JadeYoga,Harmony,2655 Box; Retail,2015-02-16T15:17:57-05:00,2015-02-16T15:16:00-05:00,https://cdn.shopify.com/s/files/1/0763/3069/products/Jade-Yoga-Harmony-Mat-Cover.jpg?v=1631573421
jadeyoga-jade-harmony-2-0,Jade Harmony 2.0,jadeyoga,"Jade Harmony 2.0 has all the grip and comfort our Harmony mat, plus more!


Eco-Friendly - Made in Spain with natural rubber, a rapidly renewable resource, tapped from rubber trees and contains no PVC.

Non-Slip - Open cell natural rubber guarantees optimum grip.

FSC Certified - Natural rubber is sourced from responsibly managed forests.
OEKO-TEX® Certified - Free from harmful substances and safe for everyday use.

Sustainability - Made using 100% renewable energy.

Durability- Tougher and longer lasting with even better grip.

5lbs, 3/16"" thick, 24"" wide, and available in 68"" and 74"" lengths.

*Please note that colors on the screen are approximations and do not match the mats exactly; if you would like to know the exact color of our mats, please visit one of our retailers or email us to request a free sample swatch.
*Latex Warning: Persons with rubber or latex allergies should avoid contact with this mat as it contains dry natural rubber and may contain latex.
*Jade Mats have a rubber scent – your assurance that Jade mats are made sustainably with natural rubber. This natural scent is normal and will dissipate over time.",109.95,119.95,USD,4.762499999999999,mm,"3/16"" thick",172.72,cm,"68"" Length",60.96,cm,"24""",2.267964547178199,kg,5lbs,Natural Rubber,Grippy,Eco-Friendly; Non-Slip,Midnight Blue; Jade Green; Purple; Black; Olive,7,true,9282036367511,jade-harmony-2-0,JadeYoga,MUSHROOM,2655 Box; Retail,2025-12-05T16:55:19-05:00,2025-12-08T20:53:18-05:00,https://cdn.shopify.com/s/files/1/0763/3069/files/Harmony2_49.jpg?v=1764972311
jadeyoga-jade-mushroom-mat,Jade Mushroom Mat,jadeyoga,"Jade Mushroom Mat diverts organic waste from landfills, reducing harmful methane emissions, a significant contributor to global warming, and provides an additional income stream for farmers in developing countries.

Eco-Friendly - Made in Spain with natural rubber, a rapidly renewable resource, tapped from rubber trees and USDA Organic certified oyster mushroom waste and contains no PVC or synthetic plastics.

Non-Slip - Natural Rubber surface guarantees optimum grip.

Comfortable - Better cushion and more resilience than any other yoga mat.

The Jade Mushroom Mat is 5mm thick, 24"" wide, and is available in 68"" or 74"" lengths, and weighs about 4.5lbs.

*Please note that colors on the screen are approximations and do not match the mats exactly; if you would like to know the exact color of our mats, please visit one of our retailers or email us to request a free sample swatch.
*Latex Warning: Persons with rubber or latex allergies should avoid contact with this mat as it contains dry natural rubber and may contain latex.
*Jade Mats have a rubber scent – your assurance that Jade mats are made sustainably with natural rubber. This natural scent is normal and will dissipate over time.",104.95,114.95,USD,5,mm,5mm,172.72,cm,"68"" Length",60.96,cm,"24""",2.041168092460379,kg,4.5lbs,Natural Rubber,Grippy,Eco-Friendly; Non-Slip,Midnight Blue; Jade Green; Purple; Raspberry,6,true,9094656196759,jade-mushroom-mat,JadeYoga,MUSHROOM,2655 Box; Retail,2025-06-19T13:44:46-04:00,2025-09-22T11:37:54-04:00,https://cdn.shopify.com/s/files/1/0763/3069/files/MushroomGroup_10.jpg?v=1750356091
jadeyoga-fusion-mat,Jade Fusion Yoga & Pilates Mat – Extra Thick Natural Rubber Yoga & Pilates Mat - JadeYoga,jadeyoga,"Named Best Thick Mat by Yoga Journal for 2024!

Extra Thick, Extra Comfort: Our thickest mat available, at 5/16"" (8mm) thick, the Fusion mat provides extra cushion for whenever you want, or need, that extra comfort and is great for restorative yoga, pilates, core fitness practices, and cross-fit! 

Incredible grip and ultra comfortable: Never worry about slipping again with our grippy, open cell natural rubber mats.

Eco-Friendly: Made from natural rubber tapped from rubber trees, a renewable resource.

Non-toxic: Jade mats contain no PVC, EVA or other synthetic rubber, and are made in the United States in compliance with all US environmental, labor and consumer protection laws. 

Dimensions: 5/16"" (8mm) thick, 24"" wide, available in two lengths: 68"" and 74"", and weighs about 8.5 pounds. (For a wider and longer variety, see Fusion XW at 28"" wide and 80"" long)

68"" Mat Colors: Purple, Midnight Blue, Slate Blue, and Jade Green

74"" Mat Colors: Purple, Midnight Blue, and Jade Green

Be The Change: Through our partnership with Trees for the Future, JADE PLANTS A TREE FOR EVERY MAT SOLD – with over TWO MILLION trees planted so far.



*Please note that colors on the screen are approximations and do not match the mats exactly; if you would like to know the exact color of our mats, please visit one of our retailers or email us to request a free sample swatch.
*Please also note that our natural rubber mats are not intended for use outdoors and should not be exposed to sunlight.",174.95,199.95,USD,8,mm,8mm,172.72,cm,"lengths: 68""",60.96,cm,"24""",3.855539730202938,kg,8.5 pounds,Natural Rubber,Grippy,Eco-Friendly; Non-Slip,Midnight Blue; Purple; Slate Blue; Jade Green,7,true,443967080,fusion-mat,JadeYoga,Fusion,2666 Box; Retail,2015-03-11T08:18:40-04:00,2015-03-11T08:16:00-04:00,https://cdn.shopify.com/s/files/1/0763/3069/products/568SBRolled.jpg?v=1637350470
jadeyoga-travel-mat,"Best-Selling Travel Yoga Mat  – Lightweight, Portable and Durable",jadeyoga,"Light and Portable:  The Jade Travel Yoga Mat folds up to fit easily into your luggage, allowing you to take your practice with you everywhere!

Great for yogis on the go, and for those who like closer contact with the ground, along with a little cushion! 

Incredible grip from open cell natural rubber

Eco-friendly: Made with natural rubber tapped from rubber trees, a renewable resource

Non-toxic: Jade mats contain no PVC, EVA or other synthetic rubber, and are made in the United States in compliance with all US environmental, labor and consumer protection laws.

Dimensions: 1/8"" thick, 24"" wide, is available in two lengths: 68"" and 74"", and weighs just over 3 pounds

Be The Change: Through our partnership with Trees for the Future, JADE PLANTS A TREE FOR EVERY MAT SOLD – with over TWO MILLION trees planted so far.




*Please note that colors on the screen are approximations and do not match the mats exactly; if you would like to know the exact color of our mats, please visit one of our retailers or email us to request a free sample swatch.
*Please also note that our natural rubber mats are not intended for use outdoors and should not be exposed to sunlight.",79.95,93.75,USD,3.175,mm,"1/8"" thick",172.72,cm,"lengths: 68""",60.96,cm,"24""",1.3607787283069193,kg,3 pounds,Natural Rubber,Grippy,Eco-Friendly; Non-Slip; Lightweight; Travel,Midnight Blue; Olive Green; Purple,5,true,443985608,travel-mat,JadeYoga,Travel,2655 Box; Retail,2015-03-11T08:46:11-04:00,2015-03-11T08:43:00-04:00,https://cdn.shopify.com/s/files/1/0763/3069/products/Jade-Yoga-Travel-Mat-Cover.jpg?v=1631574623
jadeyoga-jade-extra-yoga-mat,Jade Extra Yoga Mat - JadeYoga,jadeyoga,"Extra of everything you want in a yoga mat!


Extra Grip - Textured Polyurethane (PU) surface for superior grip

Extra Durable - PU surface for longer life

Extra Absorbent - PU surface absorbs sweat and is moisture wicking

Extra Safe - Antimicrobial (silver nitrate) surface

Extra Clean - Easy to clean surface

Dimensions: 4.5mm thick, 26"" wide, 71” long, and weighs about 5 pounds

Mat Colors: Kiwi Green, Sapphire Blue, Safety Orange, Red Hot

Be The Change: Through our partnership with Trees for the Future, JADE PLANTS TWO TREES FOR EVERY EXTRA MAT SOLD – with over TWO MILLION trees planted so far.

*Please note that colors on the screen are approximations and do not match the mats exactly; if you would like to know the exact color of our mats, please visit one of our retailers or email us to request a free sample swatch.
*Latex Warning: Persons with rubber or latex allergies should avoid contact with this mat as it contains dry natural rubber and may contain latex.",79.95,79.95,USD,4.5,mm,4.5mm,,,,66.04,cm,"26""",2.267964547178199,kg,5 pounds,Natural Rubber,Textured,Non-Slip; Antimicrobial,Kiwi Green; Sapphire Blue; Safety Orange; Red Hot,4,true,8521067036823,jade-extra-yoga-mat,JadeYoga,EXTRA,2655 Box; Retail,2024-08-27T14:18:17-04:00,2024-08-27T15:02:31-04:00,https://cdn.shopify.com/s/files/1/0763/3069/files/group_0d5eb761-1c1e-456a-bc94-de4ceef55a14.jpg?v=1725894520
jadeyoga-jade-cork-yoga-mat,Jade Cork Yoga Mat - Hot Yoga - Eco Friendly - JadeYoga,jadeyoga,"The Perfect Mat For Hot Yoga!

Eco-Friendly: Made with sustainably harvested cork and natural rubber, rapidly renewable resources and contains no PVC*

Great Grip: Cork provides outstanding grip for hot yoga or other sweaty practices

Comfortable: Natural rubber base provides more comfort and resilience 


Dimensions:  4.5mm thick, 24"" wide, and 72"" long and weight approximately 5 lbs

Be The Change: Through our partnership with Trees for the Future, JADE PLANTS A TREE FOR EVERY MAT SOLD – with over TWO MILLION trees planted so far.


*Made in Spain, the surface of the Jade Cork mat is harvested sustainably from cork trees in Portugal. Trees are not cut down, but after the tree is 25 years old, the bark of the tree is removed. This is repeated every 9 years, with the bark regenerating in the interim - absorbing additional CO2 during this process.
*To Clean: Cork mats can be washed with soap and water then rinsed with water. Hang inside to dry.  Store rolled with cork side out.
*Please note that colors on the screen are approximations and do not match the mats exactly; if you would like to know the exact color of our mats, please visit one of our retailers or email us to request a free sample swatch.",99.95,99.95,USD,4.5,mm,4.5mm,,,,60.96,cm,"24""",2.267964547178199,kg,5 lbs,Cork,Grippy,Eco-Friendly; Non-Slip,Natural,1,true,8521108488343,jade-cork-yoga-mat,JadeYoga,Cork,2655 Box; Retail,2024-08-27T15:25:07-04:00,2024-08-27T15:34:00-04:00,https://cdn.shopify.com/s/files/1/0763/3069/files/2818.jpg?v=1724787182
jadeyoga-level-1-mat,Jade Level One Yoga Mat  For Beginners – JadeYoga,jadeyoga,"The perfect mat for the new yogi

Great grip and cushion to help you focus on the poses without worrying about slipping or what toxins are in your mat at an entry-level price

At 4mm thick, the Level One is slightly thinner than the Harmony mat and a bit thicker than the Travel Mat.

Dimensions: 4mm thick, 24"" wide and 68"" long

Eco-friendly: Made with natural rubber tapped from rubber trees, a renewable resource

Non-toxic: Jade mats contain no PVC, EVA or other synthetic rubber, and are made in the United States in compliance with all US environmental, labor and consumer protection laws.

Review: Click here for a review by Outdoor Prolink


Please note: Level 1 is constructed in a ""single-pass"" with the reinforcing scrim on the bottom of the mat rather than the middle.

Be The Change: Through our partnership with Trees for the Future, JADE PLANTS A TREE FOR EVERY MAT SOLD – with over TWO MILLION trees planted so far.

*Please note that colors on the screen are approximations and do not match the mats exactly; if you would like to know the exact color of our mats, please visit one of our retailers or email us to request a free sample swatch.
*Please also note that our natural rubber mats are not intended for use outdoors and should not be exposed to sunlight.",66.5,66.5,USD,4,mm,4mm,,,,60.96,cm,"24""",,,,Natural Rubber,Grippy,Eco-Friendly; Non-Slip; Travel,Classic Blue; Classic Purple,2,true,51826982930,level-1-mat,JadeYoga,,2655 Box; Retail,2017-11-22T07:57:28-05:00,2017-11-22T07:46:17-05:00,https://cdn.shopify.com/s/files/1/0763/3069/products/Jade-Yoga-Level-One-Mat-Cover.jpg?v=1631819938
jadeyoga-elite-s,Jade Elite S Yoga Mat - Durable and Supportive - Eco Friendly - JadeYoga,jadeyoga,"Firm and Durable: Jade's ELITE S mat is specifically designed for those with vigorous practice, making it our most durable mat yet! 

Designed for a flowing practice: The ELITE S is ideal for Ashtanga, and those with more flowing practices

Extra dense top layer gives the mat added firmness and durability, while its smooth surface boasts outstanding grip for almost any practice.

Eco-friendly: Made with natural rubber tapped from rubber trees, a renewable resource

Non-toxic: Jade mats contain no PVC, EVA or other synthetic rubber, and are made in the United States in compliance with all US environmental, labor and consumer protection laws. 

Dimensions: 3/16"" thick, 24"" wide, and 71"" long and weight approximately 5 lbs

Be The Change: Through our partnership with Trees for the Future, JADE PLANTS A TREE FOR EVERY MAT SOLD – with over TWO MILLION trees planted so far.

*Please note that colors on the screen are approximations and do not match the mats exactly; if you would like to know the exact color of our mats, please visit one of our retailers or email us to request a free sample swatch. 





SEE WHAT INDEPENDENT YOGIS ARE SAYING ABOUT THE JADE ELITE S YOGA MAT:




“It is AMAZING! Nothing moves. Nothing. The mat never moves…my hands, feet, etc. don’t ever shift or move around in the practice. I am in love!” I LOVE this new mat by Jade specifically designed for Ashtanga Yoga. Practicing on it was a dream, it had great grip, and it's thick enough so it was cushiony but firm as well. The feel and thickness are on point. I would recommend this mat to all Ashtangis for their daily yoga practice.”",129.95,129.95,USD,4.762499999999999,mm,"3/16"" thick",,,,60.96,cm,"24""",2.267964547178199,kg,5 lbs,Natural Rubber,Grippy,Eco-Friendly; Non-Slip,Forest Green/Black,1,true,8617281682,elite-s,JadeYoga,Elite S,2655 Box; Retail,2016-12-18T15:02:20-05:00,2016-12-18T14:54:00-05:00,https://cdn.shopify.com/s/files/1/0763/3069/products/Jade-Yoga-Elite-S-Mat-Cover.jpg?v=1631575460
jadeyoga-harmony-mat-xw,Harmony XW Yoga Mat – Eco Friendly and Chemical Free -  JadeYoga,jadeyoga,"Extra Wide and Extra Long: Our most popular premium 3/16"" thick jade yoga Harmony mat now is available in 28"" width, extra wide (standard mats are 24"" wide), allowing you to broaden your practice.
Incredible grip, great comfort and eco-friendly

Eco-friendly: Made with natural rubber tapped from rubber trees, a renewable resource.

Non-toxic: Jade mats contain no PVC, EVA or other synthetic rubber, and are made in the United States in compliance with all US environmental, labor and consumer protection laws. 

Dimensions: 3/16"" thick, 28"" wide, and 80"" long

Be The Change: Through our partnership with Trees for the Future, JADE PLANTS A TREE FOR EVERY MAT SOLD – with over TWO MILLION trees planted so far.",149.95,149.95,USD,4.762499999999999,mm,"3/16"" thick",203.2,cm,"80"" Length",60.96,cm,"24""",,,,Natural Rubber,Grippy,Eco-Friendly; Non-Slip; Premium,Midnight Blue,1,true,444002112,harmony-mat-xw,JadeYoga,Harmony XW,2866 Box; jade yoga harmony mat; meta-related-collection-fusion-mat; Retail; Yoga Harmony Mat; yoga mat,2015-03-11T09:07:58-04:00,2015-03-11T09:06:00-04:00,https://cdn.shopify.com/s/files/1/0763/3069/products/Jade-Yoga-Harmony-Mat-Extra-Wide-Cover.jpg?v=1631576030
jadeyoga-xw-fusion,XW Fusion Yoga Mat - Extra Wide and Thick for Grip - JadeYoga,jadeyoga,"Our Thickest, Longest, Widest Mat: At 5/16"" (8mm) thick, the XW Fusion is perfect for the XL yogi, or anyone looking for a mat with enough room to comfortably move and enough cushion for their body.

80"" Long and 28"" Wide: Wider and longer than your average yoga mat

Incredible grip and ultra comfortable: Never worry about slipping again with our grippy, open cell natural rubber mats.

Eco-Friendly: Made from natural rubber tapped from rubber trees, a renewable resource.

Non-toxic: Jade mats contain no PVC, EVA or other synthetic rubber, and are made in the United States in compliance with all US environmental, labor and consumer protection laws. 

Dimensions: 5/16"" (8mm) thick, 28"" wide and is available 80"" long, in beautiful two tone Purple/Midnight Blue

Be The Change: Through our partnership with Trees for the Future, JADE PLANTS A TREE FOR EVERY MAT SOLD – with over TWO MILLION trees planted so far.

 
*Please note that colors on the screen are approximations and do not match the mats exactly; if you would like to know the exact color of our mats, please visit one of our retailers or email us to request a free sample swatch.
*Please also note that our natural rubber mats are not intended for use outdoors and should not be exposed to sunlight.",249.95,249.95,USD,8,mm,8mm,203.2,cm,"80""",71.12,cm,"28""",,,,Natural Rubber,Grippy,Eco-Friendly; Non-Slip,,1,false,3366458053,xw-fusion,JadeYoga,XW Fusion,2866 Box,2015-12-31T11:50:19-05:00,2015-12-31T11:21:00-05:00,https://cdn.shopify.com/s/files/1/0763/3069/products/Jade-Yoga-Fusion-Extra-Wide-Cover.jpg?v=1631576344
jadeyoga-organic-cotton-mysore-yoga-rugs-1,Organic Cotton Mysore Yoga Rug – JadeYoga,jadeyoga,"Perfect for Outdoor Use: Jade's organic cotton Mysore yoga rugs are perfect for all kinds of yoga classes, including Ashtanga, outdoor classes, and beach yoga. Please use it on top of your Jade mat to prevent slipping when using it on hard surfaces such as hardwood, laminate, and tile floors.

Organic cotton and all-natural vegetable dyes made from herbs such as indigo, cumin, and turmeric. The herbal dyes are specially made in small batches in order to get the most color and benefits from the herbs.  To see the process of dying our yarns, click here.


Connect to the traditional roots of yoga with the Mysore yoga rug
Dimensions: 26” wide and 72” long, and lightweight at only 2.5 lbs

Handwoven by local artisans in India: These rugs are handwoven by rural artisans in India, preserving a tradition and art form and providing a livelihood for weavers. Weaving is a traditional way of life for many people in this area of India and has seen a huge decline in recent years as it can be very difficult to make a living with weaving and many people have left in search of other jobs. These yoga rugs support the traditional weavers and allow them to use their skills to support their families. For many of them, this is the only job they have ever had and making these rugs allows them to keep this tradition alive.  To see a video with one of our weavers, please click here.  
Care Instructions: Machine washable. Wash colors separately in cold water and hang to dry as rugs may shrink in the wash.

Be The Change: Through our partnership with the Akshaya Patra Foundation, with each Mysore yoga rug purchased, Jade will provide a week of hot lunches for a child in need in India.


*Please note that colors on the screen are approximations and do not match the rugs exactly; if you would like to know the exact color of our rugs, please visit one of our retailers or email us to request a free sample swatch.",79.95,79.95,USD,,,,,,,66.04,cm,26”,1.1339822735890994,kg,2.5 lbs,Cotton,,Lightweight,Indigo (blue); Karungali (black); Turmeric (yellow); Tulasi (green); Anatoo (orange),5,true,4030691999816,organic-cotton-mysore-yoga-rugs-1,JadeYoga,Cotton Yoga Rug,2866 Box; mysore yoga rugs; Retail; Yoga Rug,2019-09-02T15:09:20-04:00,2019-09-02T15:09:20-04:00,https://cdn.shopify.com/s/files/1/0763/3069/products/Jade-Yoga-Organic-Cotton-Mysore-Yoga-Rug-Cover.jpg?v=1630642349
jadeyoga-dharba-grass-yoga-meditation-mat,Meditation Mats – Handwoven Darbha Grass Mats -  JadeYoga,jadeyoga,"Handwoven Darbha Grass meditation mats will transport you to a natural state of meditation with their earthy grass feel and scent.


Meditate in peace with a Darbha grass mat and enjoy the natural scent of the mat

Made from Darbha grass and cotton. Darbha grass is a tropical grass that grows in India and is considered sacred.

Click here for a review from Business Insider.  

Dimensions: 26"" wide and 72"" long

Please use over a Jade mat to prevent slipping on hard floors such as hardwood, laminate, or tile floors.

Made by local artisans in India: Jade's Darbha grass meditation mats are handwoven by rural artisans, preserving a tradition and art form and providing a livelihood for weavers. Weaving is a traditional way of life for many people in this area of India and has seen a massive decline in recent years as it can be very difficult to make a living with weaving and many people have left in search of other jobs. These rugs support the traditional weavers and allow them to use their skills to support their families. For many of them, this is the only job they have ever had and making these rugs allows them to keep this tradition alive. Please click here to hear our weaver talk about his work. 

Be The Change: Through our partnership with the Akshaya Patra Foundation, with each Darbha Grass meditation mat purchased, Jade will provide a week of hot lunches for a child in India.",64.95,64.95,USD,,,,,,,66.04,cm,"26""",,,,Cotton,,,,1,true,4030779555912,dharba-grass-yoga-meditation-mat,JadeYoga,Darbha Grass Mat,2866 Box; Retail,2019-09-02T15:38:06-04:00,2019-09-02T15:38:06-04:00,https://cdn.shopify.com/s/files/1/0763/3069/products/Jade-Yoga-Dharba-Grass-Yoga-Meditation-Mat-Cover.jpg?v=1631575901
jadeyoga-recycled-sari-yoga-rug,Recycled Sari Yoga Rug - JadeYoga,jadeyoga,"Perfect for Outdoor Use: Jade's recycled sari yoga rugs are perfect for all kinds of yoga classes, including Ashtanga, outdoor classes, and beach yoga. Please use it on top of your Jade mat to prevent slipping when using it on hard surfaces such as hardwood, laminate, and tile floors.

Sustainable: Made with recycled cotton and a mix of Sari Materials which are made of a variety of silk materials. 

Handmade: Created by the Local Women's Handicraft (LWH) in Nepal. LWH seeks to empower and educate women, enabling them to write their own destinies.

Empowering Women: LWH provides a safe space for women who have escaped abusive practices in the textile industry and other injustices in their local communities. Their manufacturing facilities allow these women to learn new skills and crafts as a group to help heal and rehabilitate their spirits.

Ethical Fashion: Through raising awareness and making fashion an ethical way, their goal is to end childhood slavery, forced marriage, and other injustices against women.

Dimensions: 24"" x 72""

Care Instructions: Washing: Hand wash or machine wash on gentle cycle, opt for cold water as often as possible. Use lukewarm water when needed. Do not use bleach. Drying: We recommend air-dry only. Do not tumble dry. Our upcycled materials are mainly made from silk fabrics and other materials, silk is very delicate and the high temperatures of the tumble dryer can shrink or damage your silks. Ironing: Iron on low setting if needed.


*Please note that every rug is handmade and colors will vary.",79.95,79.95,USD,,,,182.88,cm,"24"" x 72""

",60.96,cm,"24"" x 72""

",,,,Cotton,,Eco-Friendly,,1,true,5609212379287,recycled-sari-yoga-rug,JadeYoga,,lwh; recycled sari rugs; Sari Yoga Rug,2020-09-03T17:32:03-04:00,2020-09-03T17:36:40-04:00,https://cdn.shopify.com/s/files/1/0763/3069/products/9159.jpg?v=1599168863
liforme-liforme-classic-yoga-mat,Liforme Classic Yoga Mat,liforme,"TRULY REVOLUTIONARY. The original ground-breaking Liforme Classic Yoga Mat features our unique and patented AlignForMe® posture alignment design. The intelligent markers help guide Yogis of all levels and sizes to improve form, posture, and body awareness with every practice.
Experience unmatched non-slip grip, with our incredible GripForMe® top surface material, so you can hold poses longer and avoid slipping, even in the sweatiest of Yoga practices. Made from sustainably sourced natural rubber and PVC-free materials, this Yoga mat is truly Planet friendly and body-kind. 
Designed to be longer and wider than standard Yoga mats, it gives you more space to move freely, with the perfect balance of firm stability and soft cushioning for every pose.
Includes a complimentary Yoga Mat bag for easy carrying and storage.",160,160,USD,4.2,mm,4.2mm,185,cm,185cm x 68cm ,68,cm,185cm x 68cm ,2.5,kg,2.5kg,Natural Rubber,Grippy,Eco-Friendly; Non-Slip; Alignment Marks; Premium,Black; Deep Forest Green; Grey; Maroon; Purple; Dusk Blue; Olive; Terracotta; Aqua Teal; Blue; Pink; Golden Sand; Green,13,true,6149522456751,liforme-classic-yoga-mat,Liforme,Yoga Mat,4.2mm cushioning; AlignForMe; alignment guides; all-level yoga; beginner yoga; BOGO50; BOGO_offer; buy_x; classic-collection; collection-Giving Back; colour-blue; colour-dusk-blue; colour-green; colour-grey; colour-maroon; colour-olive; colour-pink; colour-purple; colour-sand; etched; get_y; GripForMe; home yoga; hot yoga; natural rubber; NEW-SITE; posture support; premium yoga mat; PVC-free; regular size; sale; standard size; sustainable yoga mat; type-Yoga Mat; update-feed; vegan; vinyasa yoga; YGroup_yogamat,2020-12-10T12:06:14+00:00,2024-03-25T10:31:33+00:00,https://cdn.shopify.com/s/files/1/0259/3665/8531/files/Liforme_Classic_Black_Yoga_Mat_Frontview.png?v=1772447172
liforme-liforme-cosmic-moon-yoga-mat,Liforme Cosmic Moon Yoga Mat,liforme,"TRULY LUMINOUS. The Cosmic Moon Yoga Mat features a radiant moon AlignForMe® posture alignment design, in beautiful shades of yellow, blue, green, lilac, and white on our super-grippy mat surface. Inspired by the celestial energy of the lunar cycle, this visually stunning Yoga mat is designed to support your physical and spiritual transformation.
Printed using durable, eco-friendly, non-toxic inks, our Planet-friendly Yoga mat is made with sustainably sourced natural rubber and PVC-free materials. The unmatched non-slip surface allowing you to hold poses longer and avoid slipping, even in the sweatiest of Yoga practices.
Designed to be longer and wider than standard Yoga mats, it gives you more space to move freely, with the perfect balance of firm stability and soft cushioning for every pose - ideal for all body types and Yoga styles.
Includes a complimentary Yoga Mat bag for easy carrying and storage.",190,190,USD,4.2,mm,4.2mm,185,cm,185cm x 68cm ,68,cm,185cm x 68cm ,2.5,kg,2.5kg,Natural Rubber,Grippy,Eco-Friendly; Non-Slip; Alignment Marks; Premium,Dusk Blue; Black; Blue,3,true,7765817622703,liforme-cosmic-moon-yoga-mat,Liforme,Yoga Mat,4.2mm cushioning; 4mm; AlignForMe; alignment guides; all-level yoga; beginner yoga; BOGO50; BOGO_offer; buy_x; colour-black; colour-blue; colour-dusk-blue; cosmic-collection; eco-friendly-ink; get_y; GripForMe; home yoga; hot yoga; natural rubber; NEW-SITE; posture support; premium yoga mat; PVC-free; regular size; sale; standard size; sustainable yoga mat; type-Yoga Mat; update-feed; vegan; vinyasa yoga; YGroup_cosmic-yogamat,2024-03-18T12:58:11+00:00,2025-03-04T11:06:04+00:00,https://cdn.shopify.com/s/files/1/0259/3665/8531/files/Yoga-Mats_0002s_0002_Liforme-Cosmic-Moon-Yoga-Mat-Front-View_dd439b98-a36f-4724-9426-94cd4259aede.png?v=1764692225
liforme-liforme-tropical-paradise-yoga-mat,Liforme Tropical Paradise Yoga Mat,liforme,"TRULY EXOTIC.  Welcome to your oasis, a bright sea of brilliant colours with the Liforme Tropical Paradise Yoga Mat. Featuring a vibrant AlignForMe® design in tropical pink, green, orange, purple, red, yellow, and white flora and fauna, evoking a sunny day in paradise.Printed using durable, eco-friendly, non-toxic ink, our Planet-friendly Yoga mat is made with sustainably sourced natural rubber and PVC-free materials. This joyful refuge will be your happy place as you move freely on our unmatched non-slip surface allowing you to hold poses longer and avoid slipping, even in the sweatiest of Yoga practices.Designed to be longer and wider than standard Yoga mats, it gives you more space to move freely, with the perfect balance of firm stability and soft cushioning for every pose - ideal for all body types and Yoga styles. 
Take your slice of paradise anywhere with the complimentary Yoga Mat bag for easy carrying and storage.",190,190,USD,4.2,mm,4.2mm,185,cm,185cm x 68cm ,68,cm,185cm x 68cm ,2.5,kg,2.5kg,Natural Rubber,Grippy,Eco-Friendly; Non-Slip; Alignment Marks; Premium,Aqua Teal,1,true,14958245052792,liforme-tropical-paradise-yoga-mat,Liforme,Yoga Mat,4.2mm cushioning; 4mm; AlignForMe; alignment guides; all-level yoga; beginner yoga; BOGO50; BOGO_offer; buy_x; colour-aqua; colour-blue; eco-friendly-ink; get_y; GripForMe; home yoga; hot yoga; natural rubber; new-in; NEW-SITE; posture support; premium yoga mat; PVC-free; regular size; standard size; sustainable yoga mat; type-Yoga Mat; update-feed; vegan; vinyasa yoga; YGroup_tropical-yogamat,2025-08-18T13:50:12+01:00,2025-09-22T16:38:45+01:00,https://cdn.shopify.com/s/files/1/0259/3665/8531/files/Liforme_Tropical_Paradise_Yoga_Mat_Aqua_Tealt_Front-View.png?v=1770053593
liforme-liforme-deep-forest-mindful-garden-yoga-mat,Liforme Deep Forest Mindful Garden Yoga Mat,liforme,"TRULY IN BLOOM. Step into your practice with the Liforme Mindful Garden Yoga Mat, featuring a beautiful floral AlignForMe® alignment guide printed in verdant botanical non-toxic, durable eco-friendly ink colours. These intelligent alignment markers work intuitively with your body, allowing you to stay balanced, aligned and centred; creating a joyful place to nurture your Yoga practice.
Featuring our GripForMe® non-slip top surface, this mat delivers unmatched grip and the perfect balance of firm stability and soft cushioning. It’s truly planet-friendly and body-kind, made from sustainably sourced natural rubber and PVC-free materials.
Longer and wider than standard Yoga mats, it gives you the space you need to move freely and practice without limits.
Includes a complimentary Yoga mat bag for effortless carrying and storage.",190,190,USD,4.2,mm,4.2mm,185,cm,185cm x 68cm ,68,cm,185cm x 68cm ,2.5,kg,2.5kg,Natural Rubber,Grippy,Eco-Friendly; Non-Slip; Alignment Marks; Premium,Deep Forest Green,1,true,14909729276280,liforme-deep-forest-mindful-garden-yoga-mat,Liforme,Yoga Mat,4.2mm cushioning; 4mm; AlignForMe; alignment guides; all-level yoga; beginner yoga; BOGO50; BOGO_offer; buy_x; colour-green; colour-grey; colour-olive; colour-purple; eco-friendly-ink; get_y; GripForMe; home yoga; hot yoga; Mindful Garden; natural rubber; NEW-SITE; posture support; premium yoga mat; PVC-free; regular size; standard size; sustainable yoga mat; type-Yoga Mat; vegan; vinyasa yoga; YGroup_mindfulyoga,2025-04-25T14:03:15+01:00,2025-05-06T14:59:22+01:00,https://cdn.shopify.com/s/files/1/0259/3665/8531/files/Forrest_Green_9c64ce67-ae25-4038-8a7d-933759da4203.png?v=1746618242
liforme-liforme-mindful-garden-yoga-mat,Liforme Mindful Garden Yoga Mat,liforme,"TRULY IN BLOOM. Step into your practice with the Liforme Mindful Garden Yoga Mat, featuring a beautiful floral AlignForMe® alignment guide printed in six vibrant, non-toxic, durable eco-friendly ink colours. These intelligent alignment markers work intuitively with your body, allowing you to stay balanced, aligned and centred; creating a joyful place to nurture your Yoga practice.
Featuring our GripForMe® non-slip top surface, this mat delivers unmatched grip and the perfect balance of firm stability and soft cushioning. It’s truly planet-friendly and body-kind, made from sustainably sourced natural rubber and PVC-free materials.
Longer and wider than standard Yoga mats, it gives you the space you need to move freely and practice without limits.
Includes a complimentary Yoga mat bag for effortless carrying and storage.",190,190,USD,4.2,mm,4.2mm,185,cm,185cm x 68cm ,68,cm,185cm x 68cm ,2.5,kg,2.5kg,Natural Rubber,Grippy,Eco-Friendly; Non-Slip; Alignment Marks; Premium,Olive; Grey; Purple,3,true,7765813526703,liforme-mindful-garden-yoga-mat,Liforme,Yoga Mat,4.2mm cushioning; 4mm; AlignForMe; alignment guides; all-level yoga; beginner yoga; BOGO50; BOGO_offer; buy_x; colour-green; colour-grey; colour-olive; colour-purple; eco-friendly-ink; get_y; GripForMe; home yoga; hot yoga; Mindful Garden; natural rubber; NEW-SITE; posture support; premium yoga mat; PVC-free; regular size; sale; standard size; sustainable yoga mat; type-Yoga Mat; vegan; vinyasa yoga; YGroup_mindfulyoga,2024-03-18T12:28:08+00:00,2024-03-25T10:31:40+00:00,https://cdn.shopify.com/s/files/1/0259/3665/8531/files/Yoga-Mats_0005s_0000_22.04.29-Mindful-Garden-Mat---FINAL-01-copy.png?v=1757075404
liforme-liforme-blossoming-lotus-yoga-mat,Liforme Blossoming Lotus Yoga Mat,liforme,"TRULY FLOURISHING. The Blossoming Lotus Yoga Mat is an exuberant reinterpretation of Liforme’s original Lotus centrepiece, which has been featured on our mats since they debuted in 2013. Printed using durable, eco-friendly, non-toxic inks, the AlignForMe® posture alignment design appears in a beautiful gradient of pinks on our grey base, or in rich tangerine and violet tones on our deep purple Earth surface. These intelligent markers help guide Yogis of all levels and sizes to improved posture, balance, and body awareness.
Experience unmatched non-slip surface allowing you to hold poses longer and avoid slipping, even in the sweatiest of Yoga practices. Made from sustainably sourced natural rubber and PVC-free materials, it’s truly planet-friendly and body-kind.
Designed to be longer and wider than standard Yoga mats, it gives you more space to move freely, with the perfect balance of firm stability and soft cushioning for every pose - ideal for all body types and Yoga styles.
Includes a complimentary Yoga Mat bag for easy carrying and storage.",190,190,USD,4.2,mm,4.2mm,185,cm,185cm x 68cm ,68,cm,185cm x 68cm ,2.5,kg,2.5kg,Natural Rubber,Grippy,Eco-Friendly; Non-Slip; Alignment Marks; Premium,Grey; Purple,2,true,7769349980335,liforme-blossoming-lotus-yoga-mat,Liforme,Yoga Mat,4.2mm cushioning; 4mm; AlignForMe; alignment guides; all-level yoga; beginner yoga; BOGO50; BOGO_offer; buy_x; colour-grey; colour-purple; eco-friendly-ink; get_y; GripForMe; home yoga; hot yoga; natural rubber; NEW-SITE; posture support; premium yoga mat; Product; PVC-free; regular size; standard size; sustainable yoga mat; type-Yoga Mat; vegan; vinyasa yoga; YGroup_lotus-yoga-mat,2024-03-22T16:25:52+00:00,2024-04-03T11:27:33+01:00,https://cdn.shopify.com/s/files/1/0259/3665/8531/files/Untitled-1_0002_Front-View-Lotus-Purple.png?v=1765284979
liforme-liforme-magic-galaxy-yoga-mat-gold-silver,Liforme Magic Galaxy Yoga Mat - Gold & Silver,liforme,"Step onto the Liforme Magic Galaxy Yoga Mat and feel your practice expand in every direction. Inspired by a starry night sky, its celestial AlignForMe® design intuitively guides your posture and balance - transforming every session into something magical.
Each mat is carefully hand-printed using our signature non-toxic, eco-friendly metallic inks, creating a shimmering celestial finish that’s truly unique. The Magic Galaxy is a luminous, gold & silver fully printed design, rich in detail, artistry, and craftsmanship, and is also available in a second celestial palette to suit your vibe: Silver on dusk blue or black mat surface.
Beyond its beauty, it’s engineered for performance: unmatched grip and stability, even through the sweatiest flows. Crafted from sustainably sourced natural rubber and PVC-free materials, it’s planet-friendly, vegan, and made to perform - practice after practice.
Designed to be longer and wider than standard Yoga mats, it gives you more space to move freely, with the perfect balance of firm stability and soft cushioning - ideal for all body types and Yoga styles.
Easily transport your Magic Galaxy anywhere on the Planet with our a complimentary Yoga Mat bag making transport and storage effortless.",220,220,USD,4.2,mm,4.2mm,185,cm,185cm x 68cm ,68,cm,185cm x 68cm ,2.5,kg,2.5kg,Natural Rubber,Grippy,Eco-Friendly; Non-Slip; Alignment Marks; Premium,Black,1,true,14969576849784,liforme-magic-galaxy-yoga-mat-gold-silver,Liforme,Yoga Mat,4.2mm cushioning; 4mm; AlignForMe; alignment guides; all-level yoga; beginner yoga; BOGO50; BOGO_offer; buy_x; colour-black; eco-friendly-ink; free_cleaner; get_y; GripForMe; home yoga; hot yoga; natural rubber; new-in; NEW-SITE; posture support; premium yoga mat; Product; PVC-free; regular size; standard size; sustainable yoga mat; type-Yoga Mat; vegan; vinyasa yoga; YGroup_magic-galaxy-yoga-mat,2025-09-26T14:51:45+01:00,2025-10-20T17:24:50+01:00,https://cdn.shopify.com/s/files/1/0259/3665/8531/files/Liforme_Magic_Galaxy_Yoga_Mat_Silver_Gold_Black_Frontview.png?v=1758894743
liforme-liforme-x-you-your-unique-yoga-mat,Liforme x You - A unique Yoga Mat,liforme,"Truly Unique. With the Liforme Yoga Mat Customiser, the look of your next mat is completely up to you. Start by picking your favourite Liforme mat colour and theme, then add alignment guidelines (as few or as many as you like) in the colours of your choice and finish it with your signature for a Yoga mat as unique as you are.
Every custom Liforme Yoga Mat features our beloved grippy surface, three-layer construction, and eco-friendly commitment. Our user-friendly interface and innovative printing process make the process fun, quick, and easy.
Complimentary bag included.",240,260,USD,4,mm,4mm,,,,,,,,,,,Grippy,Eco-Friendly; Non-Slip; Alignment Marks,Grey; Purple; Orange; Yellow; Blue; Pink; White; Dusk; Olive; Black; Red; Maroon; Sand; Terracotta; Aqua; Forest,48,true,7159308124335,liforme-x-you-your-unique-yoga-mat,Liforme Customiser,Liforme x You,4mm; add to-yoga mats; buy_x; colour-aqua; colour-black; colour-blue; colour-dusk-blue; colour-forestgreen; colour-golden sand; colour-green; colour-grey; colour-maroon; colour-olive; colour-orange; colour-pink; colour-purple; colour-red; colour-terracotta; colour-white; colour-yellow; custom-mat-shipping; customiser; eco-friendly-ink; NEW-SITE; no-wishlist; Product; rainbow; sale; type-Yoga Mat; YGroup_custommat,2022-02-18T15:35:59+00:00,2025-10-21T08:04:04+01:00,https://cdn.shopify.com/s/files/1/0259/3665/8531/files/Customiser_neutrals_-_star_buy.png?v=1773224998
liforme-liforme-mystique-yoga-mat,Liforme Mystique Yoga Mat,liforme,"TRULY ALLURING. Feel the allure of Mystique with the Liforme Mystique Yoga Mat. Featuring an abstract, tone-on-tone AlignForMe® design that evokes mystery, elegance, and sophistication. Its enigmatic appeal lies in its union of sleek black ink on our black mat surface. Printed using durable, eco-friendly, non-toxic ink, our Planet-friendly Yoga mat is made with sustainably sourced natural rubber and PVC-free materials. It offers unmatched non-slip surface allowing you to hold poses longer and avoid slipping, even in the sweatiest of Yoga practices.Designed to be longer and wider than standard Yoga mats, it gives you more space to move freely, with the perfect balance of firm stability and soft cushioning for every pose - ideal for all body types and Yoga styles. 
Includes a complimentary Yoga Mat bag for easy carrying and storage.",190,190,USD,4.2,mm,4.2mm,185,cm,185cm x 68cm ,68,cm,185cm x 68cm ,2.5,kg,2.5kg,Natural Rubber,Grippy,Eco-Friendly; Non-Slip; Alignment Marks; Premium,Black on Black,1,true,14934739550584,liforme-mystique-yoga-mat,Liforme,Yoga Mat,4.2mm cushioning; 4mm; AlignForMe; alignment guides; all-level yoga; beginner yoga; BOGO50; BOGO_offer; buy_x; colour-black; colour-grey; eco-friendly-ink; get_y; GripForMe; home yoga; hot yoga; natural rubber; NEW-SITE; posture support; premium yoga mat; PVC-free; regular size; standard size; sustainable yoga mat; type-Yoga Mat; vegan; vinyasa yoga; YGroup_mystique-yogamat,2025-06-10T11:18:25+01:00,2025-07-07T17:31:44+01:00,https://cdn.shopify.com/s/files/1/0259/3665/8531/files/Liforme_Mystique-Black_Yoga_Mat_2.png?v=1752495937
liforme-liforme-white-magic-yoga-mat,Liforme White Magic Yoga Mat,liforme,"TRULY MAGICAL. The Liforme White Magic Yoga Mat, designed in collaboration with international Yoga teacher Kino MacGregor, brings a touch of elegance and enchantment to your practice. Its creamy base is beautifully printed with a metallic gold AlignForMe® posture alignment design, a magical embellished version of our original alignment system. 
Printed using durable, eco-friendly, non-toxic inks, our Planet-friendly Yoga mat is made with sustainably sourced natural rubber. It offers unmatched non-slip surface allowing you to hold poses longer and avoid slipping, even in the sweatiest of Yoga practices.
Designed to be longer and wider than standard Yoga mats, it gives you more space to move freely, with the perfect balance of firm stability and soft cushioning for every pose - ideal for all body types and Yoga styles.
Includes a complimentary Yoga Mat bag for easy carrying and storage.",200,200,USD,4.2,mm,4.2mm,185,cm,185cm x 68cm ,68,cm,185cm x 68cm ,2.5,kg,2.5kg,Natural Rubber,Grippy,Eco-Friendly; Non-Slip; Alignment Marks; Premium,White,1,true,7772431286447,liforme-white-magic-yoga-mat,Liforme,Yoga Mat,4.2mm cushioning; 4mm; AlignForMe; alignment guides; all-level yoga; beginner yoga; BOGO50; BOGO_offer; buy_x; colour-white; eco-friendly-ink; free_cleaner; get_y; GripForMe; home yoga; hot yoga; natural rubber; NEW-SITE; posture support; premium yoga mat; Product; PVC-free; regular size; standard size; sustainable yoga mat; type-Yoga Mat; vegan; vinyasa yoga; YGroup_whiteyoga,2024-03-26T16:10:20+00:00,2024-04-03T11:27:42+01:00,https://cdn.shopify.com/s/files/1/0259/3665/8531/files/Liforme_White_Magic_Yoga_Mat_Front-View.png?v=1711469510
liforme-liforme-majestic-carpet-yoga-mat,Liforme Majestic Carpet Yoga Mat,liforme,"TRULY MAJESTIC. Welcome to the warmth and comfort of home, wherever you practice. Inspired by the beauty of traditional woven rugs, the Liforme Majestic Yoga Mat brings grounding energy and elegance to every flow. Choose from our rich maroon mat surface, featuring our Majestic AlignForMe® Design in deep reds, oranges, yellows, and browns, or our golden sand mat surface, printed with soothing olive green, orange, and yellow hues.
Printed using durable, eco-friendly, non-toxic inks, our Planet-friendly Yoga mat is made with sustainably sourced natural rubber, designed to complement your home environment. It offers unmatched non-slip surface allowing you to hold poses longer and avoid slipping, even in the sweatiest of Yoga practices.
Longer and wider than standard Yoga mats, it provides the space you need to move freely, with the perfect balance of firm stability and soft cushioning. Made from sustainably sourced natural rubber and PVC-free, non-toxic materials, it’s truly planet-friendly and body-kind.
Includes a complimentary Yoga mat bag for easy carrying and storage.",195,195,USD,4.2,mm,4.2mm,185,cm,185cm x 68cm ,68,cm,185cm x 68cm ,2.5,kg,2.5kg,Natural Rubber,Grippy,Eco-Friendly; Non-Slip; Alignment Marks; Premium,Maroon; Golden Sand,2,true,7772324528303,liforme-majestic-carpet-yoga-mat,Liforme,Yoga Mat,4.2mm cushioning; 4mm; AlignForMe; alignment guides; all-level yoga; beginner yoga; BOGO50; BOGO_offer; buy_x; colour-maroon; colour-sand; eco-friendly-ink; get_y; GripForMe; home yoga; hot yoga; natural rubber; NEW-SITE; posture support; premium yoga mat; Product; PVC-free; regular size; standard size; sustainable yoga mat; type-Yoga Mat; vegan; vinyasa yoga; YGroup_majesticyoga,2024-03-26T13:17:19+00:00,2024-04-03T11:27:41+01:00,https://cdn.shopify.com/s/files/1/0259/3665/8531/files/Liforme_Majestic-Carpet-Maroon_Yoga_Mat_Front-View.png?v=1744293861
liforme-liforme-black-gold-yoga-mat,Liforme Black & Gold Yoga Mat,liforme,"TRULY GLORIOUS. The Liforme Black & Gold Yoga Mat brings bold elegance to your practice. Set against our mat(te) black surface, the mat features a striking gold AlignForMe® posture alignment system, designed to guide you intuitively through each pose with improved posture, balance, and body awareness.
Printed using durable, eco-friendly, non-toxic inks, our Planet-friendly Yoga mat is made with sustainably sourced natural rubber and PVC-free materials. It offers unmatched non-slip surface allowing you to hold poses longer and avoid slipping, even in the sweatiest of Yoga practices.
Designed to be longer and wider than standard Yoga mats, it gives you more space to move freely, with the perfect balance of firm stability and soft cushioning for every pose - ideal for all body types and Yoga styles.
Includes a complimentary Yoga Mat bag for easy carrying and storage.",200,200,USD,4.2,mm,4.2mm,185,cm,185cm x 68cm ,68,cm,185cm x 68cm ,2.5,kg,2.5kg,Natural Rubber,Grippy,Eco-Friendly; Non-Slip; Alignment Marks; Premium,Black,1,true,7769350373551,liforme-black-gold-yoga-mat,Liforme,Yoga Mat,4.2mm cushioning; 4mm; AlignForMe; alignment guides; all-level yoga; beginner yoga; BOGO50; BOGO_offer; buy_x; colour-black; eco-friendly-ink; free_cleaner; get_y; GripForMe; home yoga; hot yoga; natural rubber; NEW-SITE; posture support; premium yoga mat; Product; PVC-free; regular size; standard size; sustainable yoga mat; type-Yoga Mat; vegan; vinyasa yoga; YGroup_balck-gold-yoga-mat,2024-03-22T16:28:07+00:00,2024-04-16T10:58:40+01:00,https://cdn.shopify.com/s/files/1/0259/3665/8531/files/Liforme_Black-_-Gold_Yoga_Mat_Front_View_bc70df73-2972-4d14-a2f4-d25205fa823f.png?v=1713261497
liforme-liforme-paisley-passion-yoga-mat,Liforme Paisley Passion Yoga Mat,liforme,"TRULY IMPASSIONED. Find your passion for every pose with the Liforme Paisley Passion Yoga Mat. Whether it's the maroon mat swirling with tonal shades of pink or the olive mat adorned with citrus and vanilla hues, each features a gorgeous paisley centrepiece and AlignForMe® alignment system, designed enhance posture, balance, and body awareness.
Experience unmatched non-slip surface allowing you to hold poses longer and avoid slipping, even in the sweatiest of Yoga practices. Made from sustainably sourced natural rubber and PVC-free materials, it’s truly planet-friendly and body-kind.
Designed to be longer and wider than standard Yoga mats, it gives you more space to move freely, with the perfect balance of firm stability and soft cushioning for every pose - ideal for all body types and Yoga styles.
Includes a complimentary Yoga Mat bag for easy carrying and storage.",190,190,USD,4.2,mm,4.2mm,185,cm,185cm x 68cm ,68,cm,185cm x 68cm ,2.5,kg,2.5kg,Natural Rubber,Grippy,Eco-Friendly; Non-Slip; Alignment Marks; Premium,Olive; Maroon,2,true,7772433055919,liforme-paisley-passion-yoga-mat,Liforme,Yoga Mat,4.2mm cushioning; 4mm; AlignForMe; alignment guides; all-level yoga; beginner yoga; BOGO50; BOGO_offer; buy_x; colour-maroon; colour-olive; eco-friendly-ink; get_y; GripForMe; home yoga; hot yoga; natural rubber; NEW-SITE; posture support; premium yoga mat; Product; PVC-free; regular size; standard size; sustainable yoga mat; type-Yoga Mat; vegan; vinyasa yoga; YGroup_paisleyyoga,2024-03-26T16:16:23+00:00,2024-04-09T09:20:10+01:00,https://cdn.shopify.com/s/files/1/0259/3665/8531/files/Yoga-Mats-Hero_0008_Paisley-Maroon-Front-View.png?v=1764257989
liforme-liforme-tantalising-terracotta-yoga-mat,Liforme Tantalising Terracotta Yoga Mat,liforme,"TRULY CONNECTED. Ground down to the Earth to connect to your higher self. The Liforme Tantalising Terracotta Yoga Mat’s tile-inspired Mosaic AlignForMe® design expresses organic forms in earthy shades of dark red, orange, and umber. 
Printed using durable, eco-friendly, non-toxic inks, our Planet-friendly Yoga mat is made with sustainably sourced natural rubber and PVC-free materials. It offers unmatched non-slip surface allowing you to hold poses longer and avoid slipping, even in the sweatiest of Yoga practices.
Designed to be longer and wider than standard Yoga mats, it gives you more space to move freely, with the perfect balance of firm stability and soft cushioning for every pose - ideal for all body types and Yoga styles.
Includes a complimentary Yoga Mat bag for easy carrying and storage.",190,190,USD,4.2,mm,4.2mm,185,cm,185cm x 68cm ,68,cm,185cm x 68cm ,2.5,kg,2.5kg,Natural Rubber,Grippy,Eco-Friendly; Non-Slip; Alignment Marks; Premium,Terracotta,1,true,8053955068079,liforme-tantalising-terracotta-yoga-mat,Liforme,Yoga Mat,4.2mm cushioning; 4mm; AlignForMe; alignment guides; all-level yoga; beginner yoga; BOGO50; BOGO_offer; buy_x; colour-terracotta; eco-friendly-ink; get_y; GripForMe; home yoga; hot yoga; natural rubber; NEW-SITE; posture support; premium yoga mat; Product; PVC-free; regular size; standard size; sustainable yoga mat; type-Yoga Mat; vegan; vinyasa yoga; YGroup_tantalising-yoga-mat,2024-08-12T17:40:05+01:00,2024-08-13T16:45:08+01:00,https://cdn.shopify.com/s/files/1/0259/3665/8531/files/v2_Liforme_Tantaslising_Terracotta_Yoga_Mat_2_fb7e57d2-5150-4c1b-9943-65d61153033c.png?v=1740066970
liforme-liforme-rainbow-yoga-mat,Liforme Rainbow Yoga Mat,liforme,"The Liforme Rainbow Yoga Mat features a bold and beautiful rainbow variation of our signature AlignForMe® posture alignment design, available on vibrant Yellow, calming Blue, or uplifting Grateful Pink surfaces. Designed for Yogis of all shapes and sizes, the intelligent cues of the AlignForMe® system help you stay balanced and aligned, reducing the risk of injury and enhancing body awareness.
Printed using durable, eco-friendly, non-toxic inks, our Planet-friendly Yoga mat is made with sustainably sourced natural rubber. It offers unmatched non-slip surface allowing you to hold poses longer and avoid slipping, even in the sweatiest of Yoga practices.
Designed to be longer and wider than standard Yoga mats, it gives you more space to move freely, with the perfect balance of firm stability and soft cushioning for every pose - ideal for all body types and Yoga styles.
Includes a complimentary Yoga Mat bag for easy carrying and storage.",190,190,USD,4.2,mm,4.2mm,185,cm,185cm x 68cm ,68,cm,185cm x 68cm ,2.5,kg,2.5kg,Natural Rubber,Grippy,Eco-Friendly; Non-Slip; Alignment Marks; Premium,Blue Sky; Yellow Hope; Grateful Pink,3,true,7769350963375,liforme-rainbow-yoga-mat,Liforme,Yoga Mat,4.2mm cushioning; AlignForMe; alignment guides; all-level yoga; beginner yoga; BOGO50; BOGO_offer; buy_x; collection-Giving Back; colour-blue; colour-pink; colour-yellow; eco-friendly-ink; get_y; GripForMe; home yoga; hot yoga; natural rubber; NEW-SITE; posture support; premium yoga mat; PVC-free; regular size; standard size; sustainable yoga mat; type-Yoga Mat; vegan; vinyasa yoga; YGroup_rainbow-yoga-mat,2024-03-22T16:31:38+00:00,2024-04-03T11:27:40+01:00,https://cdn.shopify.com/s/files/1/0259/3665/8531/files/Liforme_Rainbow_Yoga_Mat_Blue_Front-View.png?v=1765283193
liforme-liforme-magic-galaxy-yoga-mat-silver,Liforme Magic Galaxy Yoga Mat - Silver,liforme,"Step onto the Liforme Magic Galaxy Yoga Mat and feel your practice expand in every direction. Inspired by a starry night sky, its celestial AlignForMe® design intuitively guides your posture and balance - transforming every session into something magical.
Each mat is carefully hand-printed using our signature non-toxic, eco-friendly metallic inks, creating a shimmering celestial finish that’s truly unique. The Magic Galaxy is a luminous, gold & silver fully printed design, rich in detail, artistry, and craftsmanship, and is also available in a second celestial palette to suit your vibe: Gold & Silver on dusk blue or black mat surface.
Beyond its beauty, it’s engineered for performance: unmatched grip and stability, even through the sweatiest flows. Crafted from sustainably sourced natural rubber and PVC-free materials, it’s planet-friendly, vegan, and made to perform - practice after practice.
Designed to be longer and wider than standard Yoga mats, it gives you more space to move freely, with the perfect balance of firm stability and soft cushioning - ideal for all body types and Yoga styles.
Easily transport your Magic Galaxy anywhere on the Planet with our a complimentary Yoga Mat bag making transport and storage effortless.",220,220,USD,4.2,mm,4.2mm,185,cm,185cm x 68cm ,68,cm,185cm x 68cm ,2.5,kg,2.5kg,Natural Rubber,Grippy,Eco-Friendly; Non-Slip; Alignment Marks; Premium,Dusk Blue; Black,2,true,14969535791480,liforme-magic-galaxy-yoga-mat-silver,Liforme,Yoga Mat,4.2mm cushioning; 4mm; AlignForMe; alignment guides; all-level yoga; beginner yoga; BOGO50; BOGO_offer; buy_x; colour-black; eco-friendly-ink; free_cleaner; get_y; GripForMe; home yoga; hot yoga; natural rubber; new-in; NEW-SITE; posture support; premium yoga mat; Product; PVC-free; regular size; standard size; sustainable yoga mat; type-Yoga Mat; update-feed; vegan; vinyasa yoga; YGroup_magic-galaxy-yoga-mat,2025-09-26T12:21:25+01:00,2025-10-20T17:19:58+01:00,https://cdn.shopify.com/s/files/1/0259/3665/8531/files/Liforme_Magic_Galaxy_Yoga_Mat_Silver_Dusk_Blue_Frontview.png?v=1764254814
liforme-liforme-expressions-yoga-mat,Liforme Expressions Yoga Mat,liforme,"TRULY EXPRESSIVE. Let your practice reflect what you feel inside with the Liforme Expressions Yoga Mats. Featuring our iconic AlignForMe® system, reimagined with subtle, symbolic designs that represent Happiness, Gratitude and Love. Choose the sunshine mandala and flying bluebirds of Happiness, the prayer hands and blossoming lotus of Gratitude, or the radiant Love Lotus at the centre of the Love design. Each variation offers meaningful guidance to improve posture and body awareness while uplifting your spirit.
Experience unmatched non-slip grip, with our incredible GripForMe® top surface material, so you can hold poses longer and avoid slipping, even in the sweatiest of Yoga practices. Made from sustainably sourced natural rubber and PVC-free materials, this Yoga mat is truly Planet friendly and body-kind. 
Designed to be longer and wider than standard Yoga mats, it gives you more space to move freely, with the perfect balance of firm stability and soft cushioning for every pose.
Includes a complimentary Yoga Mat bag for easy carrying and storage.",170,170,USD,4.2,mm,4.2mm,185,cm,185cm x 68cm ,68,cm,185cm x 68cm ,2.5,kg,2.5kg,Natural Rubber,Grippy,Eco-Friendly; Non-Slip; Alignment Marks; Premium,Happiness Orange; Love Red; Gratitude Pink; Gratitude Grey,4,true,7769271992495,liforme-expressions-yoga-mat,Liforme,Yoga Mat,4.2mm cushioning; 4mm; AlignForMe; alignment guides; all-level yoga; beginner yoga; BOGO50; BOGO_offer; buy_x; collection-Expressions; colour-grey; colour-orange; colour-pink; colour-purple; colour-red; etched; get_y; GripForMe; home yoga; hot yoga; natural rubber; NEW-SITE; no-index; posture support; premium yoga mat; PVC-free; regular size; sale; standard size; sustainable yoga mat; type-Yoga Mat; vegan; vinyasa yoga; YGroup_expression-yogamat,2024-03-22T13:45:14+00:00,2024-04-03T11:27:26+01:00,https://cdn.shopify.com/s/files/1/0259/3665/8531/files/Liforme_Happiness-Orange_Yoga_Mat_Front-View_3ef77ee9-5761-43ec-b89a-8391962842ef.png?v=1756918348
liforme-liforme-mother-earth-yoga-mat,Liforme Mother Earth Yoga Mat,liforme,"The Liforme Mother Earth Yoga Mat was created to inspire a connection with nature during your practice. Featuring an adapted of AlignForMe® alignment design adorned with a beautiful hand-painted depiction of ‘Mother Earth’ surrounded by the leaves of her trees. Printed in three beautiful shades of green, olive, and purple using our eco-friendly, non-toxic inks, these intelligent markers help guide Yogis of all levels and sizes to improved posture, balance, and body awareness.
Experience unmatched non-slip surface allowing you to hold poses longer and avoid slipping, even in the sweatiest of Yoga practices. Made from sustainably sourced natural rubber and PVC-free materials, it’s truly planet-friendly and body-kind.
Designed to be longer and wider than standard Yoga mats, it gives you more space to move freely, with the perfect balance of firm stability and soft cushioning for every pose - ideal for all body types and Yoga styles.
Includes a complimentary Yoga Mat bag for easy carrying and storage.",190,190,USD,4.2,mm,4.2mm,185,cm,185cm x 68cm ,68,cm,185cm x 68cm ,2.5,kg,2.5kg,Natural Rubber,Grippy,Eco-Friendly; Non-Slip; Alignment Marks; Premium,Purple,1,true,7772435906735,liforme-mother-earth-yoga-mat,Liforme,Yoga Mat,4.2mm cushioning; AlignForMe; alignment guides; all-level yoga; beginner yoga; BOGO50; BOGO_offer; buy_x; china; collection-Giving Back; colour-purple; eco-friendly-ink; free_cleaner; get_y; GripForMe; home yoga; hot yoga; natural rubber; NEW-SITE; posture support; premium yoga mat; Product; PVC-free; regular size; standard size; sustainable yoga mat; type-Yoga Mat; vegan; vinyasa yoga; YGroup_motherearth,2024-03-26T16:22:51+00:00,2024-04-03T11:27:46+01:00,https://cdn.shopify.com/s/files/1/0259/3665/8531/files/Yoga-Mats_0001s_0004_Mother-Earth.png?v=1768559026
liforme-liforme-radiant-sun-yoga-mat,Liforme Radiant Sun Yoga Mat,liforme,"TRULY RADIANT. No matter the weather, it’s always sunny on your Liforme Radiant Sun Yoga Mat. Featuring a radiant AlignForMe® design printed in warm yellow, orange, and red durable, eco-friendly, non-toxic inks. Available on either our vibrant yellow or calming blue surface, the Radiant Sun design brings light and energy to your practice.
Experience unmatched non-slip surface allowing you to hold poses longer and avoid slipping, even in the sweatiest of Yoga practices. Made from sustainably sourced natural rubber and PVC-free materials, it’s truly planet-friendly and body-kind.
Designed to be longer and wider than standard Yoga mats, it gives you more space to move freely, with the perfect balance of firm stability and soft cushioning for every pose - ideal for all body types and Yoga styles.
Includes a complimentary Yoga Mat bag for easy carrying and storage.",190,190,USD,4.2,mm,4.2mm,185,cm,185cm x 68cm ,68,cm,185cm x 68cm ,2.5,kg,2.5kg,Natural Rubber,Grippy,Eco-Friendly; Non-Slip; Alignment Marks; Premium,Yellow; Blue,2,true,7769350865071,liforme-radiant-sun-yoga-mat,Liforme,Yoga Mat,4.2mm cushioning; AlignForMe; alignment guides; all-level yoga; beginner yoga; BOGO50; BOGO_offer; buy_x; colour-blue; colour-yellow; eco-friendly-ink; get_y; GripForMe; home yoga; hot yoga; natural rubber; NEW-SITE; posture support; premium yoga mat; PVC-free; regular size; standard size; sustainable yoga mat; vegan; vinyasa yoga; YGroup_radiant-sun-yoga-mat,2024-03-22T16:31:21+00:00,2024-04-03T11:27:38+01:00,https://cdn.shopify.com/s/files/1/0259/3665/8531/files/Liforme_Radiant_Yoga_Mat_Blue_Front-View.png?v=1773234144
liforme-liforme-dragon-phoenix-yoga-mat,Liforme Dragon & Phoenix Yoga Mat,liforme,"The Liforme Dragon and Phoenix Yoga Mats brings harmony and balance to your practice. Set against our red surface, the mat features a striking gold AlignForMe® posture alignment system, designed to guide you intuitively through each pose with improved posture, balance, and body awareness.
Printed using durable, eco-friendly, non-toxic inks, our Planet-friendly Yoga mat is made with sustainably sourced natural rubber and PVC-free materials. It offers unmatched non-slip surface allowing you to hold poses longer and avoid slipping, even in the sweatiest of Yoga practices.
Designed to be longer and wider than standard Yoga mats, it gives you more space to move freely, with the perfect balance of firm stability and soft cushioning for every pose - ideal for all body types and Yoga styles.
Includes a complimentary Yoga Mat bag for easy carrying and storage.",200,200,USD,4.2,mm,4.2mm,185,cm,185cm x 68cm ,68,cm,185cm x 68cm ,2.5,kg,2.5kg,Natural Rubber,Grippy,Eco-Friendly; Non-Slip; Alignment Marks; Premium,Dragon Red; Phoenix Red,2,true,14943989956984,liforme-dragon-phoenix-yoga-mat,Liforme,Yoga Mat,4.2mm cushioning; AlignForMe; alignment guides; all-level yoga; beginner yoga; BOGO50; BOGO_offer; buy_x; colour-red; eco-friendly-ink; get_y; GripForMe; home yoga; hot yoga; natural rubber; NEW-SITE; posture support; premium yoga mat; PVC-free; regular size; standard size; sustainable yoga mat; type-Yoga Mat; update-feed; vegan; vinyasa yoga; YGroup_zodiacmat,2025-07-14T16:01:41+01:00,2025-11-02T18:21:44+00:00,https://cdn.shopify.com/s/files/1/0259/3665/8531/files/Liforme_Zodiac-Phoenix_Yoga_Mat_Font-View1_cf2c63b9-b8e5-4877-96f2-d71ee14c3d8b.png?v=1762077977
liforme-liforme-zodiac-yoga-mat,Liforme Zodiac Yoga Mat,liforme,"The special edition Liforme Zodiac Yoga Mats celebrate Good Fortune and the rich symbolism of the Chinese Zodiac. Each mat pays tribute to the Chinese New Year, with past editions honouring the ‘Year of the Rat’, ‘Year of the Pig’, and ‘Year of the Dog’, featuring a unique etched design inspired by the Zodiac Animal. The latest addition is the bold and dynamic ‘Year of the Tiger’ mat, showcasing a striking black and cream tiger-striped AlignForMe® design on a vibrant orange mat surface. 
Experience unmatched non-slip grip, with our incredible GripForMe® top surface material, so you can hold poses longer and avoid slipping, even in the sweatiest of Yoga practices. Made from sustainably sourced natural rubber and PVC-free materials, this Yoga mat is truly Planet friendly and body-kind. 
Designed to be longer and wider than standard Yoga mats, it gives you more space to move freely, with the perfect balance of firm stability and soft cushioning for every pose.
As part of Liforme’s commitment to conservation, 3% of Liforme.com sales of the Year of the Tiger Yoga Mat will be donated to WWF to support their conservation and campaigning work which is helping to bring our world back to life. WWF-UK is a registered charity in England and Wales 1081247 and in Scotland SC039593 and a company limited by guarantee registered in England and Wales 4016725. 
Includes a complimentary Yoga Mat bag for easy carrying and storage.",170,190,USD,4.2,mm,4.2mm,185,cm,185cm x 68cm ,68,cm,185cm x 68cm ,2.5,kg,2.5kg,Natural Rubber,Grippy,Eco-Friendly; Non-Slip; Alignment Marks; Premium,Rat Red; Pig Red; Dog Red; Tiger Orange,4,true,7769345917103,liforme-zodiac-yoga-mat,Liforme,Yoga Mat,4.2mm cushioning; AlignForMe; alignment guides; all-level yoga; beginner yoga; BOGO50; BOGO_offer; buy_x; collection-Giving Back; colour-orange; colour-red; get_y; GripForMe; home yoga; hot yoga; natural rubber; NEW-SITE; posture support; premium yoga mat; PVC-free; regular size; standard size; sustainable yoga mat; type-Yoga Mat; vegan; vinyasa yoga; YGroup_zodiacmat,2024-03-22T16:05:16+00:00,2024-04-03T11:27:32+01:00,https://cdn.shopify.com/s/files/1/0259/3665/8531/files/Liforme_Zodiac-Tiger_Yoga_Mat_Font-View2.png?v=1766482639
liforme-liforme-in-line-yoga-mat,Liforme In Line Yoga Mat,liforme,"TRULY SLEEK.  Minimal, elegant, and streamlined, the Liforme In Line Yoga Mat, was designed to keep your Yoga practice straight and true. This tone-on-tone mat features a black AlignForMe® posture alignment design on our black mat surface for a sleek, understated look. 
Printed using durable, eco-friendly, non-toxic inks, our Planet-friendly Yoga mat is made with sustainably sourced natural rubber and PVC-free materials. The unmatched non-slip surface allowing you to hold poses longer and avoid slipping, even in the sweatiest of Yoga practices.
Designed to be longer and wider than standard Yoga mats, it gives you more space to move freely, with the perfect balance of firm stability and soft cushioning for every pose - ideal for all body types and Yoga styles.
Includes a complimentary Yoga Mat bag for easy carrying and storage",190,190,USD,4.2,mm,4.2mm,185,cm,185cm x 68cm ,68,cm,185cm x 68cm ,2.5,kg,2.5kg,Natural Rubber,Grippy,Eco-Friendly; Non-Slip; Alignment Marks; Premium,Black on Black,1,true,14934740730232,liforme-in-line-yoga-mat,Liforme,Yoga Mat,4.2mm cushioning; 4mm; AlignForMe; alignment guides; all-level yoga; beginner yoga; BOGO50; BOGO_offer; buy_x; colour-black; colour-grey; eco-friendly-ink; get_y; GripForMe; home yoga; hot yoga; natural rubber; NEW-SITE; posture support; premium yoga mat; PVC-free; regular size; standard size; sustainable yoga mat; type-Yoga Mat; vegan; vinyasa yoga; YGroup_inline-yogamat,2025-06-10T11:21:48+01:00,2025-07-07T17:33:42+01:00,https://cdn.shopify.com/s/files/1/0259/3665/8531/files/Liforme_In-Line-Black_Yoga_Mat_1.png?v=1752495987
liforme-liforme-evolve-yoga-mat,Liforme Evolve Yoga Mat,liforme,"TRULY REFINED. The Liforme Evolve Yoga Mat, is designed for those who appreciate simplicity without compromising on quality. This mat features a pared-back and refined AlignForMe® alignment system for those who like a clean and minimalist look. The sleek design offers subtle visual guidance to support your practice without unnecessary distractions.
Experience unmatched non-slip grip, with our incredible GripForMe® top surface material, so you can hold poses longer and avoid slipping, even in the sweatiest of Yoga practices. Made from sustainably sourced natural rubber and PVC-free materials, this Yoga mat is truly Planet friendly and body-kind. 
Designed to be longer and wider than standard Yoga mats, it gives you more space to move freely, with the perfect balance of firm stability and soft cushioning for every pose.
Includes a complimentary Yoga Mat bag for easy carrying and storage.",160,160,USD,4.2,mm,4.2mm,185,cm,185cm x 68cm ,68,cm,185cm x 68cm ,2.5,kg,2.5kg,Natural Rubber,Grippy,Eco-Friendly; Non-Slip; Alignment Marks,Grey; Blue; Green; Pink,4,true,7769350668463,liforme-evolve-yoga-mat,Liforme,Evolve Mat,BOGO50; BOGO_offer; buy_x; colour-blue; colour-green; colour-grey; colour-pink; etched; get_y; NEW-SITE; type-Yoga Mat; YGroup_evolvemat,2024-03-22T16:30:17+00:00,2024-04-03T11:27:37+01:00,https://cdn.shopify.com/s/files/1/0259/3665/8531/files/Liforme_Evolve-Grey_Yoga_Mat_Front_View.png?v=1711461117
liforme-liforme-mindful-garden-xl-yoga-mat,Liforme Mindful Garden XL Yoga Mat,liforme,"TRULY IN BLOOM. Step into your practice with the Liforme Mindful Garden Yoga Mat, featuring a beautiful floral AlignForMe® alignment guide printed in six vibrant, non-toxic, durable eco-friendly ink colours. These intelligent alignment markers work intuitively with your body, allowing you to stay balanced, aligned and centred; creating a joyful place to nurture your Yoga practice.
Featuring our GripForMe® non-slip top surface, this mat delivers unmatched grip and the perfect balance of firm stability and soft cushioning. It’s truly planet-friendly and body-kind, made from sustainably sourced natural rubber and PVC-free materials.
With an extra 10 inches (25 cm) in length compared to our regular Yoga mats, our extra large Yoga mat offers gives you more space to move freely, with the perfect balance of firm stability and soft cushioning for every pose - ideal for all body types and Yoga styles.
Includes a complimentary XL Yoga mat bag for effortless carrying and storage.",220,220,USD,4.2,mm,4.2mm,210,cm,210cm x 70cm ,70,cm,210cm x 70cm ,3.5,kg,3.5kg,Natural Rubber,Grippy,Eco-Friendly; Non-Slip; Alignment Marks; Premium,Olive; Purple,2,true,14867347341688,liforme-mindful-garden-xl-yoga-mat,Liforme,XL Yoga Mat,4.2mm cushioning; 4mm; add to-yoga mats; AlignForMe; alignment guides; all-level yoga; beginner yoga; BOGO50; BOGO_offer; buy_x; colour-green; colour-olive; colour-purple; eco-friendly-ink; eco‑friendly; extended length mat; extra long yoga mat; get_y; GripForMe; home yoga; hot yoga; Mindful Garden; natural rubber; NEW-SITE; non‑slip; posture support; premium yoga mat; PVC-free; regular size; standard size; studio yoga; sustainable yoga mat; type-XL Yoga Mat; vegan; vinyasa yoga; XL yoga mat; YGroup_mindfulyoga,2025-01-02T12:01:02+00:00,2025-01-14T10:14:01+00:00,https://cdn.shopify.com/s/files/1/0259/3665/8531/files/XL-Mat-Hero.png?v=1737994129
liforme-liforme-cosmic-moon-xl-yoga-mat,Liforme Cosmic Moon XL Yoga Mat,liforme,"TRULY LUMINOUS. The Cosmic Moon XL Yoga Mat features a radiant moon AlignForMe® posture alignment design, in beautiful shades of yellow, blue, green, lilac, and white on our super-grippy mat surface. Inspired by the celestial energy of the lunar cycle, this visually stunning Yoga mat is designed to support your physical and spiritual transformation.
With an extra 10 inches (25 cm) in length compared to our regular Yoga mats, our extra large Yoga mat offers gives you more space to move freely, with the perfect balance of firm stability and soft cushioning for every pose - ideal for all body types and Yoga styles.
Printed using durable, eco-friendly, non-toxic inks, our Planet-friendly Yoga mat is made with sustainably sourced natural rubber and PVC-free materials. It offers unmatched non-slip surface allowing you to hold poses longer and avoid slipping, even in the sweatiest of Yoga practices.
Includes a complimentary XL Yoga Mat bag for easy carrying and storage.",220,220,USD,4.2,mm,4.2mm,210,cm,210cm x 70cm ,70,cm,210cm x 70cm ,3.5,kg,3.5kg,Natural Rubber,Grippy,Eco-Friendly; Non-Slip; Alignment Marks; Premium,Dusk Blue,1,false,14867341443448,liforme-cosmic-moon-xl-yoga-mat,Liforme,XL Yoga Mat,4.2mm cushioning; 4mm; add to-yoga mats; AlignForMe; alignment guides; all-level yoga; beginner yoga; BOGO50; BOGO_offer; buy_x; colour-blue; colour-dusk-blue; Cosmic Moon; cosmic-collection; eco-friendly-ink; eco‑friendly; extended length mat; extra long yoga mat; get_y; GripForMe; home yoga; hot yoga; natural rubber; NEW-SITE; non‑slip; posture support; premium yoga mat; PVC-free; regular size; standard size; studio yoga; sustainable yoga mat; type-XL Yoga Mat; vegan; vinyasa yoga; XL yoga mat; YGroup_cosmic-yogamat,2025-01-02T11:34:06+00:00,2025-01-14T10:13:59+00:00,https://cdn.shopify.com/s/files/1/0259/3665/8531/files/XL-Mat-Hero_0006_Cosmic-Purple-front-view.png?v=1736855108
liforme-liforme-blossoming-lotus-xl-yoga-mat,Liforme Blossoming Lotus XL Yoga Mat,liforme,"TRULY FLOURISHING. The Blossoming Lotus Yoga Mat is an exuberant reinterpretation of Liforme’s original Lotus centrepiece, which has been featured on our mats since they debuted in 2013. Printed using durable, eco-friendly, non-toxic inks, the AlignForMe® posture alignment design appears in a beautiful gradient of pinks on our grey base, or in rich tangerine and violet tones on our deep purple Earth surface. These intelligent markers help guide Yogis of all levels and sizes to improved posture, balance, and body awareness.
With an extra 10 inches (25 cm) in length compared to our regular Yoga mats, our extra large Yoga mat offers gives you more space to move freely, with the perfect balance of firm stability and soft cushioning for every pose - ideal for all body types and Yoga styles.
Experience unmatched non-slip surface allowing you to hold poses longer and avoid slipping, even in the sweatiest of Yoga practices. Made from sustainably sourced natural rubber and PVC-free materials, it’s truly planet-friendly and body-kind.
Includes a complimentary XL Yoga Mat bag for easy carrying and storage.",220,220,USD,4.2,mm,4.2mm,,,,70,cm,70cm,3.5,kg,3.5kg,Natural Rubber,Grippy,Eco-Friendly; Non-Slip; Alignment Marks; Premium,Purple,1,true,14867343049080,liforme-blossoming-lotus-xl-yoga-mat,Liforme,XL Yoga Mat,4.2mm cushioning; 4mm; add to-yoga mats; AlignForMe; alignment guides; all-level yoga; beginner yoga; BOGO50; BOGO_offer; buy_x; colour-purple; eco-friendly-ink; eco‑friendly; extended length mat; extra long yoga mat; get_y; GripForMe; home yoga; hot yoga; natural rubber; NEW-SITE; non‑slip; posture support; premium yoga mat; Product; PVC-free; regular size; standard size; studio yoga; sustainable yoga mat; type-XL Yoga Mat; vegan; vinyasa yoga; XL yoga mat; YGroup_lotus-yoga-mat,2025-01-02T11:46:53+00:00,2025-01-14T10:13:07+00:00,https://cdn.shopify.com/s/files/1/0259/3665/8531/files/XL-Mat-Hero_0007_Lotus-Purple-front-view_3ac57759-8597-4e0a-bed3-2aca2053b353.png?v=1756308892
liforme-liforme-xl-mountain-yoga-mat,Liforme XL Mountain Yoga Mat,liforme,"TRULY MASSIVE. The Liforme Mountain XL Yoga Mat features a topographically inspired AlignForMe® design printed with our durable, non-toxic inks on our mat(te) black surface. These intelligent alignment markers are designed to intuitively guide you through each pose, supporting improved posture, balance, and body awareness.
With an extra 10 inches (25 cm) in length compared to our regular Yoga mats, our extra large Yoga mat offers unparalleled room for growth. Draw on the power of earth and freedom of sky to breathe, move, and expand in every direction. 
Perfect for all body types and Yoga styles, this mat provides the perfect balance of firm stability and soft cushioning, supported by our signature GripForMe® non-slip surface. Made from sustainably sourced natural rubber and PVC-free materials, it’s truly planet-friendly and body-kind.
Includes a complimentary XL Yoga Mat bag for easy carrying and storage.",220,220,USD,4.2,mm,4.2mm,210,cm,210cm x 70cm ,70,cm,210cm x 70cm ,3.5,kg,3.5kg,Natural Rubber,Grippy,Eco-Friendly; Non-Slip; Alignment Marks; Premium,Black,1,true,7772436267183,liforme-xl-mountain-yoga-mat,Liforme,XL Yoga Mat,4.2mm cushioning; 4mm; add to-yoga mats; AlignForMe; alignment guides; all-level yoga; beginner yoga; BOGO50; BOGO_offer; buy_x; colour-black; eco-friendly-ink; eco‑friendly; extended length mat; extra long yoga mat; get_y; GripForMe; home yoga; hot yoga; natural rubber; NEW-SITE; non‑slip; posture support; premium yoga mat; Product; PVC-free; regular size; standard size; studio yoga; sustainable yoga mat; type-XL Yoga Mat; vegan; vinyasa yoga; XL yoga mat; YGroup_xl-mountain-mat,2024-03-26T16:23:54+00:00,2024-04-03T11:27:48+01:00,https://cdn.shopify.com/s/files/1/0259/3665/8531/files/XL-Mat-Hero_0008_Liforme_Mountain_XL_Yoga_Mat_Front-View.png?v=1736855292
liforme-liforme-xl-yoga-mat,Liforme XL Yoga Mat,liforme,"TRULY MASSIVE. The Liforme XL Yoga Mat now features a printed AlignForMe®  alignment guide. This new printed design replaces the previous etched version, offering a cleaner, more defined look with subtle contrast that’s easier to see as you move. It intuitively guides you through each pose to help you align more naturally and confidently, supporting better posture, balance, and body awareness.With an extra 10 inches (25 cm) in length compared to our Regular Yoga mats, our Extra Large Yoga Mat offers unparalleled room for growth and the perfect balance of firm stability and soft cushioning. Ideal for taller Yogis or those who value the freedom to stretch, flow, and move without limits.,Experience unmatched non-slip grip, with our incredible GripForMe® top surface material, so you can hold poses longer and avoid slipping, even in the sweatiest of Yoga practices. Made from sustainably sourced natural rubber and PVC-free materials, it’s truly planet-friendly and body-kind.Includes a complimentary XL Yoga Mat bag for easy carrying and storage.",200,200,USD,4.2,mm,4.2mm,210,cm,210cm x 70cm ,70,cm,210cm x 70cm ,3.5,kg,3.5kg,Natural Rubber,Grippy,Eco-Friendly; Non-Slip; Alignment Marks; Premium,Black; Dusk Blue; Olive; Purple,4,true,7772436496559,liforme-xl-yoga-mat,Liforme,XL Yoga Mat,4.2mm cushioning; 4mm; add to-yoga mats; AlignForMe; alignment guides; all-level yoga; beginner yoga; BOGO50; BOGO_offer; buy_x; classic-collection; colour-dusk-blue; colour-olive; colour-purple; eco-friendly-ink; eco‑friendly; extended length mat; extra long yoga mat; get_y; GripForMe; home yoga; hot yoga; natural rubber; NEW-SITE; non‑slip; posture support; premium yoga mat; Product; PVC-free; regular size; standard size; studio yoga; sustainable yoga mat; type-XL Yoga Mat; vegan; vinyasa yoga; XL yoga mat; YGroup_xl-mat,2024-03-26T16:24:44+00:00,2025-08-18T17:39:14+01:00,https://cdn.shopify.com/s/files/1/0259/3665/8531/files/Liforme_Black_XL_Yoga_Mat_Frontview_8242bd02-3499-4098-850d-9ce6cc7b5f1f.png?v=1772012802
liforme-liforme-classic-travel-yoga-mat,Liforme Classic Travel Yoga Mat,liforme,"TRULY REVOLUTIONARY. The original ground-breaking Liforme Classic Travel Yoga Mat features our unique and patented AlignForMe® posture alignment design. The intelligent markers help guide Yogis of all levels and sizes to improve form, posture, and body awareness with every practice.
Experience unmatched non-slip grip, with our incredible GripForMe® top surface material, so you can hold poses longer and avoid slipping, even in the sweatiest of Yoga practices. Made from sustainably sourced natural rubber and PVC-free materials, this Yoga mat is truly Planet friendly and body-kind. 
Thinner and lighter than our regular Yoga mats, this mat is effortless to carry, perfect for on-the-go practice, whether you’re heading to the studio, traveling, or practicing outdoors.
Includes a complimentary Travel Yoga Mat bag for easy carrying and storage.",130,130,USD,2,mm,2mm,180,cm,180cm x 66cm ,66,cm,180cm x 66cm ,1.6,kg,1.6kg,Natural Rubber,Grippy,Eco-Friendly; Non-Slip; Lightweight; Travel; Alignment Marks; Premium,Grey; Deep Forest Green; Purple; Olive; Blue; Pink; Green,7,true,7739030765743,liforme-classic-travel-yoga-mat,Liforme,Travel Yoga Mat,2mm; 4.2mm cushioning; AlignForMe; alignment guides; all-level yoga; beginner yoga; BOGO50; BOGO_offer; buy_x; classic-collection; collection-Giving Back; colour-blue; colour-grey; colour-pink; colour-purple; compact yoga mat; etched; get_y; GripForMe; home yoga; hot yoga; lightweight; natural rubber; NEW-SITE; portable; portable yoga mat; posture support; premium yoga mat; PVC-free; regular size; sale; standard size; studio yoga; sustainable yoga mat; travel friendly; travel size; travel yoga; vegan; vinyasa yoga; YGroup_travelmat,2024-02-28T15:21:12+00:00,2024-03-26T17:33:04+00:00,https://cdn.shopify.com/s/files/1/0259/3665/8531/files/Liforme_Grey_Travel_Yoga_Mat_Front-View.png?v=1740421097
liforme-liforme-cosmic-moon-travel-yoga-mat,Liforme Cosmic Moon Travel Yoga Mat,liforme,"TRULY LUMINOUS. The Cosmic Moon Yoga Mat features a radiant moon AlignForMe® posture alignment design, in beautiful shades of yellow, blue, green, lilac, and white on our super-grippy mat surface. Inspired by the celestial energy of the lunar cycle, this visually stunning Yoga mat is designed to support your physical and spiritual transformation.
Printed using durable, eco-friendly, non-toxic inks, our Planet-friendly Yoga mat is made with sustainably sourced natural rubber and PVC-free materials. It offers unmatched non-slip surface allowing you to hold poses longer and avoid slipping, even in the sweatiest of Yoga practices.
Lighter than our regular Yoga mats, this mat is effortless to carry, perfect for on-the-go practice, whether you’re heading to the studio, traveling, or practicing outdoors.
Includes a complimentary Travel Yoga mat bag for easy travel and storage.",155,155,USD,4.2,mm,4.2mm,180,cm,180cm x 66cm ,66,cm,180cm x 66cm ,1.6,kg,1.6kg,Natural Rubber,Grippy,Eco-Friendly; Non-Slip; Lightweight; Travel; Alignment Marks; Premium,Black; Dusk Blue; Blue,3,true,7772468838575,liforme-cosmic-moon-travel-yoga-mat,Liforme,Travel Yoga Mat,4.2mm cushioning; 4mm; AlignForMe; alignment guides; all-level yoga; beginner yoga; BOGO50; BOGO_offer; buy_x; colour-black; colour-blue; colour-dusk-blue; compact yoga mat; Cosmic Moon; cosmic-collection; eco-friendly-ink; get_y; GripForMe; home yoga; hot yoga; lightweight; natural rubber; NEW-SITE; portable; portable yoga mat; posture support; premium yoga mat; PVC-free; regular size; standard size; studio yoga; sustainable yoga mat; travel friendly; travel size; travel yoga; vegan; vinyasa yoga; YGroup_cosmic-travel-mat,2024-03-26T17:11:22+00:00,2024-04-03T11:27:54+01:00,https://cdn.shopify.com/s/files/1/0259/3665/8531/files/Liforme_Cosmic-Moon-Dusk-Blue_Travel_Yoga_Mat_Front-View.png?v=1764850505
liforme-liforme-mindful-garden-travel-yoga-mat,Liforme Mindful Garden Travel Yoga Mat,liforme,"TRULY IN BLOOM. Step into your practice with the Liforme Mindful Garden Travel Yoga Mat, featuring a beautiful floral AlignForMe® alignment guide printed in six vibrant, non-toxic, durable eco-friendly ink colours. These intelligent alignment markers work intuitively with your body, allowing you to stay balanced, aligned and centred; creating a joyful place to nurture your Yoga practice.
Featuring our GripForMe® non-slip top surface, this mat is lighter than our regular Yoga mats making it perfect for your on-the-go practice. It’s truly planet-friendly and body-kind, made from sustainably sourced natural rubber and PVC-free materials.
Includes a complimentary Travel Yoga mat bag for easy travel and storage.",155,155,USD,2,mm,2mm,180,cm,180cm x 66cm ,66,cm,180cm x 66cm ,1.6,kg,1.6kg,Natural Rubber,Grippy,Eco-Friendly; Non-Slip; Lightweight; Travel; Alignment Marks; Premium,Olive; Grey; Purple,3,true,7765817229487,liforme-mindful-garden-travel-yoga-mat,Liforme,Travel Yoga Mat,2mm; 4.2mm cushioning; AlignForMe; alignment guides; all-level yoga; beginner yoga; BOGO50; BOGO_offer; buy_x; colour-green; colour-grey; colour-olive; colour-purple; compact yoga mat; eco-friendly-ink; get_y; GripForMe; home yoga; hot yoga; lightweight; Mindful Garden; natural rubber; NEW-SITE; portable; portable yoga mat; posture support; premium yoga mat; PVC-free; regular size; sale; standard size; studio yoga; sustainable yoga mat; travel friendly; travel size; travel yoga; type-travel mat; vegan; vinyasa yoga; YGroup_mindfultravel,2024-03-18T12:55:24+00:00,2024-03-25T10:31:40+00:00,https://cdn.shopify.com/s/files/1/0259/3665/8531/files/Liforme_Mindful-Garden_Travel_Yoga-Mat_Front_View_14430e24-b62a-4dde-9962-e123a1296efb.png?v=1746705734
liforme-liforme-expressions-travel-yoga-mat,Liforme Expressions Travel Yoga Mat,liforme,"TRULY EXPRESSIVE. Let your practice reflect what you feel inside with the Liforme Expressions Travel Yoga Mats. Featuring our iconic AlignForMe® system, reimagined with subtle, symbolic designs that represent Happiness, Gratitude and Love. Choose the sunshine mandala and flying bluebirds of Happiness, the prayer hands and blossoming lotus of Gratitude, or the radiant Love Lotus at the centre of the Love design. Each variation offers meaningful guidance to improve posture and body awareness while uplifting your spirit.
Experience unmatched non-slip grip, with our incredible GripForMe® top surface material, so you can hold poses longer and avoid slipping, even in the sweatiest of Yoga practices. Made from sustainably sourced natural rubber and PVC-free materials, this Yoga mat is truly Planet friendly and body-kind. 
Lighter than our regular Yoga mats, this mat is effortless to carry, perfect for on-the-go practice, whether you’re heading to the studio, traveling, or practicing outdoors.
Includes a complimentary Travel Yoga Mat bag for easy carrying and storage.",135,135,USD,2,mm,2mm,180,cm,180cm x 66cm ,66,cm,180cm x 66cm ,1.6,kg,1.6kg,Natural Rubber,Grippy,Eco-Friendly; Non-Slip; Lightweight; Travel; Alignment Marks; Premium,Happiness Orange; Love Red; Gratitude Pink,3,true,7769345294511,liforme-expressions-travel-yoga-mat,Liforme,Travel Yoga Mat,2mm; 4.2mm cushioning; AlignForMe; alignment guides; all-level yoga; beginner yoga; BOGO50; BOGO_offer; buy_x; collection-Expressions; colour-orange; colour-pink; colour-purple; colour-red; compact yoga mat; etched; get_y; GripForMe; home yoga; hot yoga; lightweight; natural rubber; NEW-SITE; no-index; portable; portable yoga mat; posture support; premium yoga mat; PVC-free; regular size; standard size; studio yoga; sustainable yoga mat; travel friendly; travel size; travel yoga; type-Yoga Travel Mat; vegan; vinyasa yoga; YGroup_expression-travelmat,2024-03-22T16:00:57+00:00,2024-04-03T11:27:29+01:00,https://cdn.shopify.com/s/files/1/0259/3665/8531/files/Liforme_Happiness-Orange_Travel_Yoga_Mat_Front-View.png?v=1711472988
liforme-liforme-black-gold-travel-yoga-mat,Liforme Black & Gold Travel Yoga Mat,liforme,"TRULY GLORIOUS. The Liforme Black & Gold Travel Yoga Mat brings bold elegance to your practice. Set against our mat(te) black surface, the mat features a striking gold AlignForMe® posture alignment system, designed to guide you intuitively through each pose with improved posture, balance, and body awareness.
Printed using durable, eco-friendly, non-toxic inks, our Planet-friendly Yoga mat is made with sustainably sourced natural rubber and PVC-free materials. It offers unmatched non-slip surface allowing you to hold poses longer and avoid slipping, even in the sweatiest of Yoga practices.
Lighter than our regular Yoga mats, this mat is effortless to carry, perfect for on-the-go practice, whether you’re heading to the studio, traveling, or practicing outdoors.
Includes a complimentary Travel Yoga Mat bag for easy carrying and storage.",165,165,USD,2,mm,2mm,180,cm,180cm x 66cm ,66,cm,180cm x 66cm ,1.6,kg,1.6kg,Natural Rubber,Grippy,Eco-Friendly; Non-Slip; Lightweight; Travel; Alignment Marks; Premium,Black,1,true,7772452782255,liforme-black-gold-travel-yoga-mat,Liforme,Travel Yoga Mat,2mm; 4.2mm cushioning; AlignForMe; alignment guides; all-level yoga; beginner yoga; BOGO50; BOGO_offer; buy_x; colour-black; compact yoga mat; eco-friendly-ink; get_y; GripForMe; home yoga; hot yoga; lightweight; natural rubber; NEW-SITE; portable; portable yoga mat; posture support; premium yoga mat; PVC-free; regular size; standard size; studio yoga; sustainable yoga mat; travel friendly; travel size; travel yoga; type-Yoga Travel Mat; vegan; vinyasa yoga; YGroup_black-gold-travel-mat,2024-03-26T16:51:04+00:00,2024-04-03T11:27:51+01:00,https://cdn.shopify.com/s/files/1/0259/3665/8531/files/Liforme_Black-_-Gold_Travel_Yoga_Mat_Front_View.png?v=1753715509
liforme-liforme-rainbow-travel-yoga-mat,Liforme Rainbow Travel Yoga Mat,liforme,"The Liforme Rainbow Yoga Mat features a bold and beautiful rainbow variation of our signature AlignForMe® posture alignment design, available on vibrant Yellow, calming Blue, or uplifting Grateful Pink surfaces. Designed for Yogis of all shapes and sizes, the intelligent cues of the alignment system help you stay balanced and aligned, reducing the risk of injury and enhancing body awareness.
Printed using durable, eco-friendly, non-toxic inks, our Planet-friendly Yoga mat is made with sustainably sourced natural rubber. It offers unmatched non-slip surface allowing you to hold poses longer and avoid slipping, even in the sweatiest of Yoga practices.
Lighter than our regular Yoga mats, this mat is effortless to carry, perfect for on-the-go practice, whether you’re heading to the studio, traveling, or practicing outdoors.
Includes a complimentary Travel Yoga Mat bag for easy carrying and storage.",155,155,USD,4.2,mm,4.2mm,180,cm,180cm x 66cm ,66,cm,180cm x 66cm ,1.6,kg,1.6kg,Natural Rubber,Grippy,Eco-Friendly; Non-Slip; Lightweight; Travel; Alignment Marks; Premium,Blue Sky; Yellow Hope; Grateful Pink,3,true,7772470182063,liforme-rainbow-travel-yoga-mat,Liforme,Travel Yoga Mat,4.2mm cushioning; AlignForMe; alignment guides; all-level yoga; beginner yoga; BOGO50; BOGO_offer; buy_x; collection-Giving Back; colour-blue; colour-pink; colour-purple; compact yoga mat; eco-friendly-ink; get_y; GripForMe; home yoga; hot yoga; lightweight; natural rubber; NEW-SITE; portable; portable yoga mat; posture support; premium yoga mat; PVC-free; regular size; standard size; studio yoga; sustainable yoga mat; travel friendly; travel size; travel yoga; vegan; vinyasa yoga; YGroup_rainbow-travel-mat,2024-03-26T17:13:35+00:00,2024-04-03T11:27:55+01:00,https://cdn.shopify.com/s/files/1/0259/3665/8531/files/Liforme_Rainbow_Travel_Yoga_Mat_Blue_Front-View.png?v=1764755567
liforme-liforme-white-magic-travel-yoga-mat,Liforme White Magic Travel Yoga Mat,liforme,"TRULY MAGICAL. The Liforme White Magic Yoga Mat, designed in collaboration with international Yoga teacher Kino MacGregor, brings a touch of elegance and enchantment to your practice. Its creamy base is beautifully printed with a metallic gold AlignForMe® posture alignment design, a magical embellished version of our original alignment system. 
Printed using durable, eco-friendly, non-toxic inks, our Planet-friendly Yoga mat is made with sustainably sourced natural rubber and non-toxic materials. It offers unmatched non-slip surface allowing you to hold poses longer and avoid slipping, even in the sweatiest of Yoga practices.
Lighter than our regular Yoga mats, this mat is effortless to carry, perfect for on-the-go practice, whether you’re heading to the studio, traveling, or practicing outdoors.
Includes a complimentary Travel Yoga mat bag for easy travel and storage.",165,165,USD,2,mm,2mm,180,cm,180cm x 66cm ,66,cm,180cm x 66cm ,1.6,kg,1.6kg,Natural Rubber,Grippy,Eco-Friendly; Non-Slip; Lightweight; Travel; Alignment Marks; Premium,White,1,true,7772479881391,liforme-white-magic-travel-yoga-mat,Liforme,Travel Yoga Mat,2mm; 4.2mm cushioning; AlignForMe; alignment guides; all-level yoga; beginner yoga; BOGO50; BOGO_offer; buy_x; colour-white; compact yoga mat; eco-friendly-ink; free_cleaner; get_y; GripForMe; home yoga; hot yoga; lightweight; natural rubber; NEW-SITE; portable; portable yoga mat; posture support; premium yoga mat; Product; PVC-free; regular size; standard size; studio yoga; sustainable yoga mat; travel friendly; travel size; travel yoga; vegan; vinyasa yoga; YGroup_whitetravel,2024-03-26T17:30:19+00:00,2024-04-03T11:27:56+01:00,https://cdn.shopify.com/s/files/1/0259/3665/8531/files/Liforme_White_Magic_Travel_Yoga_Mat_Front-View.png?v=1711474262
liforme-liforme-classic-yoga-mat-travel-mat-bundle,Liforme Classic Yoga Mat & Travel Mat Bundle,liforme,"TRULY GREAT VALUE. Can’t decide which is the perfect Liforme mat for you? With this great value Bundle, you can have the best Yoga mat with you at home or away! This bundle includes our original ground-breaking Liforme Yoga Mat, plus a lightweight Liforme Travel Mat for the Yogi on the go, each with its own mat bag, at a special bundle price. Choose matching or different colours, the choice is yours!
Complimentary Yoga Mat and Travel Yoga Mat bags included",246,246,USD,4.2,mm,4.2mm,185,cm,185cm long x 68cm wide,68,cm,185cm long x 68cm wide,2.5,kg,2.5kg,Natural Rubber,,Eco-Friendly; Lightweight; Travel,Grey; Purple; Olive; Blue; Pink; Green; Dusk Blue; Maroon; Golden Sand; Deep Forest Green; Black; Terracotta; Aqua Teal,91,true,7794263818415,liforme-classic-yoga-mat-travel-mat-bundle,Liforme,Bundle,add to-yoga mats; bundle; etched; NEW-SITE; no-wishlist; sale; type-Yoga Mat; type-Yoga Travel Mat; YGroup_bundle,2024-04-04T15:20:55+01:00,2025-12-12T10:31:30+00:00,https://cdn.shopify.com/s/files/1/0259/3665/8531/files/LiformeClassic_Yoga_Travel_Bundle.png?v=1753197702
liforme-liforme-classic-yoga-mat-and-yoga-pad-bundle,Liforme Classic Yoga Mat and Yoga Pad Bundle,liforme,"TRULY USEFUL. Need a little extra cushioning in your practice, or when you’re travelling? With this perfect Bundle, you can have a supported and cushioned practice that’s tailored just for you. This bundle includes our original ground-breaking Liforme Yoga Mat, plus the mini Liforme Yoga Pad that you can easily fit into a small bag. Add comfort and stability right where you need it! Choose matching or different colours, the choice is yours!

Complimentary Yoga Mat and Yoga Pad bags included",187,187,USD,4.2,mm,4.2mm,185,cm,185cm long x 68cm wide,68,cm,185cm long x 68cm wide,2.5,kg,2.5kg,Natural Rubber,,Eco-Friendly; Travel,Grey; Dusk Blue; Purple; Olive; Maroon; Blue; Pink; Golden Sand; Green,54,true,7806773133487,liforme-classic-yoga-mat-and-yoga-pad-bundle,Liforme,Bundle,add to-yoga mats; bundle; etched; NEW-SITE; no-wishlist; sale; type-Yoga Mat; YGroup_bundle,2024-04-09T17:14:20+01:00,2026-03-19T15:29:18+00:00,https://cdn.shopify.com/s/files/1/0259/3665/8531/files/LiformeClassic_Yoga_Pad_Bundle.png?v=1753197591
liforme-liforme-classic-travel-yoga-mat-and-yoga-pad-bundle,Liforme Classic Travel Yoga Mat and Yoga Pad Bundle,liforme,"TRULY GREAT VALUE. Taking your yoga practice on the road, or want the perfect balance between comfort and portability? With this ideal Bundle, you can have the best of both worlds whether home or away! This bundle includes our lightweight Liforme Travel Mat, plus mini Liforme Yoga Pad that you can easily fit into a small bag, so you can add cushioning and comfort exactly where you need it. Each with its own mat bag, at a special bundle price, all you have to do is choose matching or different colours, the choice is yours!
Complimentary Travel Yoga Mat and Yoga Pad bags included",161,161,USD,2,mm,2mm,180,cm,180cm long x 66cm wide,66,cm,180cm long x 66cm wide,1.6,kg,1.6kg,Natural Rubber,,Eco-Friendly; Lightweight; Travel,Grey; Purple; Olive; Blue; Pink; Green,36,true,7819513430191,liforme-classic-travel-yoga-mat-and-yoga-pad-bundle,Liforme,Bundle,bundle; NEW-SITE; no-wishlist; sale; type-Yoga Mat; type-Yoga Travel Mat; YGroup_bundle,2024-04-12T13:49:53+01:00,2026-03-19T15:29:20+00:00,https://cdn.shopify.com/s/files/1/0259/3665/8531/files/LiformeClassicTravel_Pad_Bundle.png?v=1753197452
liforme-liforme-classic-yoga-mat-travel-mat-yoga-pad-bundle,"Liforme Classic Yoga Mat, Travel & Pad Bundle",liforme,"TRULY GREAT VALUE. Can’t decide which is the perfect Liforme mat for you or a loved one? With this great value Bundle, you can have the best Yoga mats with you at home or away! This bundle includes our original ground-breaking Liforme Yoga Mat ideal for your home practice needs, our lightweight Liforme Travel Mat for the Yogi on the go, plus our mini Liforme Yoga Pad that you can easily fit into a small bag. 
Get all of these Liforme Mats a special bundle price, choose matching or different colours, the choice is yours!
Complimentary Yoga bags included",262,262,USD,4.2,mm,4.2mm,185,cm,185cm long x 68cm wide,68,cm,185cm long x 68cm wide,2.5,kg,2.5kg,Natural Rubber,,Eco-Friendly; Lightweight; Travel,Grey; Dusk Blue; Purple; Olive; Blue; Pink,96,true,7843816603823,liforme-classic-yoga-mat-travel-mat-yoga-pad-bundle,Liforme,Bundle,bundle; collection-bundle; collection-Signature; etched; NEW-SITE; no-wishlist; sale; type-Yoga Mat; type-Yoga Travel Mat; YGroup_bundle,2024-04-18T16:23:07+01:00,2026-03-19T15:29:21+00:00,https://cdn.shopify.com/s/files/1/0259/3665/8531/files/LiformeClassicTripleBundle_d2d0b933-4e4d-41f3-88fd-18d669f053c8.png?v=1753197345
liforme-liforme-cosmic-moon-yoga-mat-travel-mat-bundle,Liforme Cosmic Moon Yoga Mat & Travel Mat Bundle,liforme,"TRULY GREAT VALUE. Can’t decide which is the perfect Liforme mat for you? With this great value Bundle, you can have the best Yoga mat with you at home or away! The bundle includes our Cosmic Moon Yoga Mat and Cosmic Moon Travel Mat, featuring a radiant Moon System AlignForMe® Guide in beautiful shades of yellow, blue, green, lilac, and white on our grippy mat surface. Printed in eco-friendly, non-toxic inks that are exceptionally durable, Liforme’s ground-breaking alignment system is designed to work for all bodies and styles of practice. Let the cosmic energy of the lunar cycle inspire your next transformation.
Complimentary Yoga Mat and Travel Yoga Mat bags included",293,293,USD,,,,,,,,,,,,,,Grippy,Eco-Friendly; Non-Slip; Travel; Alignment Marks,Black; Dusk Blue; Blue,9,true,14834002329976,liforme-cosmic-moon-yoga-mat-travel-mat-bundle,Liforme,Bundle,bundle; NEW-SITE; no-wishlist; sale; type-Yoga Mat; type-Yoga Travel Mat; YGroup_cosmic-yogamat,2024-11-12T10:51:17+00:00,2025-05-22T11:35:16+01:00,https://cdn.shopify.com/s/files/1/0259/3665/8531/files/cosmicmoonbundle.png?v=1731409411
liforme-liforme-mindful-garden-yoga-mat-travel-mat-bundle,Liforme Mindful Garden Yoga Mat & Travel Mat Bundle,liforme,"TRULY GREAT VALUE. Can’t decide which is the perfect Liforme mat for you? With this great value Bundle, you can have the best Yoga mat with you at home or away! This Mindful Garden Bundle is ‘In Bloom’ with a floral AlignForMe Guide, printed with six non-toxic, durable eco-friendly ink colours. The intelligent cues of the AlignForMe system works intuitively with your body, allowing you to stay balanced, aligned and centred; creating a joyful place to nurture your Yoga practice.
Complimentary Yoga Mat and Travel Yoga Mat bags included",293,293,USD,,,,,,,,,,,,,,,Eco-Friendly; Travel; Alignment Marks,Olive; Grey; Purple,9,true,14834011013496,liforme-mindful-garden-yoga-mat-travel-mat-bundle,Liforme,Bundle,bundle; NEW-SITE; no-wishlist; sale; type-Yoga Mat; type-Yoga Travel Mat; YGroup_mindfulyoga,2024-11-12T11:29:28+00:00,2025-05-22T11:35:16+01:00,https://cdn.shopify.com/s/files/1/0259/3665/8531/files/mindfulbundle.png?v=1731411401
manduka-manduka-pro-yoga-mat,Manduka PRO™ Yoga Mat 6mm,manduka,"A studio-quality yoga mat with unmatched stability and a lifetime guarantee.

The PRO is a high-density yoga mat built to support your home practice. Crafted in Germany since 1997, it delivers floor-like stability with comfortable joint protection, and unmatched durability. A hygienic, closed-cell surface keeps sweat, moisture, and bacteria out of your mat, making it easy to clean and maintain for long-term performance. When you're ready to invest in your home practice, trust the mat that’s built to last with a lifetime guarantee.",110,164,USD,6,mm,6mm,180,cm,"Standard 71"" (180cm)",66,cm,71” (180 cm) length × 26” (66 cm) width,3.4,kg,3.4 kg,PVC,,Antimicrobial; Closed-Cell,Elderberry; Cinder Balance; Black Sage (Green); Midnight; Black; Black Magic (Purple); Black Thunder; Odyssey (Blue); Earth; Verve (Red); Sand; Thunder; Harvest; Black Light Limited Edition; Midnight Limited Edition; Indulge Limited Edition,27,true,4357742755898,manduka-pro-yoga-mat,Manduka,Mats,"adult; Discontinued; PRO; PRO Mat; PRO Series; Standard 71"" (180cm); USD",2019-11-20T15:11:18-08:00,2019-11-20T15:11:18-08:00,https://cdn.shopify.com/s/files/1/0132/3529/0170/products/111011460-Mats-Pro71-Elderberry-01.jpg?v=1768944270
manduka-prolite-yoga-mat,PROlite® Yoga Mat 4.7mm,manduka,"The #1 teacher recommended mat mindfully made for a lifetime of flow...on the go.
The PROlite is our #1 yoga studio mat; trusted by teachers and studio owners worldwide for its durability, stability, and streamlined size. Slightly thinner and narrower than the original PRO, it’s ideal for smaller spaces and tight class settings. With dense cushioning, it provides floor-like stability with comfortable joint support. Its hygienic, closed-cell surface is easy to clean and built to handle daily studio use, making it a reliable choice for both studios and home practice.",88,124,USD,4.7,mm,4.7mm,180,cm,"Standard 71"" (180cm)",61,cm,71” (180 cm) length × 24” (61 cm) width,2.1,kg,2.1 kg,PVC,,Eco-Friendly; Lightweight; Antimicrobial; Closed-Cell,Rosewood; Fire Horse; Elderberry; Midnight; Black Sage (Green); Black; Indulge (Purple); Dark Deep Sea; Sand; Purple; Maldive; Thunder (Grey); Algae; Peat; Moon; Blue Lotus,27,true,4357742690362,prolite-yoga-mat,Manduka,Mats,"Discontinued; PRO Mat; PRO Series; PROlite; Standard 71"" (180cm); USD",2019-11-20T15:11:14-08:00,2019-11-20T15:11:14-08:00,https://cdn.shopify.com/s/files/1/0132/3529/0170/products/PROlite-112011333-MATS-SS20-Sage-01.jpg?v=1768944106
manduka-eko-yoga-mat-5mm,eKO® Yoga Mat 5mm,manduka,"All eKO® Series yoga mats have a closed-cell surface, which will never absorb moisture. Because of this, if you are warm/sweaty at all, the mat will feel slippery, so we always recommend pairing it with one of our hand towels to absorb moisture and provide extra traction or to apply our Yoga Grip Gel during your practice. If you're practicing hot yoga, we recommend a mat towel for full mat coverage. For towel guidance read our Guide to Yoga Towels.",88,124,USD,5,mm,5mm,180,cm,"Standard 71"" (180cm)",66.04,cm,Width: 26”,3.8,kg,3.8 kg,Natural Rubber,Grippy,Eco-Friendly; Non-Slip; Alignment Marks; Closed-Cell,Elderberry Midnight; Acai Midnight; Algae Charcoal; Peat Midnight; Maldive Marble; Midnight; Charcoal,8,true,4487155056698,eko-yoga-mat-5mm,Manduka,Mats,Discontinued; eKO 5mm; eKO Mat; eKO Series; USD,2020-06-12T06:58:22-07:00,2020-06-16T16:01:53-07:00,https://cdn.shopify.com/s/files/1/0132/3529/0170/files/13E021754-EKO-5MM-71-ALGAE-CHARCOAL-02_b67cbbbc-3ffc-4fde-9eb4-ee95e65482cf.jpg?v=1764439701
manduka-grp-adapt-2-0-yoga-mat-5mm,GRP® Adapt 2.0 Yoga Mat 5mm,manduka,,128,138,USD,5,mm,5mm,180,cm,"Standard 71"" (180cm)",66.04,cm,"79"" x 26""",2.4947610018960185,kg,5.5 lbs,Natural Rubber,,Eco-Friendly; Non-Slip,Carbon Black; Carbon Marbled; Terracotta; Midnight,5,true,7481303269434,grp-adapt-2-0-yoga-mat-5mm,Manduka,Mats,,2025-12-03T12:44:53-08:00,2025-12-05T11:20:53-08:00,https://cdn.shopify.com/s/files/1/0132/3529/0170/files/GRP-ADAPT-2-CARBON-BLACK_02.jpg?v=1765456403
manduka-eko-lite-yoga-mat-4mm,eKO® lite Yoga Mat 4mm,manduka,"A lighter version of our original eKO mat with the same grippy natural rubber top layer and cushioned ride.
Built sustainably for the mindful yogi, the lightweight eKO lite features a naturally grippy Catch-Grip™ surface texture for superior traction combined with our Responsive Ride™ core for a cushioned, springy ride. Sustainably harvested from non-Amazon rubber trees, the eKO lite is made from the planet for practice anywhere on the planet.",74,104,USD,4,mm,4mm,180,cm,"Standard 71"" (180cm)",60.96,cm,Width: 24”,2.9,kg,2.9 kg,Natural Rubber,Textured,Eco-Friendly; Non-Slip; Lightweight; Closed-Cell,Cherry Blossom Purple; Acai Midnight; Deep Sage; Midnight Moon Marble; Charcoal; Blue Toad Midnight; Ratio; Deep Sol; Midnight,11,true,2519958290490,eko-lite-yoga-mat-4mm,Manduka,Mats,"3.0; Discontinued; eKO Lite 4mm; eKO Mat; eKO Series; Standard (3-4mm); Standard 71"" (180cm); USD",2019-09-21T13:19:52-07:00,2019-09-21T13:19:52-07:00,https://cdn.shopify.com/s/files/1/0132/3529/0170/files/13D021757-EKOLITE-4MM-71-BLUE-TOAD-MIDNIGHT-02.jpg?v=1742252886
manduka-grp-adapt-travel-yoga-mat-1-5mm,GRP® Adapt Travel Yoga Mat 1.5mm,manduka,"The lightest version of our GRP Adapt mat in a foldable, travel-ready size.
Designed with a Satin Grip™ top layer for ultimate grip, the GRP Adapt Travel is the lightest and most versatile option to our GRP Adapt Series, featuring an all grip no slip design in both wet and dry conditions.",78,78,USD,1.5,mm,1.5mm,180,cm,"Standard 71"" (180cm)",60.96,cm,Width: 24”,1,kg,1 kg,,Grippy,Non-Slip; Travel,Carbon Black; Dark Lotus,2,true,7372098895930,grp-adapt-travel-yoga-mat-1-5mm,Manduka,Mats,"Discontinued; GRP Adapt Travel; GRP Series; SS25; Standard 71"" (180cm); Thin (1-2mm); USD",2025-01-07T12:38:18-08:00,2025-01-10T16:24:21-08:00,https://cdn.shopify.com/s/files/1/0132/3529/0170/files/MATS_GRP_ADAPT_TRAVEL_1_5MM-71CARBON-BLACK_01.jpg?v=1749059623
manduka-pro-travel-yoga-mat,PRO Travel Yoga Mat 2mm,manduka,"The PRO Travel is a foldable, high-density mat designed to bring support wherever your practice takes you. Made with the same durable construction as the original PRO, it delivers floor-like stability and comfortable joint protection in a travel-friendly format. Use it over hotel carpets, shared studio mats, or retreat spaces for a clean, familiar foundation. Lightweight and easy to pack, it helps you keep your routine, no matter where you land. The only travel mat that supports inversions with confidence, it brings lasting premium performance on the go.",74,84,USD,2,mm,2mm,180,cm,"Standard 71"" (180cm)",61,cm,71” (180 cm) length × 24” (61 cm) width,1.3,kg,1.3 kg,PVC,,Non-Slip; Lightweight; Travel; Closed-Cell; Premium,Black Sage (Green); Black; Blue Lotus,5,true,2519968645178,pro-travel-yoga-mat,Manduka,Mats,Discontinued; PRO Series; PRO Travel; Solid; USD,2019-09-21T13:27:59-07:00,2024-11-15T11:17:13-08:00,https://cdn.shopify.com/s/files/1/0132/3529/0170/files/MATS_PROTRAVEL2_71-BLACK-SAGE_05_05d1142a-2cf0-4448-b969-d5a4ea873be7.jpg?v=1749058209
manduka-pro-squared-yoga-mat,PRO® Squared Yoga Mat 6mm,manduka,"The PRO Squared provides a dedicated practice space: expansive, supportive, and built for performance. With six feet in every direction, it’s perfect for multi-directional movement, partner yoga, or stretching out with little ones–and it's easy to wipe clean when things get messy. Crafted with the same high-density support, floor-like stability, and hygienic surface as the original PRO, it’s Oeko-Tex certified and non-toxic, making it a versatile addition to home studios or anywhere you need a comfortable stable surface that lasts.",350,350,USD,6,mm,6mm,198,cm,"Squared 78x78"" (198x198cm)",198,cm,"Squared 78x78"" (198x198cm)",11.8,kg,11.8 kg,PVC,,Antimicrobial; Closed-Cell,Black Sage; Black,2,true,6571125211194,pro-squared-yoga-mat,Manduka,Mats,"Discontinued; Extra Thick (6mm); PRO Series; PRO Squared; PRO XL; Solid; Squared 78"" x 78""; USD; XL Mats",2021-05-12T14:23:08-07:00,2021-06-02T17:24:05-07:00,https://cdn.shopify.com/s/files/1/0132/3529/0170/files/11106A050_PRO-SQUARED_78x78-BLACK_SAGE_02.jpg?v=1764266278
manduka-pro-long-wide-yoga-mat,PRO® Long & Wide Yoga Mat 6mm,manduka,"The PRO Long & Wide offers more space to move, ideal for a larger build or anyone seeking extra practice space. Extra length and width give you more space to move, so you can flow freely without needing to readjust or step off your mat. Crafted with the same durable construction as the original PRO, it delivers floor-like stability and comfortable joint protection in a larger format for practice without limits.",288,288,USD,6,mm,6mm,200,cm,"Long & Wide 79x52"" (200x132cm)",132,cm,"Long & Wide 79x52"" (200x132cm)",7.5,kg,7.5 kg,PVC,,Closed-Cell,Black; Midnight,2,true,7138656354362,pro-long-wide-yoga-mat,Manduka,Mats,"Discontinued; Extra Thick (6mm); Long & Wide 79x52"" (200x132cm); PRO Series; PRO Wide; PRO XL; Solid; USD; XL Mats",2023-11-14T16:53:58-08:00,2023-11-14T16:53:58-08:00,https://cdn.shopify.com/s/files/1/0132/3529/0170/files/MD-PROXL-PDP-Imagery-4_3.jpg?v=1700012741
manduka-prolite-long-wide-yoga-mat,PROlite® Long & Wide Yoga Mat 4.7mm,manduka,"All the same benefits of our PROlite mat, in a larger size for your home yoga sanctuary or home gym.
Want more mat, but don't have a dedicated workout room or space for it? The PROlite Long & Wide can transform your living room into a home studio (and back again) with minimal effort.",144,144,USD,4.7,mm,4.7mm,200,cm,"Long & Wide 79x30"" (200x76cm)",76,cm,"Long & Wide 79x30"" (200x76cm)",2.3,kg,2.3 kg,PVC,,Antimicrobial; Closed-Cell,Black; Midnight,2,true,7138656387130,prolite-long-wide-yoga-mat,Manduka,Mats,"Discontinued; Long & Wide 79x30"" (200x76cm); PRO Series; PRO XL; PROlite Wide; Solid; Thick (5mm); USD; XL Mats",2023-11-14T16:53:59-08:00,2023-11-14T16:53:59-08:00,https://cdn.shopify.com/s/files/1/0132/3529/0170/files/Mats-PL79-LONG-_-WIDE-MIDNIGHT-01.jpg?v=1706662856
manduka-manduka-x-yoga-mat-5mm,Manduka X Yoga Mat 5mm,manduka,"One of our most durable and supportive mats built for any yoga or fitness session.
Some of us like to do it all—and that’s who the X mat is built for. Designed with a Double-Weave™ scrim system, this mat provides ultra-durability for any workout routine from yoga to Pilates to cardio. Go barefoot, rock your shoes, take it to the gym…meditate on the beach. With its grippy crosshatch texture, the X mat is the X-factor when it comes to superior fitness support.",58,72,USD,5,mm,5mm,180.34,cm,Length: 71”,60.96,cm,Width: 24”,1.5,kg,1.5 kg,,Textured,Non-Slip; Closed-Cell,Birch; Thrive (Green); Midnight (Blue); Verve (Red); Black (Black); Magic (Purple); Elderberry,7,true,4357761073210,manduka-x-yoga-mat-5mm,Manduka,Mats,"Discontinued; MANDUKA X; MANDUKA X 5MM; Standard 71"" (180cm); USD",2019-11-20T16:15:05-08:00,2019-11-20T16:15:05-08:00,https://cdn.shopify.com/s/files/1/0132/3529/0170/files/1A1011X50-Mats-MANDUKA-X-5MM-THRIVE-01.jpg?v=1706730257
manduka-begin-yoga-mat-5mm,begin yoga mat 5mm,manduka,"A thick, cushioned mat with the same high-performance quality at a budget-conscious price.
Looking for a high-performance mat with the same renowned, earth-friendly Manduka craftsmanship…at a lower price? Our Begin mat offers a cushioned ride for easy transitions and joint support, and also features an alignment stripe to guide poses and encourage your continued practice. Reversible and lightweight, Begin is ideal for anyone looking for a high quality mat that’s easy on the wallet.",50,62,USD,5,mm,5mm,172.72,cm,Length: 68”,60.96,cm,Width: 24”,1.1,kg,1.1 kg,,,Reversible; Lightweight; Alignment Marks; Closed-Cell,Sphinx Moonlight; Crystal Thunder; Lavender Fig; Moon Black; Bondi Blue; Midnight; Steel Grey; Elderberry Thunder; Black,9,true,2519968153658,begin-yoga-mat-5mm,Manduka,Mats,"Begin; Begin 5mm; Discontinued; Standard 68"" (172cm); USD",2019-09-21T13:27:26-07:00,2019-09-21T13:27:26-07:00,https://cdn.shopify.com/s/files/1/0132/3529/0170/files/1C1023826_BEGIN_MAT_5MM_ELDERBERRY_THUNDER_04.jpg?v=1763829263
manduka-shala-travel-yoga-rug,Shala Travel Yoga Rug,manduka,"A sustainable yoga rug crafted by hand for your outdoor practices and easy flows.























Mindfully made from pre-consumer apparel scraps, the Shala Yoga Rug pays homage to early yogic traditions while also supporting the craftsmanship of artisan weavers. The intricate weave provides support in a machine washable rug for a light flow or meditation at the beach or on an outside surface at your favorite adventure.",98,98,USD,,,,180,cm,"71"" x 26"" (180cm x 66cm)",66,cm,"71"" x 26"" (180cm x 66cm)",1.1,kg,1.1 kg,Cotton,,Eco-Friendly; Travel,Black Heather; Indulge; Flaneur,3,true,7297354825786,shala-travel-yoga-rug,Manduka,Mats,Active - NOT On Replen; Pattern; Shala Rug; SS24; USD; Woven,2024-06-12T09:58:18-07:00,2024-06-19T15:52:58-07:00,https://cdn.shopify.com/s/files/1/0132/3529/0170/files/Mats-SHALA-RUG-BLACK-HEATHERED-04.jpg?v=1718695543
moonholi-yoga-mat-kabbalah-natural-rubber-non-slip-eco-friendly-studio-gym-pilates-and-yoga-mat,"Yoga mat KABBALAH - natural rubber, non-slip, eco-friendly studio gym, pilates and yoga mat",moonholi,"Yoga mat Kabbalah
The black non-slip Kabbalah yoga mat refers to the form of the Tree of Life with a rich crown and roots at the bottom, nicely complementing each other. The tree of life is inscribed in a circle and undercut by a crescent moon, which is filled with small circles, reminiscent of the starry sky. A very minimalistic symbol of Kabbalah appears on the mat, built of small circles, devoid of lines so as not to compete with the tree motif. The points marking the symbol of Kabbalah and the vertical line, in which the symbol of DNA - the spiral of life - is woven - help determine symmetry and body lines during practice. The Kabbalah yoga mat photographs beautifully and is friendly to any interior, thanks to its subdued colours. The discreet phases of the Moon remind you that you are practising on the cosmic yoga mat from Moonholi.

Includes carrying strap.",110,110,USD,,,,,,,,,,,,,Natural Rubber,Grippy,Eco-Friendly; Non-Slip,,1,true,9300483047766,yoga-mat-kabbalah-natural-rubber-non-slip-eco-friendly-studio-gym-pilates-and-yoga-mat,Moonholi Yoga,Yoga & fitness mat,_tab_materials; _tab_studio-yoga-mats-materials; eco fitness mat; eco yoga mat; fitness mat; fitness mats; gym mat; gym mats; natural rubber yoga mats; printed yoga mat; printed yoga mats; studio mat; studio mats; suede yoga mat; training mat; training mats; yoga mat; yoga mats,2024-11-13T11:14:09+01:00,2024-11-13T11:24:49+01:00,https://cdn.shopify.com/s/files/1/0602/9839/5821/files/yoga-pilates-fitness-mat.png?v=1731493259
moonholi-yoga-mat-magic,"Yoga mat MAGIC - natural rubber, non-slip, eco-friendly studio gym, pilates and yoga mat",moonholi,"Yoga mat Magic
Cast a spell…
Our Magic yoga mat is inspired by the fascination in supernatural powers to control the powers of nature. Do humans really possess such powers? For centuries people lived in a beautiful and strong connection to nature, and it is believed we were able to read and use them for our own benefit. Practitioners of magic were called healers, wizards, shamans, and the practicing of white magic was to create goodness via healing, blessings, spells, charms, songs or prayers. Later, with the development of civilization, we stopped believing in magic. And yet there are hundreds of examples of magic happening every day – obvious to those, who can see.
Our Magic yoga mat is full of magical symbols, from palo-santo, herbs, flowers and magic crystals, as well as other typical attributes of a modern witch. The fortune-telling crystal ball has been placed in the center of the design, and its focal point is the Third Eye. The pattern is inspired by Tarot cards - very magical, and at the same time still modern and elegant. This eco yoga mat will look beautifully in your yoga space.

Includes carrying strap.",110,166.5,USD,,,,,,,,,,,,,Natural Rubber,Grippy,Eco-Friendly; Non-Slip,,3,true,6986304848045,yoga-mat-magic,Moonholi Yoga,Yoga & fitness mat,_tab_materials; _tab_studio-yoga-mats-materials; eco fitness mat; eco yoga mat; fitness mat; fitness mats; gym mat; gym mats; natural rubber yoga mats; printed yoga mat; printed yoga mats; studio mat; studio mats; suede yoga mat; training mat; training mats; yoga mat; yoga mats,2021-10-01T14:59:13+02:00,2021-10-01T14:59:13+02:00,https://cdn.shopify.com/s/files/1/0602/9839/5821/products/Bestyogamat.png?v=1633096517
moonholi-yoga-mat-illumination,"Yoga mat ILLUMINATION - natural rubber, non-slip, eco-friendly studio gym, pilates and yoga mat",moonholi,"Yoga mat Illumination
The Illumination yoga mat pattern is inspired by the concept of the Third Eye, also called the inner eye. In Hinduism, it is believed that it relates to the sixth chakra and the pineal gland. It is one of the main energy centers of the body. It is believed that the third eye allows you to see beyond ordinary sight. That it is a gate that leads to our inner realms and the state of higher consciousness. Meditation and focus on the inner eye enables tuning into and resonating with the harmonic frequencies of the Universe, while the opening of the third eye leads to the sharpening of intuition, achieving higher awareness and connecting with the universal consciousness. The Hand of Fatima is an ancient talisman symbolising feminine power. It is used as a defense against negative energy as it is believed to deflect the gaze of the evil eye, as well as channel the forces of good, promote healing and foster miracles.
The beautiful pattern brings concepts of mystery, rituals and mysticism. The spiritual, yet modern, design is extremely elegant. The yoga mat looks great in every space and its spiritual concept will help you get into the mood during meditation.

Includes carrying strap.",110,166.5,USD,,,,,,,,,,,,,Natural Rubber,Grippy,Eco-Friendly; Non-Slip,,3,true,6976357236909,yoga-mat-illumination,Moonholi Yoga,Yoga & fitness mat,_tab_materials; _tab_studio-yoga-mats-materials; eco fitness mat; eco yoga mat; fitness mat; fitness mats; gym mat; gym mats; natural rubber yoga mats; printed yoga mat; printed yoga mats; studio mat; studio mats; suede yoga mat; training mat; training mats; yoga mat; yoga mats,2021-09-29T17:22:02+02:00,2021-09-29T17:22:01+02:00,https://cdn.shopify.com/s/files/1/0602/9839/5821/products/Bestyogamatsecofriendlyrubberyogamat.png?v=1633014673
moonholi-yoga-mat-a-night-in-paris-natural-rubber-non-slip-eco-friendly-studio-gym-pilates-and-yoga-mat,"Yoga mat A NIGHT IN PARIS - natural rubber, non-slip, eco-friendly studio gym, pilates and yoga mat",moonholi,"Yoga mat A Night in Paris
One does not live by spirituality alone… The ""A Night in Paris"" yoga, fitness, and pilates mat transports you straight to the dazzling, passionate Paris, where living in the moment is an art. Drink your coffee with a view of the Eiffel Tower, take a bike ride through charming cobblestone streets, and in the evening, slip into your heels, swipe on a bold red lipstick, and step into the world of haute couture. And, of course, don’t forget the sparkling bubbles of champagne…
The deep violet-blue hue of the ""Night in Paris"" yoga mat makes it easy to keep clean, while the pink Parisian motifs add a touch of sweetness reminiscent of the finest French pastries.

Includes carrying strap.",110,110,USD,,,,,,,,,,,,,Natural Rubber,Grippy,Eco-Friendly; Non-Slip,,1,true,9528511725910,yoga-mat-a-night-in-paris-natural-rubber-non-slip-eco-friendly-studio-gym-pilates-and-yoga-mat,Moonholi Yoga,Yoga & fitness mat,_tab_materials; _tab_studio-yoga-mats-materials; eco fitness mat; eco yoga mat; fitness mat; fitness mats; gym mat; gym mats; natural rubber yoga mats; printed yoga mat; printed yoga mats; studio mat; studio mats; suede yoga mat; training mat; training mats; yoga mat; yoga mats,2025-03-20T13:35:22+01:00,2025-03-20T13:53:40+01:00,https://cdn.shopify.com/s/files/1/0602/9839/5821/files/yogamatANightinParis.png?v=1742474380
moonholi-yoga-mat-love-natural-rubber-non-slip-eco-friendly-studio-gym-pilates-and-yoga-mat,"Yoga mat LOVE - natural rubber, non-slip, eco-friendly studio gym, pilates and yoga mat",moonholi,"Yoga mat Love
The Love non-slip rubber yoga mat is our interpretation of love. And love is... all around. Love between lovers, parental love, friendship, love for Mother nature, self-love. We tried to make this non-slip yoga mat include symbols to reflect all the types of love out there.
It is believed that love is the most powerful vibration in the Universe. The main graphic motif of the Love yoga mat is the heart, which appears in various forms. The yoga mat has a feel of a ""love letter"" where ribbons, birds facing each other, and decorative typography often appear. Lollipops, gummy bears and caring hands symbolize unconditional parental love, and the pink color of the Love yoga mat is as sweet as a candy store. Heart-shaped strawberries symbolize passion and nature. The Love non-slip yoga mat, like all Moonholi yoga mats, is also full of cosmic references, as love is the highest vibration in the Universe.
We hope you LOVE it.

Includes carrying strap.",110,166.5,USD,,,,,,,,,,,,,Natural Rubber,Grippy,Eco-Friendly; Non-Slip,,2,true,8715736154454,yoga-mat-love-natural-rubber-non-slip-eco-friendly-studio-gym-pilates-and-yoga-mat,Moonholi Yoga,Yoga & fitness mat,_tab_materials; _tab_studio-yoga-mats-materials; eco fitness mat; eco yoga mat; fitness mat; fitness mats; gym mat; gym mats; natural rubber yoga mats; printed yoga mat; printed yoga mats; studio mat; studio mats; suede yoga mat; training mat; training mats; yoga mat; yoga mats,2024-02-07T16:51:50+01:00,2024-02-07T17:17:59+01:00,https://cdn.shopify.com/s/files/1/0602/9839/5821/files/non-slip-yoga-mat.png?v=1707321228
moonholi-yoga-mat-universe-natural-rubber-non-slip-eco-friendly-studio-gym-pilates-and-yoga-mat,"Yoga mat UNIVERSE - natural rubber, non-slip, eco-friendly studio gym, pilates and yoga mat",moonholi,"Yoga mat Universe
The Universe yoga mat is inspired by the concept of the spiritual connection between man and the Universe. It is believed that the Universe always gives us what we need at that moment, and what we have manifested with energy. We attract what our attention and energy is focused on, and our thoughts and words have the power to create reality. After all, in the beginning was the word...
The constellations are real constellations, and compositionally the mat is divided into three parts, the centre is marked by the sun and lines that extend from the very centre. They symbolize energy from the Universe. At the bottom, female figures are embedded in the shape of the mountains. The central figure emerges from the division in half, which is a metaphor for rebirth, entering a higher level of consciousness, and transformation. At the top there is a beautiful starry sky, moon phases and the Milky Way. The whole thing reminds us that, although we are individual humans, we are all part of the Universe, its creators, and recipients of this energy.
The look of this exercise mat is very elegant and spiritual. The Universe rubber yoga mat looks beautiful everywhere you unroll it, and its dark pattern is also very practical to use.

Includes carrying strap.",110,166.5,USD,,,,,,,,,,,,,Natural Rubber,Grippy,Eco-Friendly; Non-Slip,,2,true,8527788179798,yoga-mat-universe-natural-rubber-non-slip-eco-friendly-studio-gym-pilates-and-yoga-mat,Moonholi Yoga,Yoga & fitness mat,_tab_materials; _tab_studio-yoga-mats-materials; eco fitness mat; eco yoga mat; fitness mat; fitness mats; gym mat; gym mats; natural rubber yoga mats; printed yoga mat; printed yoga mats; studio mat; studio mats; suede yoga mat; training mat; training mats; yoga mat; yoga mats,2023-09-17T13:26:09+02:00,2023-09-17T14:25:28+02:00,https://cdn.shopify.com/s/files/1/0602/9839/5821/files/yogamatfitnessmatuniverse.png?v=1694950153
moonholi-yoga-mat-cosmic-girl,"Yoga mat COSMIC GIRL - natural rubber, non-slip, eco-friendly studio gym, pilates and yoga mat",moonholi,"Yoga mat Cosmic Girl
Set off on your daily journey through your inner cosmos. The Cosmic Girl yoga mat is a stable orbit for your practice — designed to help you focus on movement, breath, and the flow of energy, free from outside distractions.
Made from natural rubber and finished with high-quality premium microfiber, it offers excellent grip even during dynamic sequences and intense practice. The non-slip base keeps the mat firmly in place, while the optimal 3 mm thickness provides stability and a grounded feel, all while supporting joint comfort.
The purple, cosmic design inspired by the night sky is a reminder that every practice is a moment just for you — a space to slow down, build strength, and reconnect with your energy.
Why Cosmic Girl?


natural rubber with high grip


microfiber surface, ideal even for intense practices


stable, non-slip base


dimensions: 183 × 61 cm, thickness: 3 mm


suitable for yoga, pilates, and flow-based training


Unroll your mat, step barefoot onto it, and let your practice take on a truly cosmic dimension.

Includes carrying strap.",110,166.5,USD,3,mm,3 mm,183,cm,183 × 61 cm,61,cm,183 × 61 cm,,,,Natural Rubber,Grippy,Eco-Friendly; Non-Slip; Premium,,3,false,6976232259757,yoga-mat-cosmic-girl,Moonholi Yoga,Yoga & fitness mat,_tab_materials; _tab_studio-yoga-mats-materials; eco fitness mat; eco yoga mat; fitness mat; fitness mats; gym mat; gym mats; natural rubber yoga mats; printed yoga mat; printed yoga mats; studio mat; studio mats; suede yoga mat; training mat; training mats; yoga mat; yoga mats,2021-09-29T16:38:08+02:00,2021-09-29T16:38:08+02:00,https://cdn.shopify.com/s/files/1/0602/9839/5821/products/YogamatCosmicGirlnaturalrubber.png?v=1632927397
moonholi-yoga-mat-psychobella,"Yoga mat PSYCHOBELLA - natural rubber, non-slip, eco-friendly studio gym, pilates and yoga mat",moonholi,"Yoga mat Psychobella
The Psychobella natural rubber yoga mat is inspired by the spiritual experiences (apparently: P) of people who consume the so-called psychedelic mushrooms. The design of this yoga mat is unisex so everyone loves it. Mushrooms are the dominant graphic element, they are arranged symmetrically, which means that no matter how you unfold the yoga mat, it is great to practice on. We have selected a specific species of mushrooms that those in the know will surely recognize…
Mushrooms seem to envelop, hug, engulf - this is a direct reference to the psychedelic experience, which is a repetitive memory motif. The centre of this yoga mat is saturated with symbolism - we have here both the so-called disintegration of the ego, as well as the internal integration of a person, there is also a certain cyclicity and reference to nature. The eye in the centre is associated with the Third Eye, with a broadening of the perspective, sharper vision and understanding, as well as with the observation of oneself and the world.
This yoga mat is very psycho, very bella, and very trippy...

Includes carrying strap. 
See our other eco yoga mats.",110,166.5,USD,,,,,,,,,,,,,Natural Rubber,Grippy,Eco-Friendly; Non-Slip,,2,false,7898152665343,yoga-mat-psychobella,Moonholi Yoga,Yoga & fitness mat,_tab_materials; _tab_studio-yoga-mats-materials; eco fitness mat; eco yoga mat; fitness mat; fitness mats; gym mat; gym mats; natural rubber yoga mats; printed yoga mat; printed yoga mats; studio mat; studio mats; suede yoga mat; training mat; training mats; yoga mat; yoga mats,2022-11-21T15:38:22+01:00,2022-11-24T11:01:04+01:00,https://cdn.shopify.com/s/files/1/0602/9839/5821/products/yoga-mat-Psychobella.png?v=1669043867
moonholi-yoga-mat-bells-natural-rubber-non-slip-eco-friendly-fitness-pilates-and-yoga-mat,"Yoga mat BELLS - natural rubber, non-slip, eco-friendly fitness, pilates and yoga mat",moonholi,"Yoga mat Bells  - black, purple and blue
The Bells yoga mat was designed as a space of transformation – your personal sanctuary of sound, protection, and harmony, inspired by the ancient power of bell vibrations.
For thousands of years, bells have accompanied humanity as tools of spiritual awakening, healing, and protection. Their resonant sound has carried beyond temple walls, reaching into the deepest layers of human consciousness.
In Buddhist temples, the sound of the bell not only marks the beginning of meditation – its resonance is believed to awaken the sleeping soul and clear the space of negative energies. In many cultures, the sound of a bell symbolized divine order, while its vibrations were thought to ward off evil spirits and attract good fortune.
Today, in a world full of disharmony, we return to this ancient wisdom – creating a mat that not only supports your practice, but resonates with the deepest truths of your body and mind.
Bells Yoga Mat – more than just a surface beneath your feet


Inspired by the 432 Hz frequency – a natural tuning believed to be in harmony with the universe. A reminder of a time when music and prayer moved in sync with the heartbeat of the Earth.


Sound wave and sacred geometry patterns – reflecting the subtle vibrations of bells and their impact on the energetic body.


Supports sound, breath, and body work – especially powerful when used with Tibetan bowls, gongs, or mantra-based practices.


The Bells yoga mat is more than a tool – it's a portal. A gateway to your inner self, to ancestral memory, to the harmony that still vibrates somewhere between sound and silence.

Includes carrying strap.",110,110,USD,,,,,,,,,,,,,Natural Rubber,Grippy,Eco-Friendly; Non-Slip,,1,false,9743860269398,yoga-mat-bells-natural-rubber-non-slip-eco-friendly-fitness-pilates-and-yoga-mat,Moonholi Yoga,Yoga & fitness mat,_tab_materials; _tab_studio-yoga-mats-materials; eco fitness mat; eco yoga mat; fitness mat; fitness mats; gym mat; gym mats; natural rubber yoga mats; printed yoga mat; printed yoga mats; studio mat; studio mats; suede yoga mat; training mat; training mats; yoga mat; yoga mats,2025-08-06T10:55:29+02:00,2025-08-06T12:56:43+02:00,https://cdn.shopify.com/s/files/1/0602/9839/5821/files/yogamat.png?v=1754471263
moonholi-yoga-mat-for-men-warrior,"Yoga mat for men WARRIOR - natural rubber, non-slip, eco-friendly studio gym, pilates and yoga mat",moonholi,"Yoga mat Warrior
Our Warrior yoga mat for men is the first yoga mat created especially for men, however we believe there will be some Warrior ladies out there too. The yoga mat is minimalistic and centered on the Chinese dragon – the symbol of power, strength and good fortune. The dragon’s shape reflects the number 8 – which in the Chinese culture symbolizes the constant flow of energy, infinity, but also luck, wealth, and success. The dragon is holding a pearl – Eastern legends say that if a dragon squeezes a pearl, it makes dew, rain or even thunderstorms.
In its corners the yoga mat’s design is closed off with geometric lines, inspired by the endless knot – srivatsa – one of the Eight Auspicious Symbols. It represents the reincarnation cycle, continuous journey, as well as the inter-twining of wisdom and compassion.

Includes carrying strap.",110,110,USD,,,,,,,,,,,,,Natural Rubber,Grippy,Eco-Friendly; Non-Slip,,1,false,6976318996653,yoga-mat-for-men-warrior,Moonholi Yoga,Yoga & fitness mat,_tab_materials; _tab_studio-yoga-mats-materials; eco fitness mat; eco yoga mat; fitness mat; fitness mats; gym mat; gym mats; natural rubber yoga mats; printed yoga mat; printed yoga mats; studio mat; studio mats; suede yoga mat; training mat; training mats; yoga mat; yoga mats,2021-09-29T17:08:16+02:00,2021-09-29T17:08:16+02:00,https://cdn.shopify.com/s/files/1/0602/9839/5821/products/YogamatformenWarriorwithdragon.png?v=1632928496
moonholi-yoga-mat-time-to-grow-natural-rubber-non-slip-eco-friendly-fitness-pilates-and-yoga-mat,"Yoga mat TIME TO GROW - natural rubber, non-slip, eco-friendly fitness, pilates and yoga mat",moonholi,"Yoga mat Time to Grow - blue and beige gym mat
The Time to Grow yoga, pilates / fitness mat is a space of renewal – a place where every practice becomes a step toward a new beginning, inner strength, and harmony.An ethereal female silhouette rising toward the stars, surrounded by subtle constellations, two moons, and rays of the sun symbolizes inner transformation, rebirth, and complete harmony with nature. The delicate plant she holds in her hands becomes a sign of her own growth and renewal, reminding us that every movement, every breath, and every moment spent practicing yoga, Pilates, or exercising leads to personal blossoming. The moon phases, stars, and gentle botanical motifs emphasize that the body and spirit remain in tune with nature, and each activity is a moment of full presence and connection with the world.
Natural, muted colors create a sense of calm, supporting focus and meditation. This mat is ideal for yoga, Pilates, workouts, and studio or home training – it offers stability thanks to its non-slip surface while encouraging reflection, mindfulness, and a deeper connection with nature.
Time to Grow is more than just a yoga mat – it is a space of renewal and a daily ritual that reminds you that growth, balance, and inner strength are born in every moment when you give yourself room to move and breathe.

Includes carrying strap.",110,110,USD,,,,,,,,,,,,,Natural Rubber,Grippy,Eco-Friendly; Non-Slip,,1,true,9972360544598,yoga-mat-time-to-grow-natural-rubber-non-slip-eco-friendly-fitness-pilates-and-yoga-mat,Moonholi Yoga,Yoga & fitness mat,_label_new; _tab_materials; _tab_studio-yoga-mats-materials; eco fitness mat; eco yoga mat; fitness mat; fitness mats; gym mat; gym mats; natural rubber yoga mats; printed yoga mat; printed yoga mats; studio mat; studio mats; suede yoga mat; training mat; training mats; yoga mat; yoga mats,2025-11-17T15:47:11+01:00,2025-11-23T13:38:22+01:00,https://cdn.shopify.com/s/files/1/0602/9839/5821/files/naturalrubberyogamatwithwomanandthemoon.png?v=1763391150
moonholi-yoga-mat-tropicana,"Yoga mat TROPICANA - natural rubber, non-slip, eco-friendly studio gym, pilates and yoga mat",moonholi,"Yoga mat Tropicana
The yoga mat’s design is inspired by travels – the wind in your hair, the sun on your skin and the sand under your feet. This beautiful yoga mat with tropical leaves is a favourite of all tropics and ocean lovers and has quickly became a must-have for surf and kite girls and wave lovers. The memories of summer vibes under your feet will take you to an exotic beach during your yoga practice. Just close your eyes to feel the warmth of the tropical sun, the gentleness of the sand and the refreshing breeze of the ocean. This yoga mat is ideal for all free spirit, active girls.

Includes carrying strap.",110,166.5,USD,,,,,,,,,,,,,Natural Rubber,Grippy,Eco-Friendly; Non-Slip; Travel,,3,true,6987124375725,yoga-mat-tropicana,Moonholi Yoga,Yoga & fitness mat,_tab_materials; _tab_studio-yoga-mats-materials; eco fitness mat; eco yoga mat; fitness mat; fitness mats; gym mat; gym mats; natural rubber yoga mats; printed yoga mat; printed yoga mats; studio mat; studio mats; suede yoga mat; training mat; training mats; yoga mat; yoga mats,2021-10-01T19:58:16+02:00,2021-10-01T19:58:16+02:00,https://cdn.shopify.com/s/files/1/0602/9839/5821/products/BestyogamatUK.png?v=1633111992
moonholi-yoga-mat-veganika-day,"Yoga mat VEGANIKA DAY - natural rubber, non-slip, eco-friendly studio gym, pilates and yoga mat",moonholi,"Yoga mat Veganika Day
Our Veganika yoga mat is our tribute to plants, which determine just about all other life on Earth. They supply food to all living organisms, including humans. They are crucial to maintaining our atmosphere and enabling us to breathe, as they absorb carbon dioxide and produce oxygen, essential for cellular respiration. They also play an important role in water circulation and nurturing soil. Finally, they provide shelter for many organisms around the world, and enhance human mental and emotional health.
And although plants greatly differ from each other in terms of appearance, most of the time their leaf distribution, petal arrangement, or branching and spiraling follow the Golden Ratio – a mathematical pattern that brings beauty through harmony and perfect proportion, known as the Divine Proportion - living proof of an Intelligent Design.
We have chosen Ivy for our Veganika yoga mat pattern due to its beautiful features and strong plant symbolism. It represents emotional affectionate attachment such as love, friendship and fidelity. Its strong roots and desire for climbing symbolise eternity and immortality.
Whether you are vegan or not, you will love this plant-based yoga mat.

Includes carrying strap.",110,166.5,USD,,,,,,,,,,,,,Natural Rubber,Grippy,Eco-Friendly; Non-Slip,,2,true,6987166548141,yoga-mat-veganika-day,Moonholi Yoga,Yoga & fitness mat,_tab_materials; _tab_studio-yoga-mats-materials; eco fitness mat; eco yoga mat; fitness mat; fitness mats; gym mat; gym mats; natural rubber yoga mats; printed yoga mat; printed yoga mats; studio mat; studio mats; suede yoga mat; training mat; training mats; yoga mat; yoga mats,2021-10-01T20:15:29+02:00,2021-10-01T20:15:29+02:00,https://cdn.shopify.com/s/files/1/0602/9839/5821/products/Veganyogamat.png?v=1633186007
moonholi-yoga-mat-persiana,"Yoga mat PERSIANA - natural rubber, non-slip, eco-friendly studio gym, pilates and yoga mat",moonholi,"Yoga mat Persiana
Our Persiana yoga mat is inspired by the famous story teller of the Middle Eastern collection of tales known as the One Thousand and One Nights. The stories come from ancient Turkey, Persia, Greece, India, North Africa and Arabia and they are being told to the ruler – Shahryar by his future Queen – Scheherazade. The king was known to be marrying young brides and murdering them the next morning. Scheherazade would face the same fate if she had not started telling him fascinating stories every night and leaving him in suspense just before dawn, so that he could no longer kill her, being too intrigued and wanting to find out the rest of the story. This lasted for one thousand and one nights, until Shahryar fell in love with Scheherazade and was no longer able to do her harm.
We incorporated beautiful earthy colours into the Persiana yoga mat to pay tribute to the gorgeous Moroccan mosaics. Step on the mat and enjoy a warm Arabian storytelling night experience.

Includes carrying strap.",110,110,USD,,,,,,,,,,,,,Natural Rubber,Grippy,Eco-Friendly; Non-Slip,,1,false,6986583081133,yoga-mat-persiana,Moonholi Yoga,Yoga & fitness mat,_tab_materials; _tab_studio-yoga-mats-materials; eco fitness mat; eco yoga mat; fitness mat; fitness mats; gym mat; gym mats; natural rubber yoga mats; printed yoga mat; printed yoga mats; studio mat; studio mats; suede yoga mat; training mat; training mats; yoga mat; yoga mats,2021-10-01T16:39:39+02:00,2021-10-01T16:39:39+02:00,https://cdn.shopify.com/s/files/1/0602/9839/5821/products/Whatarethebestyogamats.png?v=1633099657
moonholi-yoga-mat-body,Yoga & gym mat BODY,moonholi,"Yoga & gym mat Body
Our Body printed yoga & gym mat is inspired by French paintings and Italian art aesthetics, but also by thinking about our body as the temple of sensuality. The curves of the body resemble classical sculptures, and a simple sketch line underlines its artistic value and its uniqueness. The undefined fruit brings concepts of youth, yet maturity, pleasure and gentleness. This beautiful yoga & gym mat celebrates the Body as a form of art in itself. It will help you reconnect with your inner self and enjoy your body, while perfecting and balancing it during yoga practice.


Includes carrying strap.",110,166.5,USD,,,,,,,,,,,,,Natural Rubber,Suede-like,Eco-Friendly,,2,false,6959192113325,yoga-mat-body,Moonholi Yoga,Yoga & fitness mat,_tab_materials; _tab_studio-yoga-mats-materials; eco fitness mat; eco yoga mat; fitness mat; fitness mats; gym mat; gym mats; natural rubber yoga mats; printed yoga mat; printed yoga mats; studio mat; studio mats; suede yoga mat; training mat; training mats; yoga mat; yoga mats,2021-09-22T18:15:19+02:00,2021-09-22T18:31:32+02:00,https://cdn.shopify.com/s/files/1/0602/9839/5821/products/Printedyogamat.png?v=1632329643
moonholi-yoga-mat-venus,"Yoga mat VENUS - natural rubber, non-slip, eco-friendly studio gym, pilates and yoga mat",moonholi,"Yoga mat Venus
The primary motive of this beautiful yoga mat is a geometric symbol of Venus – a five-petal flower, known as the Golden Flower or the Venus Flower. The flower shape is drawn by the planet Venus’s travel along the sky in relation to the Sun and the Earth. It is believed to be one of the most popular cosmic energy resonators and there are a lot of theories around it – from having empowering properties, to mind calming or energy boosting. The yoga mat’s design is very feminine, thanks to toned powdery colors and subtle references to femininity, art and beauty. The effect has been multiplied by integrating the Venus Flower into a pearl oyster – which is a metaphor for Aphrodite’s birth, common in art. This beautiful and delicate yoga mat is the quintessence of womanhood.

Includes carrying strap.",110,166.5,USD,,,,,,,,,,,,,Natural Rubber,Grippy,Eco-Friendly; Non-Slip; Travel,,2,true,6988947718317,yoga-mat-venus,Moonholi Yoga,Yoga & fitness mat,_tab_materials; _tab_studio-yoga-mats-materials; eco fitness mat; eco yoga mat; fitness mat; fitness mats; gym mat; gym mats; natural rubber yoga mats; printed yoga mat; printed yoga mats; studio mat; studio mats; suede yoga mat; training mat; training mats; yoga mat; yoga mats,2021-10-02T17:16:33+02:00,2021-10-02T17:16:32+02:00,https://cdn.shopify.com/s/files/1/0602/9839/5821/products/Yogamatsshop.png?v=1633188310
moonholi-yoga-mat-magic-wand-natural-rubber-non-slip-eco-friendly-studio-fitness-pilates-and-yoga-mat,"Yoga mat MAGIC WAND - natural rubber, non-slip, eco-friendly studio fitness, pilates and yoga mat",moonholi,"Yoga mat Magic Wand - black
The Magic Wand Yoga Mat by Moonholi is more than just a practical accessory for your daily practice – it’s a portal to your inner world. Made from natural rubber and topped with a non-slip surface, it offers superior stability even during the most challenging asanas. It's perfect for everything from dynamic Vinyasa flows to slow and grounding Yin yoga sessions.
But this yoga mat is also a powerful symbol. Its design is inspired by elements of magic – the moon, a magic wand, a spell book, and cosmic vibrations – all reminding you that you carry the power to create your own reality. Every time you step onto this mat, you reconnect with yourself – your intuition, your inner strength, and the creator within.
Why choose the Magic Wand Yoga Mat?


Made from natural rubber – durable, sustainable, and eco-friendly


Non-slip surface – excellent grip no matter the intensity of your practice


Inspired by magic and astrology – a design that energizes and motivates


Comfortable size and optimal thickness – ideal for everyday use


Limited edition design – stand out on and off the mat


The Magic Wand Yoga Mat is an invitation to a deeper practice – one that unites body, mind, and spirit. Let every movement be a spell, and every breath a whisper from the universe.

Includes carrying strap.",110,110,USD,,,,,,,,,,,,,Natural Rubber,Grippy,Eco-Friendly; Non-Slip,,1,false,9625508217174,yoga-mat-magic-wand-natural-rubber-non-slip-eco-friendly-studio-fitness-pilates-and-yoga-mat,Moonholi Yoga,Yoga & fitness mat,_tab_materials; _tab_studio-yoga-mats-materials; eco fitness mat; eco yoga mat; fitness mat; fitness mats; gym mat; gym mats; natural rubber yoga mats; printed yoga mat; printed yoga mats; studio mat; studio mats; suede yoga mat; training mat; training mats; yoga mat; yoga mats,2025-05-21T12:03:01+02:00,2025-05-21T13:55:20+02:00,https://cdn.shopify.com/s/files/1/0602/9839/5821/files/YogamatMagicWandblack.png?v=1747822095
moonholi-yoga-mat-magic-carpet,"Yoga mat MAGIC CARPET - natural rubber, non-slip, eco-friendly studio gym, pilates and yoga mat",moonholi,"Yoga mat Magic Carpet
Our Magic Carpet yoga mat is inspired by the beauty of the Orient and the legend of the flying carpet. With a deep red colouring, our variation of Persian tribal patterns in gold take you all the way to the Middle East and its magical myths and tales.
It is believed that the legendary Queen of Sheba had a magic carpet made by one of her royal alchemists for King Solomon as a token of her love. It was originally made of silk, and was embroidered with gold and silver, as well as studded with precious stones. It symbolizes the power of its master. King Solomon was one of the most powerful Jewish kings and it is believed that thanks to the magic powers of his flying carpet, he was able to travel vast distances and transport armies of up to 40,000 soldiers.

Includes carrying strap.",110,110,USD,,,,,,,,,,,,,Natural Rubber,Grippy,Eco-Friendly; Non-Slip; Travel,,1,false,6986480484525,yoga-mat-magic-carpet,Moonholi Yoga,Yoga & fitness mat,_tab_materials; _tab_studio-yoga-mats-materials; eco fitness mat; eco yoga mat; fitness mat; fitness mats; gym mat; gym mats; natural rubber yoga mats; printed yoga mat; printed yoga mats; studio mat; studio mats; suede yoga mat; training mat; training mats; yoga mat; yoga mats,2021-10-01T16:01:34+02:00,2021-10-01T16:01:34+02:00,https://cdn.shopify.com/s/files/1/0602/9839/5821/products/BestfitnessmatsMagicCarpet.png?v=1633097573
moonholi-yoga-mat-veganika-night,"Yoga mat VEGANIKA NIGHT - natural rubber, non-slip, eco-friendly studio gym, pilates and yoga mat",moonholi,"Yoga mat Veganika Night
Our Veganika yoga mat is our tribute to plants, which determine just about all other life on Earth. They supply food to all living organisms, including humans. They are crucial to maintaining our atmosphere and enabling us to breathe, as they absorb carbon dioxide and produce oxygen, essential for cellular respiration. They also play an important role in water circulation and nurturing soil. Finally, they provide shelter for many organisms around the world, and enhance human mental and emotional health.
And although plants greatly differ from each other in terms of appearance, most of the time their leaf distribution, petal arrangement, or branching and spiraling follow the Golden Ratio – a mathematical pattern that brings beauty through harmony and perfect proportion, known as the Divine Proportion - living proof of an Intelligent Design.
We have chosen Ivy for our Veganika yoga mat pattern due to its beautiful features and strong plant symbolism. It represents emotional affectionate attachment such as love, friendship and fidelity. Its strong roots and desire for climbing symbolise eternity and immortality.
Whether you are vegan or not, you will love this plant-based yoga mat.

Includes carrying strap.",110,166.5,USD,,,,,,,,,,,,,Natural Rubber,Grippy,Eco-Friendly; Non-Slip,,2,true,6988934086829,yoga-mat-veganika-night,Moonholi Yoga,Yoga & fitness mat,_tab_materials; _tab_studio-yoga-mats-materials; eco fitness mat; eco yoga mat; fitness mat; fitness mats; gym mat; gym mats; natural rubber yoga mats; printed yoga mat; printed yoga mats; studio mat; studio mats; suede yoga mat; training mat; training mats; yoga mat; yoga mats,2021-10-02T16:53:19+02:00,2021-10-02T16:53:19+02:00,https://cdn.shopify.com/s/files/1/0602/9839/5821/products/Ecofriendlyyogamatsstore.png?v=1633186978
moonholi-yoga-mat-the-moon,"Yoga mat THE MOON - natural rubber, non-slip, eco-friendly studio gym, pilates and yoga mat",moonholi,"Yoga mat The Moon
Ruler of the waves. Temptress of the tides. The Moon. The pattern of this yoga mat is inspired by the magical power of the Moon. All throughout history, people have considered the Sun and the Moon to be divine beings; one masculine – ruling the day, the other feminine – ruling the night. In astrology, the Moon is the symbol of the soul, it represents emotions, the subconscious mind and the psyche. The Moon is about inner beliefs, hopes, dreams, fears and intuition. It is considered to carry the mother energy, and is strongly associated with females. It is believed to influence women’s menstrual cycles and to control human beings as the ruler of the water, for the human body consists of over 60% water. The Moon, being in the middle of the light of the Sun and the darkness of the night, is often believed to represent the realm between the conscious and the unconscious.
If you feel you’ve been on the Moon and have fallen down to Earth, you’re our kind of Yogi. The elegant, black and white design will not distract you from your yoga practice and will look beautiful wherever you practice.

Includes carrying strap.",110,166.5,USD,,,,,,,,,,,,,Natural Rubber,Grippy,Eco-Friendly; Non-Slip,,2,true,6986514497709,yoga-mat-the-moon,Moonholi Yoga,Yoga & fitness mat,_tab_materials; _tab_studio-yoga-mats-materials; eco fitness mat; eco yoga mat; fitness mat; fitness mats; gym mat; gym mats; natural rubber yoga mats; printed yoga mat; printed yoga mats; studio mat; studio mats; suede yoga mat; training mat; training mats; yoga mat; yoga mats,2021-10-01T16:15:43+02:00,2021-10-01T16:15:43+02:00,https://cdn.shopify.com/s/files/1/0602/9839/5821/products/MoonyogamatbyMoonholi.png?v=1633099011
moonholi-yoga-mat-vibration,"Yoga mat VIBRATION - natural rubber, non-slip, eco-friendly studio gym, pilates and yoga mat",moonholi,"Yoga mat Vibration
The yoga mat’s pattern is inspired by Chladni Patterns – beautiful figures produced by healing and harmonious Solfeggio tunes. We have combined the design with a very feminine mint colour, which evokes peace and nature. The high vibrations of our yoga mat help achieve a state of meditation and harmony, while its beautiful and relaxing design will make it stand out on sunny Sri Lankan beaches or tropical Bali spots. The elegant and feminine pattern will also look gorgeous in your home space.
Your vibe attracts your tribe. Vibrate higher.

Includes carrying strap.",110,166.5,USD,,,,,,,,,,,,,Natural Rubber,Grippy,Eco-Friendly; Non-Slip,,2,true,6988953813165,yoga-mat-vibration,Moonholi Yoga,Yoga & fitness mat,_tab_materials; _tab_studio-yoga-mats-materials; eco fitness mat; eco yoga mat; fitness mat; fitness mats; gym mat; gym mats; natural rubber yoga mats; printed yoga mat; printed yoga mats; studio mat; studio mats; suede yoga mat; training mat; training mats; yoga mat; yoga mats,2021-10-02T17:27:22+02:00,2021-10-02T17:27:21+02:00,https://cdn.shopify.com/s/files/1/0602/9839/5821/products/Yogamatsshoponline.png?v=1633189825
moonholi-travel-yoga-mat-illumination,Travel yoga & gym mat ILLUMINATION light and foldable,moonholi,"Travel yoga & gym mat Illumination
The Illumination travel yoga mat (also perfect as a gym mat) pattern is inspired by the concept of the Third Eye, also called the inner eye. In Hinduism, it is believed that it relates to the sixth chakra and the pineal gland. It is one of the main energy centers of the body. It is believed that the third eye allows you to see beyond ordinary sight. That it is a gate that leads to our inner realms and the state of higher consciousness. Meditation and focus on the inner eye enables tuning into and resonating with the harmonic frequencies of the Universe, while the opening of the third eye leads to the sharpening of intuition, achieving higher awareness and connecting with the universal consciousness. The Hand of Fatima is an ancient talisman symbolising feminine power. It is used as a defense against negative energy as it is believed to deflect the gaze of the evil eye, as well as channel the forces of good, promote healing and foster miracles.
The beautiful pattern brings concepts of mystery, rituals and mysticism. The spiritual, yet modern, design is extremely elegant. The travel yoga mat looks great in every space and its spiritual concept will help you get into the mood during meditation.

Includes carrying strap. 
See other travel yoga mats.
See yoga mats.",99,125.28,USD,,,,,,,,,,,,,Natural Rubber,Suede-like,Eco-Friendly; Travel,,3,true,6989093044397,travel-yoga-mat-illumination,Moonholi Yoga,Yoga & fitness mat,_tab_materials; _tab_studio-yoga-mats-materials; eco fitness mat; eco yoga mat; fitness mat; fitness mats; foldable fitness mat; foldable yoga mat; gym mat; gym mats; light fitness mat; light mat; light yoga mat; natural rubber yoga mats; printed yoga mat; printed yoga mats; studio mat; studio mats; suede yoga mat; thin fitness mat; thin mat; training mat; training mats; travel mat; travel mats; yoga mat; yoga mats,2021-10-02T20:50:36+02:00,2021-10-02T20:50:36+02:00,https://cdn.shopify.com/s/files/1/0602/9839/5821/products/Besttravelyogamatsecofriendlyrubberyogamat.png?v=1633200864
moonholi-travel-yoga-mat-magic,Travel yoga & gym mat MAGIC light and foldable,moonholi,"Travel yoga & gym mat Magic
Cast a spell…
Our Magic yoga & gym mat is inspired by the fascination in supernatural powers to control the powers of nature. Do humans really possess such powers? For centuries people lived in a beautiful and strong connection to nature, and it is believed we were able to read and use them for our own benefit. Practitioners of magic were called healers, wizards, shamans, and the practising of white magic was to create goodness via healing, blessings, spells, charms, songs or prayers. Later, with the development of civilization, we stopped believing in magic. And yet there are hundreds of examples of magic happening every day – obvious to those, who can see.
Our Magic yoga mat is full of magical symbols, from palo-santo, herbs, flowers and magic crystals, as well as other typical attributes of a modern witch. The fortune-telling crystal ball has been placed in the center of the design, and its focal point is the Third Eye. The pattern is inspired by Tarot cards - very magical, and at the same time still modern and elegant. This eco yoga and gym mat will look beautifully in your yoga space.

Includes carrying strap. 
See other travel yoga mats. 
See yoga mats.",99,156.6,USD,,,,,,,,,,,,,Natural Rubber,Suede-like,Eco-Friendly; Travel,,3,true,6989086752941,travel-yoga-mat-magic,Moonholi Yoga,Yoga & fitness mat,_tab_materials; _tab_studio-yoga-mats-materials; eco fitness mat; eco yoga mat; fitness mat; fitness mats; foldable fitness mat; foldable yoga mat; gym mat; gym mats; light fitness mat; light mat; light yoga mat; natural rubber yoga mats; printed yoga mat; printed yoga mats; studio mat; studio mats; suede yoga mat; thin fitness mat; thin mat; training mat; training mats; travel mat; travel mats; yoga mat; yoga mats,2021-10-02T20:44:29+02:00,2021-10-02T20:44:29+02:00,https://cdn.shopify.com/s/files/1/0602/9839/5821/products/Besttravelyogamat.png?v=1633200560
moonholi-travel-fitness-yoga-mat-bells-light-and-foldable,Travel fitness & yoga mat BELLS light and foldable,moonholi,"Travel yoga & gym mat Bells - black, blue and purple
The Bells yoga mat: A sacred space for inner awakening
Created as a vessel for transformation, the Bells yoga mat is your personal haven—infused with the energy of sound, safety, and balance. Drawing on the timeless wisdom of bell vibrations, it invites you to reconnect with the deeper rhythms of life.
For millennia, bells have played a profound role in human spirituality—used across cultures to awaken the soul, heal the body, and protect sacred spaces. Their echo has traveled far beyond the temples, touching the core of human awareness.
In Buddhist practice, the bell's chime signals not just the start of meditation, but a moment of spiritual clarity—cleansing the atmosphere and stirring the consciousness from its slumber. Across civilizations, its sound has represented harmony with the cosmos, while its vibrations were believed to dispel negativity and draw blessings.
In a modern world filled with noise and imbalance, we return to these ancient truths. The Bells yoga mat is not just a support for your practice—it's a resonance chamber for the truth held within your being.
Bells yoga mat – A foundation for the sacred


Tuned to the 432 Hz frequency, known for its natural resonance with universal harmony—an echo of when sound, breath, and spirit moved as one.


Embellished with sacred geometry and soundwave patterns, mirroring the subtle frequencies of bell tones and their influence on the energetic body.


Enhances somatic and meditative practices—especially powerful alongside sound healing tools like gongs, singing bowls, and vocal mantra.


More than a yoga mat, this is a conduit. A bridge between ancient sound and modern soul. Between matter and vibration. Between you and the stillness beneath all things.

Includes carrying strap. 
See other travel yoga mats. 
See yoga mats.",99,99,USD,,,,,,,,,,,,,Natural Rubber,Suede-like,Eco-Friendly; Travel,,1,true,9743880225110,travel-fitness-yoga-mat-bells-light-and-foldable,Moonholi Yoga,Maty do jogi i pilatesu,_tab_materials; _tab_studio-yoga-mats-materials; eco fitness mat; eco yoga mat; fitness mat; fitness mats; foldable fitness mat; foldable yoga mat; gym mat; gym mats; light fitness mat; light mat; light yoga mat; natural rubber yoga mats; printed yoga mat; printed yoga mats; studio mat; studio mats; suede yoga mat; thin fitness mat; thin mat; training mat; training mats; travel mat; travel mats; yoga mat; yoga mats,2025-08-06T11:10:04+02:00,2025-08-06T12:56:44+02:00,https://cdn.shopify.com/s/files/1/0602/9839/5821/files/yogamat.png?v=1754471263
moonholi-travel-yoga-gym-mat-kabbalah-tree-of-life-light-and-foldable,Travel yoga & gym mat KABBALAH light and foldable,moonholi,"Travel yoga & gym mat Kabbalah
The Kabbalah anti-slip travel yoga mat is inspired by the shape of the Tree of Life, featuring a rich canopy and strong roots that harmoniously coexist. The tree of life motif is enclosed in a circle, with its lower part accentuated by a crescent moon filled with small circles reminiscent of stars in the night sky. The yoga mat features a minimalist Kabbalah symbol made up of tiny circles, free of unnecessary lines to avoid overwhelming the tree design. Additionally, the points that form the Kabbalah symbol and the vertical line, which incorporates the DNA symbol—the spiral of life—support your practice and indicate symmetry. The Kabbalah yoga & fitness mat is perfect for photography and integrates beautifully into various interiors thanks to its muted colour palette. Subtle phases of the Moon gently remind you that you’re practising on a cosmic yoga mat from Moonholi.

Includes carrying strap. 
See other travel yoga mats. 
See yoga mats.",99,99,USD,,,,,,,,,,,,,Natural Rubber,Suede-like,Eco-Friendly; Travel,,1,true,9300505297238,travel-yoga-gym-mat-kabbalah-tree-of-life-light-and-foldable,Moonholi Yoga,Maty do jogi i pilatesu,_tab_materials; _tab_studio-yoga-mats-materials; eco fitness mat; eco yoga mat; fitness mat; fitness mats; foldable fitness mat; foldable yoga mat; gym mat; gym mats; light fitness mat; light mat; light yoga mat; natural rubber yoga mats; printed yoga mat; printed yoga mats; studio mat; studio mats; suede yoga mat; thin fitness mat; thin mat; training mat; training mats; travel mat; travel mats; yoga mat; yoga mats,2024-11-13T11:33:01+01:00,2024-11-13T11:41:43+01:00,https://cdn.shopify.com/s/files/1/0602/9839/5821/files/travel-yoga-pilates-fitness-mat.png?v=1731494108
moonholi-travel-yoga-gym-mat-a-night-in-paris-light-and-foldable,Travel yoga & gym mat A NIGHT IN PARIS light and foldable,moonholi,"Travel yoga & gym mat A Night in Paris
One does not live by spirituality alone... The Night in Paris yoga, fitness and pilates mat will take you straight to the decadent, romantic Paris, where fun and love of life here and now reign. Drink coffee under the Eiffel Tower, go for a bike ride, and in the evening, armed with high heels, lipstick and perfume, go to a fashion show. Don’t forget the champagne while you’re there…
The dark purple-blue shade of the ""Night in Paris"" yoga mat ensures it is easy to keep clean, and the Parisian symbols in pink make it as sweet as French macarons.

Includes carrying strap. 
See other travel yoga mats. 
See yoga mats.",99,99,USD,,,,,,,,,,,,,Natural Rubber,Suede-like,Eco-Friendly; Travel,,1,true,9528523915606,travel-yoga-gym-mat-a-night-in-paris-light-and-foldable,Moonholi Yoga,Maty do jogi i pilatesu,_tab_materials; _tab_studio-yoga-mats-materials; eco fitness mat; eco yoga mat; fitness mat; fitness mats; foldable fitness mat; foldable yoga mat; gym mat; gym mats; light fitness mat; light mat; light yoga mat; natural rubber yoga mats; printed yoga mat; printed yoga mats; studio mat; studio mats; suede yoga mat; thin fitness mat; thin mat; training mat; training mats; travel mat; travel mats; yoga mat; yoga mats,2025-03-20T13:43:42+01:00,2025-03-20T13:53:51+01:00,https://cdn.shopify.com/s/files/1/0602/9839/5821/files/purple_travel_yoga_mat_paris.png?v=1742475063
moonholi-travel-yoga-gym-mat-universe-light-and-foldable,Travel yoga & gym mat UNIVERSE light and foldable,moonholi,"Travel yoga & gym mat Universe
The Universe foldable travel yoga mat is inspired by the concept of the spiritual connection between man and the Universe. It is believed that the Universe always gives us what we need at that moment, and what we have manifested with energy. We attract what our attention and energy is focused on, and our thoughts and words have the power to create reality. After all, in the beginning was the word...
The constellations are real constellations, and compositionally the mat is divided into three parts, the centre is marked by the sun and lines that extend from the very centre. They symbolize energy from the Universe. At the bottom, female figures are embedded in the shape of the mountains. The central figure emerges from the division in half, which is a metaphor for rebirth, entering a higher level of consciousness, and transformation. At the top there is a beautiful starry sky, moon phases and the Milky Way. The whole thing reminds us that, although we are individual humans, we are all part of the Universe, its creators, and recipients of this energy.
The look of this travel exercise mat is very elegant and spiritual. The Universe rubber travel yoga mat looks beautiful in every surrounding, and its dark pattern is also very practical to use.

Includes carrying strap. 
See other travel yoga mats.
See yoga mats.",99,156.6,USD,,,,,,,,,,,,,Natural Rubber,Suede-like,Eco-Friendly; Travel,,2,true,8527789949270,travel-yoga-gym-mat-universe-light-and-foldable,Moonholi Yoga,Yoga & fitness mat,_tab_materials; _tab_studio-yoga-mats-materials; eco fitness mat; eco yoga mat; fitness mat; fitness mats; foldable fitness mat; foldable yoga mat; gym mat; gym mats; light fitness mat; light mat; light yoga mat; natural rubber yoga mats; printed yoga mat; printed yoga mats; studio mat; studio mats; suede yoga mat; thin fitness mat; thin mat; training mat; training mats; travel mat; travel mats; yoga mat; yoga mats,2023-09-17T13:33:20+02:00,2023-09-17T14:25:54+02:00,https://cdn.shopify.com/s/files/1/0602/9839/5821/files/yogamatfitnessmatuniverse_dc84b1a5-b15f-43d9-bc7a-be0b1c239018.png?v=1694950481
moonholi-travel-yoga-gym-mat-love-light-and-foldable,Travel yoga & gym mat LOVE light and foldable,moonholi,"Travel yoga & gym mat Love
The Love non-slip rubber yoga mat is our interpretation of love. And love is... all around. Love between lovers, parental love, friendship, love for Mother nature, self-love. We tried to make this non-slip yoga mat include symbols to reflect all the types of love out there.
It is believed that love is the most powerful vibration in the Universe. The main graphic motif of the Love yoga mat is the heart, which appears in various forms. The yoga mat has a feel of a ""love letter"" where ribbons, birds facing each other, and decorative typography often appear. Lollipops, gummy bears and caring hands symbolize unconditional parental love, and the pink color of the Love yoga mat is as sweet as a candy store. Heart-shaped strawberries symbolize passion and nature. The Love non-slip yoga mat, like all Moonholi yoga mats, is also full of cosmic references, as love is the highest vibration in the Universe.
We hope you LOVE it.

Includes carrying strap. 
See other travel yoga mats. 
See yoga mats.",99,156.6,USD,,,,,,,,,,,,,Natural Rubber,Suede-like,Eco-Friendly; Non-Slip; Travel,,2,true,8715754537302,travel-yoga-gym-mat-love-light-and-foldable,Moonholi Yoga,Maty do jogi i pilatesu,_tab_materials; _tab_studio-yoga-mats-materials; eco fitness mat; eco yoga mat; fitness mat; fitness mats; foldable fitness mat; foldable yoga mat; gym mat; gym mats; light fitness mat; light mat; light yoga mat; natural rubber yoga mats; printed yoga mat; printed yoga mats; studio mat; studio mats; suede yoga mat; thin fitness mat; thin mat; training mat; training mats; travel mat; travel mats; yoga mat; yoga mats,2024-02-07T17:00:39+01:00,2024-02-07T17:15:10+01:00,https://cdn.shopify.com/s/files/1/0602/9839/5821/files/non-slip-travel-yoga-mat.png?v=1707321779
moonholi-travel-yoga-mat-psychobella,Travel yoga & gym mat PSYCHOBELLA light and foldable,moonholi,"Travel yoga & gym mat Psychobella
The Psychobella natural rubber yoga mat (gym mat) is inspired by the spiritual experiences (apparently: P) of people who consume the so-called psychedelic mushrooms. The design of this yoga mat is unisex so everyone loves it. Mushrooms are the dominant graphic element, they are arranged symmetrically, which means that no matter how you unfold the yoga & gym mat, it is great to practice on. We have selected a specific species of mushrooms that those in the know will surely recognize…
Mushrooms seem to envelop, hug, engulf - this is a direct reference to the psychedelic experience, which is a repetitive memory motif. The centre of this yoga mat is saturated with symbolism - we have here both the so-called disintegration of the ego, as well as the internal integration of a person, there is also a certain cyclicity and reference to nature. The eye in the centre is associated with the Third Eye, with a broadening of the perspective, sharper vision and understanding, as well as with the observation of oneself and the world.
This yoga mat is very psycho, very bella, and very trippy...

Includes carrying strap. 
See other travel yoga mats. 
See yoga mats.",99,156.6,USD,,,,,,,,,,,,,Natural Rubber,Suede-like,Eco-Friendly; Travel,,2,true,7898167214335,travel-yoga-mat-psychobella,Moonholi Yoga,Yoga & fitness mat,_tab_materials; _tab_studio-yoga-mats-materials; eco fitness mat; eco yoga mat; fitness mat; fitness mats; foldable fitness mat; foldable yoga mat; gym mat; gym mats; light fitness mat; light mat; light yoga mat; natural rubber yoga mats; printed yoga mat; printed yoga mats; studio mat; studio mats; suede yoga mat; thin fitness mat; thin mat; training mat; training mats; travel mat; travel mats; yoga mat; yoga mats,2022-11-21T16:32:23+01:00,2022-11-24T10:51:29+01:00,https://cdn.shopify.com/s/files/1/0602/9839/5821/products/yoga-mat-Psychobella_f5d75579-f826-4c07-89cc-6cb7a8bb1b0a.png?v=1669044846
moonholi-travel-fitness-yoga-mat-time-to-grow-light-and-foldable,Travel fitness & yoga mat TIME TO GROW light and foldable,moonholi,"Travel yoga & gym mat Time to Grow - dark blue and beige fitness mat
Time to Grow Travel is a lightweight, foldable, and easy-to-pack training mat that works perfectly for travel. It is an ideal companion for your yoga practice anywhere in the world. 
The Time to Grow yoga mat is a sanctuary of renewal — a place where every practice becomes a journey toward a fresh start, inner resilience, and harmony.A delicate, celestial female figure ascending toward the stars, surrounded by soft constellations, two moons, and sunbeams, represents inner evolution, rebirth, and deep alignment with nature. The gentle plant she holds symbolizes her personal growth and regeneration, serving as a reminder that each movement, each breath, and every moment spent practicing yoga, Pilates, or any form of exercise nurtures your own unfolding. Lunar phases, stars, and subtle botanical details highlight the natural rhythm shared by body and spirit, turning every activity into a moment of mindfulness and connection with the world.
Soft, earthy tones create a soothing atmosphere that supports concentration and meditation. This mat is perfectly suited for yoga, Pilates, general fitness, and training both in a studio and at home — offering steady support with its non-slip surface while inviting you into a space of reflection, awareness, and closeness to nature.
Time to Grow is more than a yoga mat — it is a space for restoration and a daily ritual, reminding you that growth, balance, and inner power emerge whenever you give yourself the freedom to move and breathe.

Includes carrying strap. 
See other travel yoga mats. 
See yoga mats.",99,99,USD,,,,,,,,,,,,,Natural Rubber,Suede-like,Eco-Friendly; Non-Slip; Lightweight; Travel; Alignment Marks,,1,true,9972394623318,travel-fitness-yoga-mat-time-to-grow-light-and-foldable,Moonholi Yoga,Maty do jogi i pilatesu,_label_new; _tab_materials; _tab_studio-yoga-mats-materials; eco fitness mat; eco yoga mat; fitness mat; fitness mats; foldable fitness mat; foldable yoga mat; gym mat; gym mats; light fitness mat; light mat; light yoga mat; natural rubber yoga mats; printed yoga mat; printed yoga mats; studio mat; studio mats; suede yoga mat; thin fitness mat; thin mat; training mat; training mats; travel mat; travel mats; yoga mat; yoga mats,2025-11-17T15:52:58+01:00,2025-11-23T13:38:23+01:00,https://cdn.shopify.com/s/files/1/0602/9839/5821/files/naturalrubberyogamatwithwomanandthemoon_26295a2f-c6a9-45af-b583-972a3465abca.png?v=1763391499
moonholi-travel-yoga-gym-mat-magic-wand-light-and-foldable,Travel fitness & yoga mat MAGIC WAND light and foldable,moonholi,"Travel yoga & gym mat Magic Wand black
The travel Magic Wand Yoga Mat from Moonholi isn’t just a piece of yoga gear – it’s a gateway to your inner universe. Crafted from natural rubber and finished with a grippy, non-slip top layer, it offers unwavering support through every pose, from dynamic Vinyasa sequences to calming Yin sessions.
More than a tool, this travel yoga mat is a symbol of transformation. Its mystical artwork draws from celestial and magical elements – the moon, a wand, an ancient grimoire, and cosmic energy – serving as a daily reminder that you hold the power to shape your own path. Each practice on this mat becomes a return to your intuition, your resilience, and the creative force within you.
Top reasons to love the travel Magic Wand Yoga Mat:


Natural rubber base – robust, eco-conscious, and built to last


Anti-slip surface – reliable grip even during heated or high-energy flows


Magical, astrological design – infuses your practice with intention and energy


Balanced dimensions and thickness – ideal for both home and studio use


Exclusive design – express your uniqueness on the mat and beyond


The Magic Wand travel yoga & gym mat is more than a foundation for movement – it’s a companion on a soulful journey that integrates body, mind, and spirit. Let each pose become a ritual, each inhale a quiet dialogue with the cosmos.

Includes carrying strap. 
See other travel yoga mats. 
See yoga mats.",99,99,USD,,,,,,,,,,,,,Natural Rubber,Suede-like,Eco-Friendly; Non-Slip; Travel,,1,true,9625517949270,travel-yoga-gym-mat-magic-wand-light-and-foldable,Moonholi Yoga,Maty do jogi i pilatesu,_tab_materials; _tab_studio-yoga-mats-materials; eco fitness mat; eco yoga mat; fitness mat; fitness mats; foldable fitness mat; foldable yoga mat; gym mat; gym mats; light fitness mat; light mat; light yoga mat; natural rubber yoga mats; printed yoga mat; printed yoga mats; studio mat; studio mats; suede yoga mat; thin fitness mat; thin mat; training mat; training mats; travel mat; travel mats; yoga mat; yoga mats,2025-05-21T12:14:59+02:00,2025-05-21T13:55:20+02:00,https://cdn.shopify.com/s/files/1/0602/9839/5821/files/travelnonslipyogamat.png?v=1747822996
moonholi-travel-yoga-mat-cosmic-girl,Travel yoga & fitness mat COSMIC GIRL light and foldable,moonholi,"Travel yoga & fitness mat Cosmic Girl
Light as a beam of starlight. Ready for every journey.Cosmic Girl Travel is a mat created for those who don’t want to limit their practice to just one place on Earth.
Its ultra-thin 1.5 mm construction allows you to fold the mat into a backpack or suitcase without sacrificing grip or stability. Natural rubber ensures reliable contact with the ground, while the premium microfiber surface activates with movement, moisture, and body heat — making it ideal for dynamic practices, even on the go.
The purple, cosmic design transports you into your own galaxy — whether you’re practicing in a studio, a hotel room, or under open skies.
Why the travel version?


ultra-lightweight and foldable — perfect for travel


natural rubber with high grip


premium microfiber that supports stability in motion


dimensions: 183 × 61 cm


thickness: 1.5 mm


Unroll it wherever you are and let your practice travel with you — all the way to the edges of your cosmos.

Includes carrying strap. 
See other travel yoga mats. 
See yoga mats.",99,156.6,USD,1.5,mm,1.5 mm,183,cm,"183 × 61 cm


",61,cm,"183 × 61 cm


",,,,Natural Rubber,Suede-like,Eco-Friendly; Non-Slip; Lightweight; Travel; Premium,,3,true,6989014237357,travel-yoga-mat-cosmic-girl,Moonholi Yoga,Yoga & fitness mat,_tab_materials; _tab_studio-yoga-mats-materials; eco fitness mat; eco yoga mat; fitness mat; fitness mats; foldable fitness mat; foldable yoga mat; gym mat; gym mats; light fitness mat; light mat; light yoga mat; natural rubber yoga mats; printed yoga mat; printed yoga mats; studio mat; studio mats; suede yoga mat; thin fitness mat; thin mat; training mat; training mats; travel mat; travel mats; yoga mat; yoga mats,2021-10-02T19:14:58+02:00,2021-10-02T19:14:57+02:00,https://cdn.shopify.com/s/files/1/0602/9839/5821/products/YogamatCosmicGirlnaturalrubber_e9136bac-8d91-4569-851a-4c8f9655979c.png?v=1633194902
moonholi-travel-yoga-mat-tropicana,Travel yoga & gym mat TROPICANA light and foldable,moonholi,"Travel yoga & gym mat Tropicana
The yoga mat’s design is inspired by travels – the wind in your hair, the sun on your skin and the sand under your feet. This beautiful travel yoga and gym mat with tropical leaves is a favourite of all tropics and ocean lovers and has quickly became a must-have for surf and kite girls and wave lovers. The memories of summer vibes under your feet will take you to an exotic beach during your yoga practice. Just close your eyes to feel the warmth of the tropical sun, the gentleness of the sand and the refreshing breeze of the ocean. This travel yoga and gym mat is ideal for all free spirit, active girls.

Includes carrying strap. 
See other travel yoga mats. 
See yoga mats.",99,156.6,USD,,,,,,,,,,,,,Natural Rubber,Suede-like,Eco-Friendly; Travel,,3,true,6989098811565,travel-yoga-mat-tropicana,Moonholi Yoga,Maty do jogi i pilatesu,_tab_materials; _tab_studio-yoga-mats-materials; eco fitness mat; eco yoga mat; fitness mat; fitness mats; foldable fitness mat; foldable yoga mat; gym mat; gym mats; light fitness mat; light mat; light yoga mat; natural rubber yoga mats; printed yoga mat; printed yoga mats; studio mat; studio mats; suede yoga mat; thin fitness mat; thin mat; training mat; training mats; travel mat; travel mats; yoga mat; yoga mats,2021-10-02T20:56:11+02:00,2021-10-02T20:56:11+02:00,https://cdn.shopify.com/s/files/1/0602/9839/5821/products/BesttravelyogamatUK.png?v=1633201124
moonholi-yoga-mat-pro-sticky-venus-powdered-pink-natural-rubber-non-slip-eco-friendly-professional-gym-pilates-and-yoga-mat,"Yoga mat PRO STICKY VENUS powdered pink - natural rubber, non-slip, eco-friendly professional gym, pilates and yoga mat",moonholi,"Yoga mat Pro Sticky Venus - powdered pink
The PRO STICKY Venus anti-slip yoga and exercise mat is a natural rubber exercise mat with uncompromising grip that will delight even the most demanding yogis. A non-slip yoga and exercise mat doesn't have to be boring. You can enjoy the excellent adhesion of the yoga mat and at the same time admire the beautiful pattern applied to the mat using our unique, golden, environmentally friendly dyes. The symmetrical lines running around the pattern will also help you position your body correctly.
The PRO STICKY Venus powder pink anti-slip yoga and exercise mat is a tribute to the characteristic five-petal flower called the Golden Flower or the Flower of Venus, which represents the movement of the planet Venus relative to the Earth and the Sun. This is one of the most popular cosmic energy resonators. There are many theories surrounding it - both regarding the golden ratio and its properties that strengthen and calm the psyche and increase energy. At the same time, the pattern of the exercise mat is very girly, thanks to the powder pink color of the mat and delicate references to femininity, beauty and art. This effect is enhanced by immersing the Golden Flower in a pearl in the shell. This is a reference to the mythical birth of Aphrodite from sea foam. This beautiful and delicate pink non-slip yoga mat is the quintessence of femininity.


Includes carrying yoga mat strap.",150,150,USD,,,,,,,,,,,,,Natural Rubber,Grippy,Eco-Friendly; Non-Slip,,1,false,9046027501910,yoga-mat-pro-sticky-venus-powdered-pink-natural-rubber-non-slip-eco-friendly-professional-gym-pilates-and-yoga-mat,Moonholi Yoga,Yoga & fitness mat,_tab_materials; _tab_studio-yoga-mats-materials; eco fitness mat; eco yoga mat; fitness mat; fitness mats; gym mat; gym mats; natural rubber yoga mats; non slip yoga mat; printed yoga mat; printed yoga mats; studio mat; studio mats; suede yoga mat; training mat; training mats; yoga mat; yoga mats,2024-07-22T10:33:02+02:00,2024-07-22T19:06:02+02:00,https://cdn.shopify.com/s/files/1/0602/9839/5821/files/Non_slip_yoga_mat_Venus_powdered_pink.png?v=1721640979
moonholi-yoga-mat-pro-sticky-illumination,"Yoga mat PRO STICKY ILLUMINATION - natural rubber, non-slip, eco-friendly professional gym, pilates and yoga mat",moonholi,"Yoga mat Pro Sticky Illumination
The PRO yoga mat STICKY ILLUMINATION is a PRO version of our bestselling design. If you are looking for that uncompromised, dreamy, ultimate grip – this is a PRO yoga mat for you. Your PRO yoga mat does not have to be a boring, one colour, mat. You can enjoy the perfect grip AND the gorgeous design at the same time. Illumination’s pattern, printed in our special eco-friendly, metallic golden ink, will also help with alignment during practice.
The Illumination yoga mat pattern is inspired by the concept of the Third Eye, also called the inner eye. In Hinduism, it is believed that it relates to the sixth chakra and the pineal gland. It is one of the main energy centers of the body. It is believed that the third eye allows you to see beyond ordinary sight. That it is a gate that leads to our inner realms and the state of higher consciousness. Meditation and focus on the inner eye enables tuning into and resonating with the harmonic frequencies of the Universe, while the opening of the third eye leads to the sharpening of intuition, achieving higher awareness and connecting with the universal consciousness. The Hand of Fatima is an ancient talisman symbolising feminine power. It is used as a defense against negative energy as it is believed to deflect the gaze of the evil eye, as well as channel the forces of good, promote healing and foster miracles.
The beautiful pattern brings concepts of mystery, rituals and mysticism. The spiritual, yet modern, design is extremely elegant. The yoga mat looks great in every space and its spiritual concept will help you get into the mood during meditation.


Includes carrying strap.",150,197.1,USD,,,,,,,,,,,,,Natural Rubber,Grippy,Eco-Friendly; Non-Slip; Alignment Marks,,2,false,6992874307757,yoga-mat-pro-sticky-illumination,Moonholi Yoga,Yoga & fitness mat,_tab_materials; _tab_studio-yoga-mats-materials; eco fitness mat; eco yoga mat; fitness mat; fitness mats; gym mat; gym mats; natural rubber yoga mats; printed yoga mat; printed yoga mats; studio mat; studio mats; training mat; training mats; yoga mat; yoga mats,2021-10-04T19:35:08+02:00,2021-10-04T19:35:08+02:00,https://cdn.shopify.com/s/files/1/0602/9839/5821/products/ProfessionalyogamatPROSTICKYIllumination.png?v=1633370038
moonholi-yoga-mat-pro-sticky-illumination-black,"Yoga mat PRO STICKY ILLUMINATION BLACK - natural rubber, non-slip, eco-friendly professional gym, pilates and yoga mat",moonholi,"Yoga mat Pro Sticky Illumination Black
The PRO STICKY ILLUMINATION BLACK yoga mat is a PRO version of our bestselling design with hamsa. If you are looking for that uncompromised, dreamy, ultimate grip – this is a professional non-slip yoga mat for you. Illumination’s pattern will also help with alignment during practice.
The Illumination yoga mat pattern is inspired by the concept of the Third Eye, also called the inner eye. In Hinduism, it is believed that it relates to the sixth chakra and the pineal gland. It is one of the main energy centers of the body. It is believed that the third eye allows you to see beyond ordinary sight. That it is a gate that leads to our inner realms and the state of higher consciousness. Meditation and focus on the inner eye enables tuning into and resonating with the harmonic frequencies of the Universe, while the opening of the third eye leads to the sharpening of intuition, achieving higher awareness and connecting with the universal consciousness. The Hand of Fatima is an ancient talisman symbolising feminine power. It is used as a defense against negative energy as it is believed to deflect the gaze of the evil eye, as well as channel the forces of good, promote healing and foster miracles.
The beautiful pattern brings concepts of mystery, rituals and mysticism. The spiritual, yet modern, design is extremely elegant. The yoga mat looks great in every space and its spiritual concept will help you get into the mood during meditation.


Includes carrying strap.",150,150,USD,,,,,,,,,,,,,Natural Rubber,Grippy,Eco-Friendly; Non-Slip; Alignment Marks,,1,false,7871581225215,yoga-mat-pro-sticky-illumination-black,Moonholi Yoga,Yoga & fitness mat,_tab_materials; _tab_studio-yoga-mats-materials; eco fitness mat; eco yoga mat; fitness mat; fitness mats; gym mat; gym mats; natural rubber yoga mats; printed yoga mat; printed yoga mats; studio mat; studio mats; training mat; training mats; yoga mat; yoga mats,2022-10-24T17:24:38+02:00,2022-11-22T15:20:30+01:00,https://cdn.shopify.com/s/files/1/0602/9839/5821/products/professional-yoga-mat.png?v=1666625224
moonholi-yoga-mat-pro-sticky-magic,"Yoga mat PRO STICKY MAGIC - natural rubber, non-slip, eco-friendly professional gym, pilates and yoga mat",moonholi,"Yoga mat Pro Sticky Magic
The PRO yoga mat STICKY MAGIC is a PRO version of one of our bestselling designs. If you are looking for that uncompromised, dreamy, ultimate grip – this is a PRO yoga mat for you. Your PRO yoga mat does not have to be a boring, one colour, mat. You can enjoy the perfect grip AND the gorgeous design at the same time.
Our Magic professional yoga mat is inspired by the fascination in supernatural powers to control the powers of nature. Do humans really possess such powers? For centuries people lived in a beautiful and strong connection to nature, and it is believed we were able to read and use them for our own benefit. Practitioners of magic were called healers, wizards, shamans, and the practicing of white magic was to create goodness via healing, blessings, spells, charms, songs or prayers. Later, with the development of civilization, we stopped believing in magic.  And yet there are hundreds of examples of magic happening every day – obvious to those, who can see.
Our Magic pro yoga mat is full of magical symbols, from palo-santo, herbs, flowers and magic crystals, as well as other typical attributes of a modern witch. The fortune-telling crystal ball has been placed in the center of the design, and its focal point is the Third Eye. The pattern is very magical, and at the same time still modern and elegant. It will look beautifully in yoga space.


Includes carrying strap.",150,197.1,USD,,,,,,,,,,,,,Natural Rubber,Grippy,Eco-Friendly; Non-Slip,,2,true,7463275757823,yoga-mat-pro-sticky-magic,Moonholi Yoga,Yoga & fitness mat,_tab_materials; _tab_studio-yoga-mats-materials; eco fitness mat; eco yoga mat; fitness mat; fitness mats; gym mat; gym mats; natural rubber yoga mats; printed yoga mat; printed yoga mats; studio mat; studio mats; suede yoga mat; training mat; training mats; yoga mat; yoga mats,2021-11-29T17:23:36+01:00,2021-11-29T17:29:53+01:00,https://cdn.shopify.com/s/files/1/0602/9839/5821/products/YogamatMagicProSticky1.jpg?v=1638294641
moonholi-yoga-mat-pro-sticky-magic-carpet,"Yoga mat PRO STICKY MAGIC CARPET - natural rubber, non-slip, eco-friendly professional gym, pilates and yoga mat",moonholi,"Yoga mat Pro Sticky Magic Carpet
The Magic Carpet yoga mat is our version of a trip to the Middle East. Inspired by the legend of the Queen of Sheba, who ordered her alchemists to make one for King Solomon as a token of her love. The Magic Carpet symbolizes the power of its master.
The PRO STICKY version of our Magic Carpet yoga mat gives you an uncompromised, ultimate grip and its beautiful design takes you all the way to the Middle East.


Includes carrying strap.",150,150,USD,,,,,,,,,,,,,Natural Rubber,Grippy,Eco-Friendly; Non-Slip,,1,false,7591858274559,yoga-mat-pro-sticky-magic-carpet,Moonholi Yoga,Yoga & fitness mat,_tab_materials; _tab_studio-yoga-mats-materials; eco fitness mat; eco yoga mat; fitness mat; fitness mats; gym mat; gym mats; natural rubber yoga mats; printed yoga mat; printed yoga mats; studio mat; studio mats; suede yoga mat; training mat; training mats; yoga mat; yoga mats,2022-03-24T16:03:39+01:00,2022-03-24T16:06:14+01:00,https://cdn.shopify.com/s/files/1/0602/9839/5821/products/Nonslipperyyogamat.png?v=1648134295
moonholi-yoga-mat-pro-sticky-wisdom-black-natural-rubber-non-slip-eco-friendly-professional-gym-pilates-and-yoga-mat,"Yoga mat PRO STICKY WISDOM black - natural rubber, non-slip, eco-friendly professional gym, pilates and yoga mat",moonholi,"Yoga mat Pro Sticky Wisdom - black
The PRO STICKY WISDOM yoga mat is a blend of minimalist elegance and profound symbolic meaning. Its deep, matte black surface is accented with a golden Third Eye symbol – a sign of intuition, wisdom, and inner insight. It is the spiritual power of this symbol that inspired the creation of this yoga mat designed to support not only the body, but also the mind on the path to self-discovery.
Thanks to advanced anti-slip technology, the Wisdom yoga mat offers exceptional grip and stability – even during the most challenging asanas. Its thickness ensures excellent cushioning, protecting the joints and enhancing overall comfort during practice. PRO STICKY WISDOM is a reliable yoga mat for both beginners and experienced practitioners who seek not only premium quality, but also deeper meaning in their daily practice.
Illuminate your practice and feel how every moment with the PRO STICKY GLOW yoga mat becomes full of light and harmony. Signed by Moonholi with its full version logo.
 

Includes carrying yoga mat strap.",150,150,USD,,,,,,,,,,,,,Natural Rubber,Grippy,Eco-Friendly; Non-Slip; Premium,,1,false,9564059697494,yoga-mat-pro-sticky-wisdom-black-natural-rubber-non-slip-eco-friendly-professional-gym-pilates-and-yoga-mat,Moonholi Yoga,Yoga & fitness mat,_tab_materials; _tab_studio-yoga-mats-materials; eco fitness mat; eco yoga mat; fitness mat; fitness mats; gym mat; gym mats; natural rubber yoga mats; non slip yoga mat; printed yoga mat; printed yoga mats; studio mat; studio mats; suede yoga mat; training mat; training mats; yoga mat; yoga mats,2025-04-10T17:13:03+02:00,2025-04-11T13:31:25+02:00,https://cdn.shopify.com/s/files/1/0602/9839/5821/files/PU_non-slip_poliuretan_yoga_mat_black_Harmony.png?v=1744361097
moonholi-yoga-mat-pro-sticky-illumination-chocolate-natural-rubber-non-slip-eco-friendly-professional-gym-pilates-and-yoga-mat,"Yoga mat PRO STICKY ILLUMINATION CHOCOLATE - natural rubber, non-slip, eco-friendly professional gym, pilates and yoga mat",moonholi,"Yoga mat Pro Sticky Illumination Chocolate
The professional non-slip PRO STICKY ILLUMINATION Chocolate yoga and exercise mat in chocolate is simply yummy! The uncompromising grip of our professional PRO STICKY yoga mats will satisfy the most demanding yogis, while the symmetrical arrangement of the yoga mat pattern will also help you to properly position your body during yoga practice.
The yoga mat pattern is inspired by the concept of the existence of the so-called Third Eye. In Hinduism, it is believed that it is connected to the sixth chakra, and the pineal gland plays a large role in activating our inner eye. It is one of the main energy centres in the body. It is believed that the Third Eye allows us to see the invisible, that it is a gateway to other dimensions and to achieve a state of enlightenment. Meditation and focusing attention on the Third Eye allows us to tune in to the harmonious waves in the Universe, and its opening allows us to achieve sharpened intuition, access to higher states of consciousness and contact with the subconscious. The Hand of Fatima is an ancient talisman symbolizing feminine power. It is used to protect against negative energy. It is believed to protect against evil eyes, attract good, support self-healing and promote miracles.
The pattern of the Illumination Pro Sticky Chocolate yoga and exercise mat is associated with mystery, ritual, mysticism. The look is very elegant, and the design is spirituality in a modern, urban version. This non-slip yoga mat looks beautiful in any interior, and its pattern is great for meditation.


Includes carrying strap.",150,150,USD,,,,,,,,,,,,,Natural Rubber,Grippy,Eco-Friendly; Non-Slip,,1,false,9080728191318,yoga-mat-pro-sticky-illumination-chocolate-natural-rubber-non-slip-eco-friendly-professional-gym-pilates-and-yoga-mat,Moonholi Yoga,Yoga & fitness mat,_tab_materials; _tab_studio-yoga-mats-materials; eco fitness mat; eco yoga mat; fitness mat; fitness mats; gym mat; gym mats; natural rubber yoga mats; printed yoga mat; printed yoga mats; studio mat; studio mats; training mat; training mats; yoga mat; yoga mats,2024-08-07T11:35:31+02:00,2024-08-08T13:15:27+02:00,https://cdn.shopify.com/s/files/1/0602/9839/5821/files/yoga-mat.png?v=1723024551
moonholi-yoga-mat-pro-sticky-harmony-beige-natural-rubber-non-slip-eco-friendly-professional-gym-pilates-and-yoga-mat,"Yoga mat PRO STICKY HARMONY beige - natural rubber, non-slip, eco-friendly professional gym, pilates and yoga mat",moonholi,"Yoga mat Pro Sticky Harmony - beige
Feel the harmony of body and mind with the PRO STICKY HARMONY yoga mat – a new edition of the bestselling PRO STICKY mat, inspired by the lotus flower – a symbol of purity, balance, and spiritual awakening. Its delicate yet striking design is a reminder of the inner strength and calm you can tap into during every practice.
This new version of the PRO STICKY yoga mat delivers the same uncompromising grip and quality that the Moonholi PRO STICKY line is known for. It provides stability throughout every stage of your practice – from dynamic flows and challenging balancing poses to long holds in deep asanas. It’s a reliable yoga mat for both advanced practitioners and beginners who are just stepping into the world of yoga and need steady support for their hands and feet while learning new asanas.
The PRO STICKY HARMONY yoga mat is a fusion of technical excellence and deep spiritual symbolism. It brings balance, grounding, and inner peace to your practice – just like the symbolic lotus flower rising gracefully above the surface of the water. Signed by Moonholi with its full version logo.


Includes carrying yoga mat strap.",150,150,USD,,,,,,,,,,,,,Natural Rubber,Grippy,Eco-Friendly; Non-Slip,,1,true,9564072444246,yoga-mat-pro-sticky-harmony-beige-natural-rubber-non-slip-eco-friendly-professional-gym-pilates-and-yoga-mat,Moonholi Yoga,Yoga & fitness mat,_tab_materials; _tab_studio-yoga-mats-materials; eco fitness mat; eco yoga mat; fitness mat; fitness mats; gym mat; gym mats; natural rubber yoga mats; non slip yoga mat; printed yoga mat; printed yoga mats; studio mat; studio mats; suede yoga mat; training mat; training mats; yoga mat; yoga mats,2025-04-10T17:23:40+02:00,2025-04-11T13:31:26+02:00,https://cdn.shopify.com/s/files/1/0602/9839/5821/files/PUpoliuretannonslipgrippyyogamatHarmonybeige.png?v=1744361521
moonholi-yoga-mat-pro-sticky-glow-pink-natural-rubber-non-slip-eco-friendly-professional-gym-pilates-and-yoga-mat,"Yoga mat PRO STICKY GLOW pink - natural rubber, non-slip, eco-friendly professional gym, pilates and yoga mat",moonholi,"Yoga mat Pro Sticky Glow - pink
Discover the magic of yoga with the PRO STICKY GLOW yoga mat, designed for those who seek to combine comfort, stability, and aesthetics. Inspired by the mysterious glow of stardust, this yoga mat brings a subtle yet powerful energy to your practice, guiding you through every step. The PRO STICKY GLOW yoga mat features a unique design that infuses your yoga space with a magical atmosphere, reminiscent of a night sky full of sparkling stars.
Made from high-quality materials, this yoga mat offers exceptional grip through innovative anti-slip technology. It ensures stability and safety during every pose, no matter the intensity of your workout. Its surface provides optimal cushioning, making each practice, whether in yoga or fitness, comfortable and full of energy.
The PRO STICKY GLOW yoga & fitness mat is more than just a workout tool – it's a true companion on your journey to inner balance. With its lightweight yet solid construction, you can take it anywhere your practice leads you. Inspired by the glow of the stars, this yoga and fitness mat not only enhances your performance but also adds a touch of magic to every moment spent on it.
Illuminate your practice and feel how every moment with the PRO STICKY GLOW yoga mat becomes full of light and harmony. Signed by Moonholi with its full version logo.
 


Includes carrying yoga mat strap.",150,150,USD,,,,,,,,,,,,,Natural Rubber,Grippy,Eco-Friendly; Non-Slip; Lightweight,,1,false,9564051374422,yoga-mat-pro-sticky-glow-pink-natural-rubber-non-slip-eco-friendly-professional-gym-pilates-and-yoga-mat,Moonholi Yoga,Yoga & fitness mat,_tab_materials; _tab_studio-yoga-mats-materials; eco fitness mat; eco yoga mat; fitness mat; fitness mats; gym mat; gym mats; natural rubber yoga mats; non slip yoga mat; printed yoga mat; printed yoga mats; studio mat; studio mats; suede yoga mat; training mat; training mats; yoga mat; yoga mats,2025-04-10T17:05:36+02:00,2025-04-11T13:31:24+02:00,https://cdn.shopify.com/s/files/1/0602/9839/5821/files/GrippyyogamatGLOW.png?v=1744297831
moonholi-yoga-mat-pro-sticky-perfection-ice-grey-natural-rubber-non-slip-eco-friendly-professional-gym-pilates-and-yoga-mat-copy,"Yoga mat PRO STICKY PERFECTION ice grey - natural rubber, non-slip, eco-friendly professional gym, pilates and yoga mat",moonholi,"Yoga mat Pro Sticky Perfection - light grey
Our PERFECTION yoga mat has been inspired by the Universe’s famous divine proportion, a so-called golden ratio, a pattern that brings beauty through harmony and perfect proportion.
In mathematics, two numbers are in golden ratio if their ratio is the same as the ratio of their sum to the larger of the two quantities, and it is roughly 1.618 – the phi number. Also known as the Fibonacci sequence, it is a simple pattern, but it appears to be a true built-in design system to our cosmos. This sacred geometry is commonly found in nature in flower petals, sunflower seeds, pine cones, tree branches and root systems, seashells, waves, the human body, our DNA, the periodic table of elements, hurricanes and even our Milky Way galaxy. Some say that the idea that the Universe can be unified in this way is proof of Intelligent Design, which in turns proves the existence of an Intelligent Designer.
The design of the PERFECTION yoga mat is a famous golden ratio, similar to that of a pineal gland – the place where, as it is believed, sits one’s Third Eye. Signed by Moonholi with its full version logo.


Includes carrying yoga mat strap.",150,150,USD,,,,,,,,,,,,,Natural Rubber,Grippy,Eco-Friendly; Non-Slip,,1,true,9564064252246,yoga-mat-pro-sticky-perfection-ice-grey-natural-rubber-non-slip-eco-friendly-professional-gym-pilates-and-yoga-mat-copy,Moonholi Yoga,Yoga & fitness mat,_tab_materials; _tab_studio-yoga-mats-materials; eco fitness mat; eco yoga mat; fitness mat; fitness mats; gym mat; gym mats; natural rubber yoga mats; non slip yoga mat; printed yoga mat; printed yoga mats; studio mat; studio mats; suede yoga mat; training mat; training mats; yoga mat; yoga mats,2025-04-10T17:16:21+02:00,2025-04-11T13:31:25+02:00,https://cdn.shopify.com/s/files/1/0602/9839/5821/files/bestyogamatsnearme.png?v=1744298504
moonholi-round-yoga-mat-shamanka,Round yoga & gym mat SHAMANKA,moonholi,"Round yoga & gym mat Shamanka
Our round yoga and gym mat, Shamanka, does not only have a unique shape, but is also a beautiful interior décor item. We wanted to create a yoga mat that would always be with you. One that would look gorgeous in your space and which you will not ever have to roll up, one that you could always hop onto for a yoga or meditation session.
Our round yoga mat gently alludes to the yin yang symbol – the concept of dualism of the Universe. This symbolism can be seen in the way a woman’s body and the cat are placed in relation to each other. Both of them have the same eyes, which symbolize interconnectivity and interdependency. They also act as a reminder of the dualistic nature of our world and symbolize the connection between elements.
This is the first round yoga mat on the market and we truly hope it will be loved by fans of mysticism and stylish interior design.


Includes carrying strap. 
See yoga mats.",135,135,USD,,,,,,,,,,,,,Natural Rubber,Suede-like,Eco-Friendly,,1,false,6994035376301,round-yoga-mat-shamanka,Moonholi Yoga,Yoga & fitness mat,_tab_materials; _tab_studio-yoga-mats-materials; eco fitness mat; eco yoga mat; fitness mat; fitness mats; gym mat; gym mats; natural rubber yoga mats; printed yoga mat; printed yoga mats; round yoga mat; round yoga mats; studio mat; studio mats; suede yoga mat; training mat; training mats; yoga mat; yoga mats,2021-10-05T10:43:59+02:00,2021-10-05T10:43:58+02:00,https://cdn.shopify.com/s/files/1/0602/9839/5821/products/RoundyogamatSHAMANKA.jpg?v=1633424008
moonholi-round-yoga-mat-elephants,Round yoga & gym mat ELEPHANTS,moonholi,"Round yoga & gym mat Elephants
The Elephants round yoga & gym mat was inspired by the many symbolic beliefs about elephants. An elephant is a symbol of happiness, joy and success in life. It is also a symbol of spiritual and physical power, inner strength, majesty, it is believed that it represents the true “Self” and helps one connect with it. We wanted our Elephants yoga mat to show, in a symbolic manner, one’s spiritual journey from a wild, grey elephant, to a more elevated, spiritual self, represented by a white elephant.
We acknowledged that this pattern will best be utilized on a round yoga mat, where we can introduce the mandala symbolism. In Hinduism and Buddhism, mandala represents the Universe - a concept where everything is connected and is “One”. Mandala therefore represents the spiritual journey of a person. It symbolizes the cosmic unity, but also one’s efforts to find our individual place within it.


Includes carrying strap. 
See other yoga mats.",135,135,USD,,,,,,,,,,,,,Natural Rubber,Suede-like,Eco-Friendly,,1,false,7591850737919,round-yoga-mat-elephants,Moonholi Yoga,Yoga & fitness mat,_tab_materials; _tab_studio-yoga-mats-materials; eco fitness mat; eco yoga mat; fitness mat; fitness mats; gym mat; gym mats; natural rubber yoga mats; printed yoga mat; printed yoga mats; round yoga mat; round yoga mats; studio mat; studio mats; suede yoga mat; training mat; training mats; yoga mat; yoga mats,2022-03-24T15:53:11+01:00,2022-03-24T16:02:22+01:00,https://cdn.shopify.com/s/files/1/0602/9839/5821/products/RoundyogamatElephantsMoonholi.png?v=1648133889
moonholi-yoga-pad-illumination-pro-sticky,"Yoga pad PRO STICKY ILLUMINATION - natural rubber, non-slip, eco-friendly professional gym, pilates and yoga mat",moonholi,"Mini yoga mat Pro Sticky Illumination
The yoga pad is a mini version of the Moonholi yoga mat. It can provide extra comfort, stability and grip. If your elbows, knees or other parts of your body are sensitive and you prefer a little extra support, place the mini yoga pad on a full-size mat and use it during your practice. The mini yoga pads are also great when you practice inversions, e.g. in the eagle position or handstand.
If you prefer to exercise on a thinner mat, adding a yoga pad will also reduce pressure on your knees, wrists, and ankles during your practice.

Includes carrying strap.",69,197.1,USD,,,,,,,,,,,,,Natural Rubber,Grippy,Eco-Friendly; Non-Slip,,4,false,7458301968639,yoga-pad-illumination-pro-sticky,Moonholi Yoga,Yoga & fitness mat,_tab_materials; _tab_studio-yoga-mats-materials; eco fitness mat; eco yoga mat; fitness mat; fitness mats; gym mat; gym mats; mini yoga mat; natural rubber yoga mats; printed yoga mat; printed yoga mats; studio mat; studio mats; suede yoga mat; training mat; training mats; yoga mat; yoga mats; yoga pad; yoga pads,2021-11-24T11:55:28+01:00,2021-11-24T12:41:16+01:00,https://cdn.shopify.com/s/files/1/0602/9839/5821/products/YogapadIllumination.jpg?v=1637751638
moonholi-yoga-pad-pro-sticky-magic,"Yoga pad PRO STICKY MAGIC - natural rubber, non-slip, eco-friendly professional gym, pilates and yoga mat",moonholi,"Mini yoga mat Pro Sticky Magic
The yoga pad is a mini version of the Moonholi yoga mat. It can provide extra comfort, stability and grip. If your elbows, knees or other parts of your body are sensitive and you prefer a little extra support, place the mini yoga pad on a full-size mat and use it during your practice. The mini yoga pads are also great when you practice inversions, e.g. in the eagle position or handstand.
If you prefer to exercise on a thinner mat, adding a yoga pad will also reduce pressure on your knees, wrists, and ankles during your practice.

Includes carrying strap.",69,197.1,USD,,,,,,,,,,,,,Natural Rubber,Grippy,Eco-Friendly; Non-Slip,,4,false,7463265337599,yoga-pad-pro-sticky-magic,Moonholi Yoga,Yoga & fitness mat,_tab_materials; _tab_studio-yoga-mats-materials; eco fitness mat; eco yoga mat; fitness mat; fitness mats; gym mat; gym mats; mini yoga mat; natural rubber yoga mats; printed yoga mat; printed yoga mats; studio mat; studio mats; suede yoga mat; training mat; training mats; yoga mat; yoga mats; yoga pad; yoga pads,2021-11-29T17:00:27+01:00,2021-11-29T17:07:19+01:00,https://cdn.shopify.com/s/files/1/0602/9839/5821/products/MiniyogamatMagicPro.jpg?v=1638201781
moonholi-yoga-pad-cosmic-girl,"Yoga pad COSMIC GIRL - natural rubber, non-slip, eco-friendly studio gym, pilates and yoga mat",moonholi,"Yoga pad Cosmic Girl
The yoga pad is a mini version of the Moonholi yoga mat. It can provide extra comfort, stability and grip. If your elbows, knees or other parts of your body are sensitive and you prefer a little extra support, place the mini yoga pad on a full-size mat and use it during your practice. The mini yoga pads are also great when you practice inversions, e.g. in the eagle position or handstand.
If you prefer to exercise on a thinner mat, adding a mini yoga pad will also reduce pressure on your knees, wrists, and ankles during your practice.

Includes carrying strap.",69,161.1,USD,,,,,,,,,,,,,Natural Rubber,Grippy,Eco-Friendly; Non-Slip,,3,true,7458364489983,yoga-pad-cosmic-girl,Moonholi Yoga,Yoga & fitness mat,_tab_materials; _tab_studio-yoga-mats-materials; eco fitness mat; eco yoga mat; fitness mat; fitness mats; gym mat; gym mats; mini yoga mat; mini yoga mats; natural rubber yoga mats; printed yoga mat; printed yoga mats; studio mat; studio mats; suede yoga mat; training mat; training mats; yoga mat; yoga mats; yoga pad; yoga pads,2021-11-24T12:22:22+01:00,2021-11-24T12:41:25+01:00,https://cdn.shopify.com/s/files/1/0602/9839/5821/products/MiniyogamatCosmicGirl.jpg?v=1637753041
moonholi-yoga-pad-tropicana,"Yoga pad TROPICANA - natural rubber, non-slip, eco-friendly studio gym, pilates and yoga mat",moonholi,"Yoga pad Tropicana
The yoga pad is a mini version of the Moonholi yoga mat. It can provide extra comfort, stability and grip. If your elbows, knees or other parts of your body are sensitive and you prefer a little extra support, place the mini yoga pad on a full-size mat and use it during your practice. The mini yoga pads are also great when you practice inversions, e.g. in the eagle position or handstand.
If you prefer to exercise on a thinner mat, adding a mini yoga pad will also reduce pressure on your knees, wrists, and ankles during your practice.

Includes carrying strap.",69,161.1,USD,,,,,,,,,,,,,Natural Rubber,Grippy,Eco-Friendly; Non-Slip,,3,false,7458392441087,yoga-pad-tropicana,Moonholi Yoga,Yoga & fitness mat,_tab_materials; _tab_studio-yoga-mats-materials; eco fitness mat; eco yoga mat; fitness mat; fitness mats; gym mat; gym mats; mini yoga mat; mini yoga mats; natural rubber yoga mats; printed yoga mat; printed yoga mats; studio mat; studio mats; suede yoga mat; training mat; training mats; yoga mat; yoga mats; yoga pad; yoga pads,2021-11-24T12:36:50+01:00,2021-11-24T12:41:03+01:00,https://cdn.shopify.com/s/files/1/0602/9839/5821/products/MiniyogamatTropicana.jpg?v=1637753872
moonholi-yoga-mat-and-yoga-mat-bag-illumination,Yoga mat and yoga mat bag set - ILLUMINATION,moonholi,"Yoga mat set Illumination
Save up 20 EUR when buying a set
The Illumination yoga mat pattern is inspired by the concept of the Third Eye, also called the inner eye. In Hinduism, it is believed that it relates to the sixth chakra and the pineal gland. It is one of the main energy centers of the body. It is believed that the third eye allows you to see beyond ordinary sight. That it is a gate that leads to our inner realms and the state of higher consciousness. Meditation and focus on the inner eye enables tuning into and resonating with the harmonic frequencies of the Universe, while the opening of the third eye leads to the sharpening of intuition, achieving higher awareness and connecting with the universal consciousness. The Hand of Fatima is an ancient talisman symbolising feminine power. It is used as a defense against negative energy as it is believed to deflect the gaze of the evil eye, as well as channel the forces of good, promote healing and foster miracles.
The beautiful pattern brings concepts of mystery, rituals and mysticism. The spiritual, yet modern, design is extremely elegant. The yoga mat looks great in every space and its spiritual concept will help you get into the mood during meditation.

Includes carrying strap.  
Yoga Mat Bag MOONWALK Illumination
An ideal and stylish way to carry your yoga mat around. We have designed our Moonwalk yoga mat bags for your ultimate comfort. It is made of strong, durable material to last long and protect all your belongings, with convenient inside pockets to easily locate your water bottle, mobile phone or home keys. It will fit all you need to take with you, including your yoga mat, yoga clothes and personal items, and its truly unique design will make you stand out from the crowd wherever you take it. You can also pair it with a Moonholi ILLUMINATION yoga mat to create a matching look.

Ideal to carry your yoga mat to class or beach
Fits all yoga essentials
Includes handy pockets for water bottle or mobile phone
Matches Moonholi yoga mats designs so you can pair it with your Moonholi yoga mat

See other yoga sets.
See yoga mats.",185,185,USD,,,,,,,,,,,,,Natural Rubber,Suede-like,Eco-Friendly,,1,false,6999493542061,yoga-mat-and-yoga-mat-bag-illumination,Moonholi Yoga,Yoga & fitness mat,_tab_materials; _tab_studio-yoga-mats-materials; eco fitness mat; eco yoga mat; fitness mat; fitness mats; gym mat; gym mats; natural rubber yoga mats; printed yoga mat; printed yoga mats; studio mat; studio mats; suede yoga mat; training mat; training mats; yoga mat; yoga mats,2021-10-07T11:28:14+02:00,2021-10-07T11:28:14+02:00,https://cdn.shopify.com/s/files/1/0602/9839/5821/products/YogamatandyogamatbagIlluminationSet.png?v=1633599018
moonholi-yoga-mat-and-yoga-mat-bag-magic,Yoga mat and yoga mat bag set - MAGIC,moonholi,"Yoga mat set Magic
Save up 20 EUR when buying a set
Cast a spell…
Our Magic yoga mat is inspired by the fascination in supernatural powers to control the powers of nature. Do humans really possess such powers? For centuries people lived in a beautiful and strong connection to nature, and it is believed we were able to read and use them for our own benefit. Practitioners of magic were called healers, wizards, shamans, and the practicing of white magic was to create goodness via healing, blessings, spells, charms, songs or prayers. Later, with the development of civilization, we stopped believing in magic. And yet there are hundreds of examples of magic happening every day – obvious to those, who can see.
Our Magic yoga mat is full of magical symbols, from palo-santo, herbs, flowers and magic crystals, as well as other typical attributes of a modern witch. The fortune-telling crystal ball has been placed in the centre of the design, and its focal point is the Third Eye. The pattern is inspired by Tarot cards - very magical, and at the same time still modern and elegant. This eco yoga mat will look beautifully in your yoga space.

Includes carrying strap.  
Yoga Mat Bag MOONWALK Magic
An ideal and stylish way to carry your yoga mat around. We have designed our Moonwalk yoga mat bags for your ultimate comfort. It is made of strong, durable material to last long and protect all your belongings, with convenient inside pockets to easily locate your water bottle, mobile phone or home keys. It will fit all you need to take with you, including your yoga mat, yoga clothes and personal items, and its truly unique design will make you stand out from the crowd wherever you take it. You can also pair it with a Moonholi MAGIC yoga mat to create a matching look.

Ideal to carry your yoga mat to class or beach
Fits all yoga essentials
Includes handy pockets for water bottle or mobile phone
Matches Moonholi yoga mats designs so you can pair it with your Moonholi yoga mat

See yoga sets. 
See yoga mats.",185,185,USD,,,,,,,,,,,,,Natural Rubber,Suede-like,Eco-Friendly,,1,true,6999505895597,yoga-mat-and-yoga-mat-bag-magic,Moonholi Yoga,Yoga & fitness mat,_tab_materials; _tab_studio-yoga-mats-materials; eco fitness mat; eco yoga mat; fitness mat; fitness mats; gym mat; gym mats; natural rubber yoga mats; printed yoga mat; printed yoga mats; studio mat; studio mats; suede yoga mat; training mat; training mats; yoga mat; yoga mats,2021-10-07T11:34:08+02:00,2021-10-07T11:34:08+02:00,https://cdn.shopify.com/s/files/1/0602/9839/5821/products/YogamatandyogamatbagMagicSet.png?v=1633599331
moonholi-yoga-mat-and-yoga-mat-bag-the-moon,Yoga mat and yoga mat bag set - THE MOON,moonholi,"Yoga mat set The Moon

Save up 20 EUR when buying a set

Ruler of the waves. Temptress of the tides. The Moon. The pattern of this yoga mat is inspired by the magical power of the Moon. All throughout history, people have considered the Sun and the Moon to be divine beings; one masculine – ruling the day, the other feminine – ruling the night. In astrology, the Moon is the symbol of the soul, it represents emotions, the subconscious mind and the psyche. The Moon is about inner beliefs, hopes, dreams, fears and intuition. It is considered to carry the mother energy, and is strongly associated with females. It is believed to influence women’s menstrual cycles and to control human beings as the ruler of the water, for the human body consists of over 60% water. The Moon, being in the middle of the light of the Sun and the darkness of the night, is often believed to represent the realm between the conscious and the unconscious.
If you feel you’ve been on the Moon and have fallen down to Earth, you’re our kind of Yogi. The elegant, black and white design will not distract you from your yoga practice and will look beautiful wherever you practice.

Includes carrying strap.  
Yoga Mat Bag MOONWALK The Moon
An ideal and stylish way to carry your yoga mat around. We have designed our Moonwalk yoga mat bags for your ultimate comfort. It is made of strong, durable material to last long and protect all your belongings, with convenient inside pockets to easily locate your water bottle, mobile phone or home keys. It will fit all you need to take with you, including your yoga mat, yoga clothes and personal items, and its truly unique design will make you stand out from the crowd wherever you take it. You can also pair it with a Moonholi THE MOON yoga mat to create a matching look.

Ideal to carry your yoga mat to class or beach
Fits all yoga essentials
Includes handy pockets for water bottle or mobile phone
Matches Moonholi yoga mats designs so you can pair it with your Moonholi yoga mat

See other yoga sets.
See yoga mats.",185,185,USD,,,,,,,,,,,,,Natural Rubber,Suede-like,Eco-Friendly,,1,true,6999522508973,yoga-mat-and-yoga-mat-bag-the-moon,Moonholi Yoga,Yoga & fitness mat,_tab_materials; _tab_studio-yoga-mats-materials; eco fitness mat; eco yoga mat; fitness mat; fitness mats; gym mat; gym mats; natural rubber yoga mats; printed yoga mat; printed yoga mats; studio mat; studio mats; suede yoga mat; training mat; training mats; yoga mat; yoga mats,2021-10-07T11:42:06+02:00,2021-10-07T11:42:06+02:00,https://cdn.shopify.com/s/files/1/0602/9839/5821/products/YogamatandyogamatbagTheMoonSet.png?v=1633600629
moonholi-yoga-mat-and-yoga-mat-bag-set-venus,Yoga mat and yoga mat bag set - VENUS,moonholi,"Yoga mat set Venus

Save up 20 EUR when buying a set

The primary motive of this beautiful yoga mat is a geometric symbol of Venus – a five-petal flower, known as the Golden Flower or the Venus Flower. The flower shape is drawn by the planet Venus’s travel along the sky in relation to the Sun and the Earth. It is believed to be one of the most popular cosmic energy resonators and there are a lot of theories around it – from having empowering properties, to mind calming or energy boosting. The yoga mat’s design is very feminine, thanks to toned powdery colors and subtle references to femininity, art and beauty. The effect has been multiplied by integrating the Venus Flower into a pearl oyster – which is a metaphor for Aphrodite’s birth, common in art. This beautiful and delicate yoga mat is the quintessence of womanhood.

Includes carrying strap.  
Yoga Mat Bag MOONWALK Venus
An ideal and stylish way to carry your yoga mat around. We have designed our Moonwalk yoga mat bags for your ultimate comfort. It is made of strong, durable material to last long and protect all your belongings, with convenient inside pockets to easily locate your water bottle, mobile phone or home keys. It will fit all you need to take with you, including your yoga mat, yoga clothes and personal items, and its truly unique design will make you stand out from the crowd wherever you take it. You can also pair it with a Moonholi VENUS yoga mat to create a matching look.

Ideal to carry your yoga mat to class or beach
Fits all yoga essentials
Includes handy pockets for water bottle or mobile phone
Matches Moonholi yoga mats designs so you can pair it with your Moonholi yoga mat

See other yoga sets.
See yoga mats.",185,185,USD,,,,,,,,,,,,,Natural Rubber,Suede-like,Eco-Friendly; Travel,,1,false,6999602528429,yoga-mat-and-yoga-mat-bag-set-venus,Moonholi Yoga,Yoga & fitness mat,_tab_materials; _tab_studio-yoga-mats-materials; eco fitness mat; eco yoga mat; fitness mat; fitness mats; gym mat; gym mats; natural rubber yoga mats; printed yoga mat; printed yoga mats; studio mat; studio mats; suede yoga mat; training mat; training mats; yoga mat; yoga mats,2021-10-07T12:24:20+02:00,2021-10-07T12:24:20+02:00,https://cdn.shopify.com/s/files/1/0602/9839/5821/products/YogamatandyogamatbagVenusSet.png?v=1633602355
moonholi-yoga-mat-and-yoga-mat-bag-set-veganika-night,Yoga mat and yoga mat bag set - VEGANIKA NIGHT,moonholi,"Yoga mat set Veganika Night
Save up 20 EUR when buying a set
Our Veganika yoga mat is our tribute to plants, which determine just about all other life on Earth. They supply food to all living organisms, including humans. They are crucial to maintaining our atmosphere and enabling us to breathe, as they absorb carbon dioxide and produce oxygen, essential for cellular respiration. They also play an important role in water circulation and nurturing soil. Finally, they provide shelter for many organisms around the world, and enhance human mental and emotional health.
And although plants greatly differ from each other in terms of appearance, most of the time their leaf distribution, petal arrangement, or branching and spiraling follow the Golden Ratio – a mathematical pattern that brings beauty through harmony and perfect proportion, known as the Divine Proportion - living proof of an Intelligent Design.
We have chosen Ivy for our Veganika yoga mat pattern due to its beautiful features and strong plant symbolism. It represents emotional affectionate attachment such as love, friendship and fidelity. Its strong roots and desire for climbing symbolise eternity and immortality.
Whether you are vegan or not, you will love this plant-based yoga mat.

Includes carrying strap.  
Yoga Mat Bag MOONWALK Veganika Night
An ideal and stylish way to carry your yoga mat around. We have designed our Moonwalk yoga mat bags for your ultimate comfort. It is made of strong, durable material to last long and protect all your belongings, with convenient inside pockets to easily locate your water bottle, mobile phone or home keys. It will fit all you need to take with you, including your yoga mat, yoga clothes and personal items, and its truly unique design will make you stand out from the crowd wherever you take it. You can also pair it with a Moonholi VEGANIKA NIGHT yoga mat to create a matching look.

Ideal to carry your yoga mat to class or beach
Fits all yoga essentials
Includes handy pockets for water bottle or mobile phone
Matches Moonholi yoga mats designs so you can pair it with your Moonholi yoga mat

See other yoga sets. 
See yoga mats.",185,185,USD,,,,,,,,,,,,,Natural Rubber,Suede-like,Eco-Friendly,,1,false,6999592665261,yoga-mat-and-yoga-mat-bag-set-veganika-night,Moonholi Yoga,Yoga & fitness mat,_tab_materials; _tab_studio-yoga-mats-materials; eco fitness mat; eco yoga mat; fitness mat; fitness mats; gym mat; gym mats; natural rubber yoga mats; printed yoga mat; printed yoga mats; studio mat; studio mats; suede yoga mat; training mat; training mats; yoga mat; yoga mats,2021-10-07T12:18:06+02:00,2021-10-07T12:18:06+02:00,https://cdn.shopify.com/s/files/1/0602/9839/5821/products/YogamatandyogamatbagVeganikaNightSet.png?v=1633601995
moonholi-yoga-mat-and-yoga-mat-bag-set-veganika-day,Yoga mat and yoga mat bag set - VEGANIKA DAY,moonholi,"Yoga mat set Veganika Day
Save up 20 EUR when buying a set
Our Veganika yoga mat is our tribute to plants, which determine just about all other life on Earth. They supply food to all living organisms, including humans. They are crucial to maintaining our atmosphere and enabling us to breathe, as they absorb carbon dioxide and produce oxygen, essential for cellular respiration. They also play an important role in water circulation and nurturing soil. Finally, they provide shelter for many organisms around the world, and enhance human mental and emotional health.
And although plants greatly differ from each other in terms of appearance, most of the time their leaf distribution, petal arrangement, or branching and spiraling follow the Golden Ratio – a mathematical pattern that brings beauty through harmony and perfect proportion, known as the Divine Proportion - living proof of an Intelligent Design.
We have chosen Ivy for our Veganika yoga mat pattern due to its beautiful features and strong plant symbolism. It represents emotional affectionate attachment such as love, friendship and fidelity. Its strong roots and desire for climbing symbolise eternity and immortality.
Whether you are vegan or not, you will love this plant-based yoga mat.

Includes carrying strap.  
Yoga Mat Bag MOONWALK Veganika Day
An ideal and stylish way to carry your yoga mat around. We have designed our Moonwalk yoga mat bags for your ultimate comfort. It is made of strong, durable material to last long and protect all your belongings, with convenient inside pockets to easily locate your water bottle, mobile phone or home keys. It will fit all you need to take with you, including your yoga mat, yoga clothes and personal items, and its truly unique design will make you stand out from the crowd wherever you take it. You can also pair it with a Moonholi VEGANIKA DAY yoga mat to create a matching look.

Ideal to carry your yoga mat to class or beach
Fits all yoga essentials
Includes handy pockets for water bottle or mobile phone
Matches Moonholi yoga mats designs so you can pair it with your Moonholi yoga mat

See yoga sets. 
See yoga mats.",185,185,USD,,,,,,,,,,,,,Natural Rubber,Suede-like,Eco-Friendly,,1,true,6999583031469,yoga-mat-and-yoga-mat-bag-set-veganika-day,Moonholi Yoga,Yoga & fitness mat,_tab_materials; _tab_studio-yoga-mats-materials; eco fitness mat; eco yoga mat; fitness mat; fitness mats; gym mat; gym mats; natural rubber yoga mats; printed yoga mat; printed yoga mats; studio mat; studio mats; suede yoga mat; training mat; training mats; yoga mat; yoga mats,2021-10-07T12:13:09+02:00,2021-10-07T12:13:09+02:00,https://cdn.shopify.com/s/files/1/0602/9839/5821/products/YogamatandyogamatbagVeganikaDaySet.png?v=1633601709
moonholi-yoga-mat-and-yoga-mat-bag-set-tropicana,Yoga mat and yoga mat bag set - TROPICANA,moonholi,"Yoga mat set Tropicana
Save up 20 EUR when buying a set
The yoga mat’s design is inspired by travels – the wind in your hair, the sun on your skin and the sand under your feet. This beautiful yoga mat with tropical leaves is a favourite of all tropics and ocean lovers and has quickly became a must-have for surf and kite girls and wave lovers. The memories of summer vibes under your feet will take you to an exotic beach during your yoga practice. Just close your eyes to feel the warmth of the tropical sun, the gentleness of the sand and the refreshing breeze of the ocean. This yoga mat is ideal for all free spirit, active girls.

Includes carrying strap.  
Yoga Mat Bag MOONWALK Tropicana
An ideal and stylish way to carry your yoga mat around. We have designed our Moonwalk yoga mat bags for your ultimate comfort. It is made of strong, durable material to last long and protect all your belongings, with convenient inside pockets to easily locate your water bottle, mobile phone or home keys. It will fit all you need to take with you, including your yoga mat, yoga clothes and personal items, and its truly unique design will make you stand out from the crowd wherever you take it. You can also pair it with a Moonholi TROPICANA yoga mat to create a matching look.

Ideal to carry your yoga mat to class or beach
Fits all yoga essentials
Includes handy pockets for water bottle or mobile phone
Matches Moonholi yoga mats designs so you can pair it with your Moonholi yoga mat

See other yoga sets. 
See yoga mats.",185,185,USD,,,,,,,,,,,,,Natural Rubber,Suede-like,Eco-Friendly; Travel,,1,true,6999573561517,yoga-mat-and-yoga-mat-bag-set-tropicana,Moonholi Yoga,Yoga & fitness mat,_tab_materials; _tab_studio-yoga-mats-materials; eco fitness mat; eco yoga mat; fitness mat; fitness mats; gym mat; gym mats; natural rubber yoga mats; printed yoga mat; printed yoga mats; studio mat; studio mats; suede yoga mat; training mat; training mats; yoga mat; yoga mats,2021-10-07T12:07:33+02:00,2021-10-07T12:07:33+02:00,https://cdn.shopify.com/s/files/1/0602/9839/5821/products/YogamatandyogamatbagTropicanaSet.png?v=1633601370
moonholi-yoga-mat-and-yoga-mat-bag-cosmic-girl,Yoga mat and yoga mat bag set - COSMIC GIRL,moonholi,"Yoga mat set Cosmic Girl
Save up 20 EUR when buying a set
Your mat. Your space. Your cosmos.Cosmic Girl was created for those who see their practice as a journey — sometimes as calm as drifting through space, sometimes as powerful as a rocket launch.
Natural rubber provides a stable, non-slip base that keeps the mat firmly in place, no matter the pace of your practice. The soft premium microfiber surface activates grip with movement and moisture, offering confidence in every asana. The 3 mm thickness allows you to stay connected to the ground and maintain full control of your body, while still supporting joint comfort.
The purple, galactic design inspired by cosmic energy turns every practice into a ritual — a moment to step beyond the everyday and return to yourself.
Features that keep you in orbit:


natural rubber with high grip


non-slip backing for maximum stability


premium microfiber — perfect for both dynamic and gentle practices


dimensions: 183 × 61 cm


thickness: 3 mm


Unroll your mat, take a breath, and allow yourself to flow through your own cosmic sequence.

Includes carrying strap. 

Yoga Mat Bag MOONWALK Cosmic Girl

An ideal and stylish way to carry your yoga mat around. We have designed our Moonwalk yoga mat bags for your ultimate comfort. It is made of strong, durable material to last long and protect all your belongings, with convenient inside pockets to easily locate your water bottle, mobile phone or home keys. It will fit all you need to take with you, including your yoga mat, yoga clothes and personal items, and its truly unique design will make you stand out from the crowd wherever you take it. You can also pair it with a Moonholi COSMIC GIRL yoga mat to create a matching look.

Ideal to carry your yoga mat to class or beach
Fits all yoga essentials
Includes handy pockets for water bottle or mobile phone
Matches Moonholi yoga mats designs so you can pair it with your Moonholi yoga mat

See other yoga sets.
See yoga mats.",185,185,USD,3,mm,3 mm,183,cm,"183 × 61 cm


",61,cm,"183 × 61 cm


",,,,Natural Rubber,Suede-like,Eco-Friendly; Non-Slip; Premium,,1,false,6997185265837,yoga-mat-and-yoga-mat-bag-cosmic-girl,Moonholi Yoga,Yoga & fitness mat,_tab_materials; _tab_studio-yoga-mats-materials; eco fitness mat; eco yoga mat; fitness mat; fitness mats; gym mat; gym mats; natural rubber yoga mats; printed yoga mat; printed yoga mats; studio mat; studio mats; suede yoga mat; training mat; training mats; yoga mat; yoga mats,2021-10-06T18:07:25+02:00,2021-10-06T18:07:25+02:00,https://cdn.shopify.com/s/files/1/0602/9839/5821/products/YogamatandyogamatbagCosmicGirlSet.png?v=1633536631
moonholi-yoga-mat-and-yoga-mat-bag-set-vibration,Yoga mat and yoga mat bag set - VIBRATION,moonholi,"Yoga mat set Vibration
Save up 20 EUR when buying a set
The yoga mat’s pattern is inspired by Chladni Patterns – beautiful figures produced by healing and harmonious Solfeggio tunes. We have combined the design with a very feminine mint colour, which evokes peace and nature. The high vibrations of our yoga mat help achieve a state of meditation and harmony, while its beautiful and relaxing design will make it stand out on sunny Sri Lankan beaches or tropical Bali spots. The elegant and feminine pattern will also look gorgeous in your home space.
Your vibe attracts your tribe. Vibrate higher.

Includes carrying strap.  
Yoga Mat Bag MOONWALK Vibration
An ideal and stylish way to carry your yoga mat around. We have designed our Moonwalk yoga mat bags for your ultimate comfort. It is made of strong, durable material to last long and protect all your belongings, with convenient inside pockets to easily locate your water bottle, mobile phone or home keys. It will fit all you need to take with you, including your yoga mat, yoga clothes and personal items, and its truly unique design will make you stand out from the crowd wherever you take it. You can also pair it with a Moonholi VIBRATION yoga mat to create a matching look.

Ideal to carry your yoga mat to class or beach
Fits all yoga essentials
Includes handy pockets for water bottle or mobile phone
Matches Moonholi yoga mats designs so you can pair it with your Moonholi yoga mat

See other yoga sets. 
See yoga mats.",185,185,USD,,,,,,,,,,,,,Natural Rubber,Suede-like,Eco-Friendly,,1,true,6999610359981,yoga-mat-and-yoga-mat-bag-set-vibration,Moonholi Yoga,Yoga & fitness mat,_tab_materials; _tab_studio-yoga-mats-materials; eco fitness mat; eco yoga mat; fitness mat; fitness mats; gym mat; gym mats; natural rubber yoga mats; printed yoga mat; printed yoga mats; studio mat; studio mats; suede yoga mat; training mat; training mats; yoga mat; yoga mats,2021-10-07T12:29:01+02:00,2021-10-07T12:29:00+02:00,https://cdn.shopify.com/s/files/1/0602/9839/5821/products/YogamatandyogamatbagVibrationSet.png?v=1633602648
moonholi-yoga-mat-and-yoga-mat-bag-set-body,Yoga mat and yoga mat bag set - BODY,moonholi,"Yoga mat set Body

Save up 20 EUR when buying a set

Our Body printed yoga mat is inspired by French paintings and Italian art aesthetics, but also by thinking about our body as the temple of sensuality. The curves of the body resemble classical sculptures, and a simple sketch line underlines its artistic value and its uniqueness. The undefined fruit brings concepts of youth, yet maturity, pleasure and gentleness. This beautiful yoga mat celebrates the Body as a form of art in itself. It will help you reconnect with your inner self and enjoy your body, while perfecting and balancing it during yoga practice.


Includes carrying strap. 
Yoga Mat Bag MOONWALK Out of This World
An ideal and stylish way to carry your yoga mat around. We have designed our Moonwalk yoga mat bags for your ultimate comfort. It is made of strong, durable material to last long and protect all your belongings, with convenient inside pockets to easily locate your water bottle, mobile phone or home keys. It will fit all you need to take with you, including your yoga mat, yoga clothes and personal items, and its truly unique design will make you stand out from the crowd wherever you take it. You can also pair it with a Moonholi BODY yoga mat to create a matching look.

Ideal to carry your yoga mat to class or beach
Fits all yoga essentials
Includes handy pockets for water bottle or mobile phone
Matches Moonholi yoga mats designs so you can pair it with your Moonholi yoga mat

See other yoga sets. 
See yoga mats.",185,185,USD,,,,,,,,,,,,,Natural Rubber,Suede-like,Eco-Friendly,,1,false,6997174845613,yoga-mat-and-yoga-mat-bag-set-body,Moonholi Yoga,Yoga & fitness mat,_tab_materials; _tab_studio-yoga-mats-materials; eco fitness mat; eco yoga mat; fitness mat; fitness mats; gym mat; gym mats; natural rubber yoga mats; printed yoga mat; printed yoga mats; studio mat; studio mats; suede yoga mat; training mat; training mats; yoga mat; yoga mats,2021-10-06T17:59:42+02:00,2021-10-06T17:59:42+02:00,https://cdn.shopify.com/s/files/1/0602/9839/5821/products/YogamatandyogamatbagBodySet.png?v=1633536193
moonholi-yoga-mat-and-yoga-mat-bag-set-psychobella,Yoga mat and yoga mat bag set - PSYCHOBELLA,moonholi,"Yoga mat set Psychobella
Save up 20 EUR when buying a set
The Psychobella natural rubber yoga mat is inspired by the spiritual experiences (apparently: P) of people who consume the so-called psychedelic mushrooms. The design of this yoga mat is unisex so everyone loves it. Mushrooms are the dominant graphic element, they are arranged symmetrically, which means that no matter how you unfold the yoga mat, it is great to practice on. We have selected a specific species of mushrooms that those in the know will surely recognize…
Mushrooms seem to envelop, hug, engulf - this is a direct reference to the psychedelic experience, which is a repetitive memory motif. The centre of this yoga mat is saturated with symbolism - we have here both the so-called disintegration of the ego, as well as the internal integration of a person, there is also a certain cyclicity and reference to nature. The eye in the centre is associated with the Third Eye, with a broadening of the perspective, sharper vision and understanding, as well as with the observation of oneself and the world.
This yoga mat is very psycho, very bella, and very trippy...

Includes carrying strap.  
Yoga Mat Bag MOONWALK Psychobella
An ideal and stylish way to carry your yoga mat around. We have designed our Moonwalk yoga mat bags for your ultimate comfort. It is made of strong, durable material to last long and protect all your belongings, with convenient inside pockets to easily locate your water bottle, mobile phone or home keys. It will fit all you need to take with you, including your yoga mat, yoga clothes and personal items, and its truly unique design will make you stand out from the crowd wherever you take it. You can also pair it with a Moonholi Psychobella yoga mat to create a matching look.

Ideal to carry your yoga mat to class or beach
Fits all yoga essentials
Includes handy pockets for water bottle or mobile phone
Matches Moonholi yoga mats designs so you can pair it with your Moonholi yoga mat

See other yoga sets.
See yoga mats.",185,185,USD,,,,,,,,,,,,,Natural Rubber,Suede-like,Eco-Friendly,,1,false,7991585636607,yoga-mat-and-yoga-mat-bag-set-psychobella,Moonholi Yoga,Yoga & fitness mat,_tab_materials; _tab_studio-yoga-mats-materials; dup-review-publication; eco fitness mat; eco yoga mat; fitness mat; fitness mats; gym mat; gym mats; natural rubber yoga mats; printed yoga mat; printed yoga mats; studio mat; studio mats; suede yoga mat; training mat; training mats; yoga mat; yoga mats,2023-03-23T09:56:56+01:00,2023-03-23T09:59:37+01:00,https://cdn.shopify.com/s/files/1/0602/9839/5821/products/ZestawdojogimatadojogiitorbanamatedojogiPsychobella.png?v=1679561906
moonholi-yoga-mat-and-yoga-mat-bag-set-universe,Yoga mat and yoga mat bag set - UNIVERSE,moonholi,"Yoga mat set Universe
Save up 20 EUR when buying a set
The Universe yoga mat is inspired by the concept of the spiritual connection between man and the Universe. It is believed that the Universe always gives us what we need at that moment, and what we have manifested with energy. We attract what our attention and energy is focused on, and our thoughts and words have the power to create reality. After all, in the beginning was the word...
The constellations are real constellations, and compositionally the mat is divided into three parts, the centre is marked by the sun and lines that extend from the very centre. They symbolize energy from the Universe. At the bottom, female figures are embedded in the shape of the mountains. The central figure emerges from the division in half, which is a metaphor for rebirth, entering a higher level of consciousness, and transformation. At the top there is a beautiful starry sky, moon phases and the Milky Way. The whole thing reminds us that, although we are individual humans, we are all part of the Universe, its creators, and recipients of this energy.
The look of this exercise mat is very elegant and spiritual. The Universe rubber yoga mat looks beautiful everywhere you unroll it, and its dark pattern is also very practical to use.

Includes carrying strap.  
Yoga Mat Bag MOONWALK Universe
An ideal and stylish way to carry your yoga mat around. We have designed our Moonwalk yoga mat bags for your ultimate comfort. It is made of strong, durable material to last long and protect all your belongings, with convenient inside pockets to easily locate your water bottle, mobile phone or home keys. It will fit all you need to take with you, including your yoga mat, yoga clothes and personal items, and its truly unique design will make you stand out from the crowd wherever you take it. You can also pair it with a Moonholi UNIVERSE yoga mat to create a matching look.

Ideal to carry your yoga mat to class or beach
Fits all yoga essentials
Includes handy pockets for water bottle or mobile phone
Matches Moonholi yoga mats designs so you can pair it with your Moonholi yoga mat

See yoga sets. 
See yoga mats.",185,185,USD,,,,,,,,,,,,,Natural Rubber,Suede-like,Eco-Friendly,,1,false,8616821391702,yoga-mat-and-yoga-mat-bag-set-universe,Moonholi Yoga,Yoga & fitness mat,_tab_materials; _tab_studio-yoga-mats-materials; eco fitness mat; eco yoga mat; fitness mat; fitness mats; gym mat; gym mats; natural rubber yoga mats; printed yoga mat; printed yoga mats; studio mat; studio mats; suede yoga mat; training mat; training mats; yoga mat; yoga mats,2023-11-23T12:41:12+01:00,2023-11-23T12:47:18+01:00,https://cdn.shopify.com/s/files/1/0602/9839/5821/files/YogamatsetUniverseyogamatandyogamatbag.png?v=1700739946
moonholi-yoga-mat-and-yoga-mat-bag-set-love,Yoga mat and yoga mat bag set - LOVE,moonholi,"Yoga mat set Love
Save up 20 EUR when buying a set
The Love non-slip rubber yoga mat is our interpretation of love. And love is... all around. Love between lovers, parental love, friendship, love for Mother nature, self-love. We tried to make this non-slip yoga mat include symbols to reflect all the types of love out there.
It is believed that love is the most powerful vibration in the Universe. The main graphic motif of the Love yoga mat is the heart, which appears in various forms. The yoga mat has a feel of a ""love letter"" where ribbons, birds facing each other, and decorative typography often appear. Lollipops, gummy bears and caring hands symbolize unconditional parental love, and the pink color of the Love yoga mat is as sweet as a candy store. Heart-shaped strawberries symbolize passion and nature. The Love non-slip yoga mat, like all Moonholi yoga mats, is also full of cosmic references, as love is the highest vibration in the Universe.
We hope you LOVE it.

Includes carrying strap.  
Yoga Mat Bag MOONWALK Universe
An ideal and stylish way to carry your yoga mat around. We have designed our Moonwalk yoga mat bags for your ultimate comfort. It is made of strong, durable material to last long and protect all your belongings, with convenient inside pockets to easily locate your water bottle, mobile phone or home keys. It will fit all you need to take with you, including your yoga mat, yoga clothes and personal items, and its truly unique design will make you stand out from the crowd wherever you take it. You can also pair it with a Moonholi UNIVERSE yoga mat to create a matching look.

Ideal to carry your yoga mat to class or beach
Fits all yoga essentials
Includes handy pockets for water bottle or mobile phone
Matches Moonholi yoga mats designs so you can pair it with your Moonholi yoga mat

See yoga sets. 
See yoga mats.",185,185,USD,,,,,,,,,,,,,Natural Rubber,Suede-like,Eco-Friendly; Non-Slip,,1,false,9135495283030,yoga-mat-and-yoga-mat-bag-set-love,Moonholi Yoga,Yoga & fitness mat,_tab_materials; _tab_studio-yoga-mats-materials; eco fitness mat; eco yoga mat; fitness mat; fitness mats; gym mat; gym mats; natural rubber yoga mats; printed yoga mat; printed yoga mats; studio mat; studio mats; suede yoga mat; training mat; training mats; yoga mat; yoga mats,2024-09-02T16:55:22+02:00,2024-09-02T17:18:10+02:00,https://cdn.shopify.com/s/files/1/0602/9839/5821/files/ZestawdojogimatadojogiitorbanamatedocwiczenLove.png?v=1725288974
moonholi-yoga-mat-wave-rider-sri-lanka-natural-rubber-non-slip-eco-friendly-pink-fitness-pilates-and-yoga-mat,"Yoga mat WAVE RIDER SRI LANKA - natural rubber, non-slip, eco-friendly fitness, pilates and yoga mat",moonholi,"Yoga mat Wave Rider Sri Lanka - colourful pink and purple gym mat
The Wave Rider Sri Lanka non-slip yoga mat is an invitation to a world filled with freedom, tropical warmth, and movement in harmony with nature. Inspired by sunsets along the Sri Lankan coast, it evokes memories of warm sand beneath your feet, summer wind in your hair, the sound of ocean waves, and peaceful moments surrounded by exotic nature.
Transport yourself to a sun-soaked beach with the Wave Rider Sri Lanka gym mat. The surfer gazing at the golden horizon is a reminder that every practice—even the one on your living-room floor—can become a journey to places where the sun embraces your skin and the rhythm of the ocean sets the pace of your breath.
This rubber yoga and workout mat is made for women who feel the call of the ocean—independent, passionate, and living to the rhythm of the waves. It’s perfect both for a morning yoga session and for an intense workout on the beach or at home.


A non-slip, stable exercise mat — ideal for yoga, pilates, stretching, and high-intensity workouts


Made from natural rubber — kind to you and to the planet


Inspired by waves, summer, and a passion for living outside the box


For lovers of surfing, yoga, travel, and exotic vibes


Close your eyes. Breathe deeply. Feel the wind. Welcome to your wave. Wave Rider Sri Lanka — your everyday journey on the mat.

Includes carrying strap.",110,110,USD,,,,,,,,,,,,,Natural Rubber,Grippy,Eco-Friendly; Non-Slip; Travel,,1,true,9975874355542,yoga-mat-wave-rider-sri-lanka-natural-rubber-non-slip-eco-friendly-pink-fitness-pilates-and-yoga-mat,Moonholi Yoga,Yoga & fitness mat,_label_new; _tab_materials; _tab_studio-yoga-mats-materials; eco fitness mat; eco yoga mat; fitness mat; fitness mats; gym mat; gym mats; natural rubber yoga mats; printed yoga mat; printed yoga mats; studio mat; studio mats; suede yoga mat; training mat; training mats; yoga mat; yoga mats,2025-11-18T11:44:58+01:00,2025-11-23T13:38:24+01:00,https://cdn.shopify.com/s/files/1/0602/9839/5821/files/pinkfitnessmat.png?v=1763463031
moonholi-yoga-mat-wave-rider-bali-natural-rubber-non-slip-eco-friendly-blue-fitness-pilates-and-yoga-mat,"Yoga mat WAVE RIDER BALI - natural rubber, non-slip, eco-friendly fitness, pilates and yoga mat",moonholi,"Yoga mat Wave Rider Bali - colourful blue gym mat with waves and surfing girl
The Wave Rider Bali non-slip yoga and fitness mat is a journey into the depths of the ocean. Feel the compelling force of waves, currents, and wind—an energy that inspires full mindfulness in every asana.
On the Wave Rider Bali exercise mat, the ocean comes alive beneath your feet—vibrant shades of blue and swirling waves infuse every movement with energy. The central motif, a lively surfer, transports you straight to Bali’s sunlit beaches, where every gesture reflects strength and freedom in the water’s embrace. A subtle Moonholi logo adds a delicate finishing touch, while the mat itself captivates with both its energy and aesthetic appeal.
This natural-rubber workout mat is designed for women who love water, movement, and living in harmony with the world around them. Feel the spirit of a surfer within you—bold, passionate, and full of energy—where every motion on the mat becomes a celebration of life, harmony, and the power of water. It’s a space where body and mind flow together, and yoga becomes an endless journey in the rhythm of the ocean.


Stability and comfort — maintain balance like a surfer riding the waves and feel confident in every pose


Eco-friendly natural rubber — a sustainable material that cares for the planet and your well-being


Ocean energy — let the rhythm of the waves and the sea breeze inspire your daily yoga practice


A yoga mat that delights — a subtle design inspired by nature and surf culture makes every session a true pleasure



Includes carrying strap.",110,110,USD,,,,,,,,,,,,,Natural Rubber,Grippy,Eco-Friendly; Non-Slip,,1,true,9975945199958,yoga-mat-wave-rider-bali-natural-rubber-non-slip-eco-friendly-blue-fitness-pilates-and-yoga-mat,Moonholi Yoga,Yoga & fitness mat,_label_new; _tab_materials; _tab_studio-yoga-mats-materials; eco fitness mat; eco yoga mat; fitness mat; fitness mats; gym mat; gym mats; natural rubber yoga mats; printed yoga mat; printed yoga mats; studio mat; studio mats; suede yoga mat; training mat; training mats; yoga mat; yoga mats,2025-11-18T11:50:59+01:00,2025-11-23T13:38:25+01:00,https://cdn.shopify.com/s/files/1/0602/9839/5821/files/fitnessmatsurfinggirl.png?v=1763463345
moonholi-light-and-foldable-pink-purple-yoga-travel-mat,Travel fitness & yoga mat WAVE RIDER SRI LANKA light and foldable,moonholi,"Travel yoga & gym mat Wave Rider Sri Lanka - pink and purple fitness mat
The Wave Rider Sri Lanka Travel non-slip yoga mat is a gateway to a world filled with lightness, tropical warmth, and movement flowing in harmony with nature. Inspired by sunsets along the Sri Lankan coastline, it evokes images of hot sand beneath your feet, a summer breeze dancing through your hair, the soothing sound of waves, and peaceful moments surrounded by exotic greenery.
With the Wave Rider Sri Lanka travel mat, you can transport yourself to a sunlit beach, where a surfer gazing toward the golden horizon reminds you that every practice—even the one in the comfort of your home—can become a journey to a place where the sun brushes your skin and your breath follows the rhythm of the ocean.
This travel yoga and exercise mat is designed for women who feel the ocean’s magnetic pull—independent, bold, passionate, and living in tune with the rhythm of the waves. It’s perfect for morning yoga sessions as well as more demanding workouts on the beach or at home.
• Non-slip and stable — ideal for pilates, stretching, and dynamic workouts• Made from natural rubber — good for you and kind to the environment• Infused with the energy of waves, summer, and life beyond the ordinary• Created for lovers of surfing, yoga, travel, and exotic landscapes
Wave Rider Sri Lanka Travel is a lightweight, foldable, and easy-to-pack travel yoga mat that’s perfect for life on the go. It’s the ideal companion for your yoga practice anywhere in the world. Close your eyes. Take a deep breath. Feel the breeze. Step onto your wave.
Wave Rider Sri Lanka — your daily journey on the mat.

Includes carrying strap. 
See other travel yoga mats. 
See yoga mats.",99,99,USD,,,,,,,,,,,,,Natural Rubber,Suede-like,Eco-Friendly; Non-Slip; Lightweight; Travel,,1,true,9976007000406,light-and-foldable-pink-purple-yoga-travel-mat,Moonholi Yoga,Maty do jogi i pilatesu,_label_new; _tab_materials; _tab_studio-yoga-mats-materials; eco fitness mat; eco yoga mat; fitness mat; fitness mats; foldable fitness mat; foldable yoga mat; gym mat; gym mats; light fitness mat; light mat; light yoga mat; natural rubber yoga mats; printed yoga mat; printed yoga mats; studio mat; studio mats; suede yoga mat; thin fitness mat; thin mat; training mat; training mats; travel mat; travel mats; yoga mat; yoga mats,2025-11-18T11:56:27+01:00,2025-11-23T13:38:26+01:00,https://cdn.shopify.com/s/files/1/0602/9839/5821/files/pinkfitnessmat_3d1d4534-008b-4683-940b-7e27104b27e5.png?v=1763463682
moonholi-travel-fitness-yoga-mat-wave-rider-bali-light-and-foldable-blue,Travel fitness & yoga mat WAVE RIDER BALI light and foldable,moonholi,"Travel yoga & gym mat Wave Rider Bali - blue fitness mat with ocean waves and surfing girl
Wave Rider Bali Travel is a lightweight, compact, and easily foldable training mat that’s perfect for life on the go. It’s an excellent companion for your yoga practice, no matter where in the world you are.
With the Wave Rider Bali Travel yoga mat, you always carry a piece of the ocean with you. Light, foldable, and ready for any adventure, this travel yoga mat fits perfectly into a life in constant motion. Lay it out on the sand after a morning surf session, use it for a warm-up before heading into the water, or take it onto a terrace overlooking the waves — it will provide stable support and comfort wherever you go. It’s a travel exercise mat that follows the rhythm of the tides, the sun, and your own energy, helping you stay balanced both on the board and beyond it.

Includes carrying strap. 
See other travel yoga mats. 
See yoga mats.",99,99,USD,,,,,,,,,,,,,Natural Rubber,Suede-like,Eco-Friendly; Lightweight; Travel,,1,true,9976036688214,travel-fitness-yoga-mat-wave-rider-bali-light-and-foldable-blue,Moonholi Yoga,Maty do jogi i pilatesu,_label_new; _tab_materials; _tab_studio-yoga-mats-materials; eco fitness mat; eco yoga mat; fitness mat; fitness mats; foldable fitness mat; foldable yoga mat; gym mat; gym mats; light fitness mat; light mat; light yoga mat; natural rubber yoga mats; printed yoga mat; printed yoga mats; studio mat; studio mats; suede yoga mat; thin fitness mat; thin mat; training mat; training mats; travel mat; travel mats; yoga mat; yoga mats,2025-11-18T12:03:05+01:00,2025-11-23T13:38:26+01:00,https://cdn.shopify.com/s/files/1/0602/9839/5821/files/fitnessmatsurfinggirl_c01890b9-c884-4d6e-97ae-e59d3d5d478d.png?v=1763464086
okoliving-chakraalign,"Chakra Align - Herbal Yoga Mat, 7mm",okoliving,"""My practice soared -I'll never go back to a typical mat again""
Strengthening and Health Promoting Yoga Rug
Unleash your potential with our new Chakra Energy mat! Each 7 Chakra colors are naturally dyed with medicinal Ayurvedic plants. This mat was designed to help align your energy and support your optimal wellness. Hand-loomed with GOTS certified cotton and ethically made by artisans with love. You will love the soft, cushy feel and natural beauty of this mat. Includes a FREE case and wildcrafted soap nut laundry detergent.
FUNCTIONAL    - Sweat & Slip Resistant   - Extra Supportive, 7mm thick cotton   - Ultra Light 4 lbs, 77"" x27""   - No Sliding with Natural Tree Rubber Coated Bottom   - Lasts Longer than Typical Mats     - Naturally Antibacterial and Antimicrobial
ALL NATURAL   - Hand-loomed & Plant Dyed   - 100% GOTS Certified Organic Cotton   - No Off-gassing or Plastic Mat Smell   - FREE of Chemicals, Heavy Metals, PVC, BPA, and Phthalates   - Zero Plastic Packaging   - 100% Biodegradable and Eco-Friendly
WELLNESS PROMOTING   - Ayurvedic Medicinal Plant Dyes   - 20 Skin Soothing Herbs (Iike Turmeric, Neem and Holy Basil)   - Skin Soothing & Stress Reducing Herbal Properties",198.4,198.4,USD,7,mm,7mm,195.58,cm,"77"" x27""   ",68.58,cm,"77"" x27""   ",1.814371637742559,kg,4 lbs,Cotton,,Eco-Friendly; Antimicrobial,,1,true,8613351620850,chakraalign,okoliving,Mats,current mats; Faire - wholesale; new; spo-disabled,2024-10-23T10:33:50-07:00,2024-10-23T17:51:00-07:00,https://cdn.shopify.com/s/files/1/0284/0428/5533/files/chakra_Align_-_MT-RC-74-7.png?v=1767894996
okoliving-yin-yang-amethyst,Yin-Yang Amethyst - Naturally Dyed Herbal Yoga Mat 7mm,okoliving,"""My practice soared -I'll never go back to a typical mat again""

Strengthening and Health Promoting Yoga Rug

Harmonize and balance your energy with our designer Yin-Yang mat. Unleash your potential with our herbal dyed yoga rug! Rejuvenate on the world's most natural yoga mat. Each mat is hand-loomed with GOTS certified cotton and plant dyed using an ancient process that preserves the bioactive medicinal qualities of the plants. Feel the difference and experience your strength, balance and wellness soar on the beautiful and ethically made mat.
BONUSESFREE Carry case + Wildcrafted soap nut laundry detergent.FREE Yin-Yang Journal (digital download)FREE Yin & Yang Yoga class
FUNCTIONAL   - Sweat & Slip Resistant   - Extra Supportive, 7mm thick   - Light 4 lbs, 77"" x 27""   - No Sliding with Natural Tree Rubber Coated Bottom   - Lasts Longer than Typical Mats     - Naturally Antibacterial and Antimicrobial   - Easy Machine Washable
ALL NATURAL   - Hand-loomed & Plant Dyed   - 100% GOTS Certified Organic Cotton   - No Off-gassing or Plastic Mat Smell   - FREE of Chemicals, Heavy Metals, PVC, BPA, and Phthalates   - Zero Plastic Packaging   - 100% Biodegradable and Eco-Friendly
WELLNESS PROMOTING   - Ayurvedic Medicinal Plant Dyes   - 20 Skin Soothing Herbs (Iike Turmeric, Neem and Holy Basil)   - Skin Soothing & Stress Reducing Herbal Properties",210.8,210.8,USD,7,mm,7mm,195.58,cm,"77"" x 27""   ",68.58,cm,"77"" x 27""   ",1.814371637742559,kg,4 lbs,Cotton,,Eco-Friendly; Antimicrobial,,1,true,8543398953202,yin-yang-amethyst,okoliving,Mats,current mats; Faire - wholesale; spo-disabled,2024-08-04T01:34:55-07:00,2024-08-04T01:38:39-07:00,https://cdn.shopify.com/s/files/1/0284/0428/5533/files/Yin-Yang-Amethyst-_-Cream--7mm-MY-WV-74-7-web_3ca091dd-a35b-4384-be4a-f478b42d2215.jpg?v=1772854962
okoliving-yin-yang-clay,Yin-Yang Clay - Naturally Dyed Herbal Yoga Mat 7mm,okoliving,"""My practice soared -I'll never go back to a typical mat again""

Strengthening and Health Promoting Yoga Rug

Harmonize and balance your energy with our designer Yin-Yang mat. Unleash your potential with our herbal dyed yoga rug! Rejuvenate on the world's most natural yoga mat. Each mat is hand-loomed with GOTS certified cotton and plant dyed using an ancient process that preserves the bioactive medicinal qualities of the plants. Feel the difference and experience your strength, balance and wellness soar on the beautiful and ethically made mat.
BONUSESFREE Carry case + Wildcrafted soap nut laundry detergent.FREE Yin-Yang Journal (digital download)FREE Yin & Yang Yoga class
FUNCTIONAL   - Sweat & Slip Resistant   - Extra Supportive, 7mm thick   - Light 4 lbs, 77"" x27""   - No Sliding with Natural Tree Rubber Coated Bottom   - Lasts Longer than Typical Mats     - Naturally Antibacterial and Antimicrobial   - Easy Machine Washable
ALL NATURAL   - Hand-loomed & Plant Dyed   - 100% GOTS Certified Organic Cotton   - No Off-gassing or Plastic Mat Smell   - FREE of Chemicals, Heavy Metals, PVC, BPA, and Phthalates   - Zero Plastic Packaging   - 100% Biodegradable and Eco-Friendly
WELLNESS PROMOTING   - Ayurvedic Medicinal Plant Dyes   - 20 Skin Soothing Herbs (Iike Turmeric, Neem and Holy Basil)   - Skin Soothing & Stress Reducing Herbal Properties",210.8,210.8,USD,7,mm,7mm,195.58,cm,"77"" x27""   ",68.58,cm,"77"" x27""   ",1.814371637742559,kg,4 lbs,Cotton,,Eco-Friendly; Antimicrobial,,1,true,8543328927986,yin-yang-clay,okoliving,Mats,current mats; Faire - wholesale; spo-disabled,2024-08-03T21:24:28-07:00,2024-08-04T00:56:10-07:00,https://cdn.shopify.com/s/files/1/0284/0428/5533/files/Yin-Yang-Clay-_-Cream-7mm-MY-WC-74-7_5e7cbb9b-7a3f-4aa1-958f-9bb220f38ef5.jpg?v=1772788439
okoliving-solarflower,Solar Flower - Naturally Dyed Herbal Yoga Mat 7mm,okoliving,"""My practice soared -I'll never go back to a typical mat again""

Strengthening and Health Promoting Yoga Rug

Harness the Spring & Summer energy with our new limited edition Solar Flower mat.  Inspired by Matisse and rooted in Ayurvedic wisdom, the Solar Flower is our newest hand-loomed yoga rug—infused with the spirit of marigolds, sunflowers, and the sun itself.⁠ In Ayurveda, solar-aligned blooms symbolize clarity, energy, and uplifted emotional states. Just like your practice, they’re radiant reminders of your vitality. 
Unleash your potential with our herbal dyed yoga rug! Rejuvenate on the world's most natural yoga mat. Each mat is hand-loomed with GOTS certified cotton and plant dyed using an ancient process that preserves the bioactive medicinal qualities of the plants. Feel the difference and experience your strength, balance and wellness soar on the beautiful and ethically made mat.
BONUSESFREE Carry case + Wildcrafted soap nut laundry detergent.FREE Yin-Yang Journal (digital download)FREE Yin & Yang Yoga class
FUNCTIONAL   - Sweat & Slip Resistant   - Extra Supportive, 7mm thick   - Light 4 lbs, 77"" x27""   - No Sliding with Natural Tree Rubber Coated Bottom   - Lasts Longer than Typical Mats     - Naturally Antibacterial and Antimicrobial   - Easy Machine Washable
ALL NATURAL   - Hand-loomed & Plant Dyed   - 100% GOTS Certified Organic Cotton   - No Off-gassing or Plastic Mat Smell   - FREE of Chemicals, Heavy Metals, PVC, BPA, and Phthalates   - Zero Plastic Packaging   - 100% Biodegradable and Eco-Friendly
WELLNESS PROMOTING   - Ayurvedic Medicinal Plant Dyes   - 20 Skin Soothing Herbs (Iike Turmeric, Neem and Holy Basil)   - Skin Soothing & Stress Reducing Herbal Properties",233.2,233.2,USD,7,mm,7mm,195.58,cm,"77"" x27""   ",68.58,cm,"77"" x27""   ",1.814371637742559,kg,4 lbs,Cotton,,Eco-Friendly; Antimicrobial,,1,false,8744090730738,solarflower,okoliving,Mats,current mats; Faire - wholesale; spo-disabled,2025-05-12T15:08:44-07:00,2025-05-13T19:28:23-07:00,https://cdn.shopify.com/s/files/1/0284/0428/5533/files/Solar-Flower-MT-SF-74-5-web_2ee80fc4-d645-4783-ad72-b907d61edf4c.jpg?v=1772788060
okoliving-diamond-yoga-mat-clay-7mm,Diamond Yoga Mat - Clay 7mm - Organic Cotton,okoliving,"Best grip of any yoga rug guaranteed!

Our all new organic cotton Diamond mat is world's first mat featuring zigzag grip strips with an invisible tree rubber coating for ultimate grip. It's also our thickest mat at 7mm thick! Naturally dyed with soothing herbs. This is the most luxurious cozy and functional mat on the market!- FREE Carry Case + Mat Wash (Soap Nuts)

FUNCTIONAL   - Ultra thick - 7 mm   - Extra Long + Wide - 74"" x27""   - Light - 4.3 lbs   - Non-Skid - Natural Tree Rubber Coated Bottom   - Non-Slip - Natural Tree Rubber Coated Top Grip Strips   - Non-Stink - Naturally Antibacterial and Antimicrobial   - Best Grip - Builds More Strength + Balance   - Easy Machine Washable
  NATURAL   - 100% GOTS Certified Organic Cotton   - Ethically Hand-loomed & Plant Dyed   - No Off-gassing or VOC Plastic Mat Smell   - FREE of Chemicals, Heavy Metals, PVC, BPA, and Phthalates   - Zero Plastic Packaging   - 100% Biodegradable and Eco-Friendly
 WELLNESS PROMOTING   - Ayurvedic Medicinal Plant Dyes   - 20 Skin Soothing & Relaxing Herbs (Iike Turmeric, Neem and Holy Basil)   - Peace of Mind - Ethically Handloomed",210.8,210.8,USD,7,mm,7mm,187.96,cm,"74"" x27""   ",68.58,cm,"74"" x27""   ",1.9504495105732509,kg,4.3 lbs,Cotton,Grippy,Eco-Friendly; Non-Slip; Antimicrobial; Premium,,1,true,8102583206130,diamond-yoga-mat-clay-7mm,okoliving,Mats,current mats; Faire - wholesale,2024-02-12T19:07:51-08:00,2024-02-12T19:20:09-08:00,https://cdn.shopify.com/s/files/1/0284/0428/5533/files/Diamond-Clay-7mm-MD-WW-74-7--a.jpg?v=1772855132
okoliving-chakra,Chakra Energy - Herbal Yoga Mat,okoliving,"""My practice soared -I'll never go back to a typical mat again""

 

Strengthening and Health Promoting Yoga Rug
Unleash your potential with our new Chakra Energy mat! Each 7 Chakra colors are naturally dyed with medicinal Ayurvedic plants. This mat was designed to help align your energy and support your optimal wellness. Hand-loomed with GOTS certified cotton and ethically made by artisans with love. You will love the soft, cushy feel and natural beauty of this mat. Includes a FREE case and wildcrafted soap nut laundry detergent.
FUNCTIONAL    - Sweat & Slip Resistant   - Extra Supportive, 5mm thick, 6 ply cotton   - Ultra Light 3.4 lbs, 74"" x27""   - No Sliding with Natural Tree Rubber Coated Bottom   - Lasts Longer than Typical Mats     - Naturally Antibacterial and Antimicrobial
ALL NATURAL   - Hand-loomed & Plant Dyed   - 100% GOTS Certified Organic Cotton   - No Off-gassing or Plastic Mat Smell   - FREE of Chemicals, Heavy Metals, PVC, BPA, and Phthalates   - Zero Plastic Packaging   - 100% Biodegradable and Eco-Friendly
WELLNESS PROMOTING   - Ayurvedic Medicinal Plant Dyes   - 20 Skin Soothing Herbs (Iike Turmeric, Neem and Holy Basil)   - Skin Soothing & Stress Reducing Herbal Properties
* Chakra mats are hand wash only, we can't accept returns or exchanges for any color fading or issued caused by a washing machine.",161.6,161.6,USD,5,mm,5mm,187.96,cm,"74"" x27""   ",68.58,cm,"74"" x27""   ",1.542215892081175,kg,3.4 lbs,Cotton,,Eco-Friendly; Antimicrobial,,1,true,5980177399968,chakra,okoliving,Mats,current mats; Faire - wholesale; spo-disabled,2021-01-11T22:51:58-08:00,2021-01-12T21:14:22-08:00,https://cdn.shopify.com/s/files/1/0284/0428/5533/files/Chakra-Energy-5mm-MT-CK-74-5_2_b23ed891-0f82-452d-926c-72216ee34e03.jpg?v=1772869882
okoliving-clay,Clay - Naturally Dyed Herbal Yoga Mat,okoliving,"""My practice soared -I'll never go back to a typical mat again""

Strengthening and Health Promoting Yoga Rug

Unleash your potential with our herbal dyed yoga rug! Rejuvenate on the world's most natural yoga mat. Each mat is  handloomed with GOTS certified cotton and plant dyed using an ancient process that preserves the bioactive medicinal qualities of the plants. Feel the difference and experience your strength, balance and wellness soar on the beautiful and ethically made mat.
FREE Carry case + Wildcrafted soap nut laundry detergent.
FUNCTIONAL   - Sweat & Slip Resistant   - Extra Supportive, 5mm thick, 6 ply cotton   - Ultra Light 3.4 lbs, 74"" x27""   - No Sliding with Natural Tree Rubber Coated Bottom   - Lasts Longer than Typical Mats     - Naturally Antibacterial and Antimicrobial   - Easy Machine Washable
ALL NATURAL   - Hand-loomed & Plant Dyed   - 100% GOTS Certified Organic Cotton   - No Off-gassing or Plastic Mat Smell   - FREE of Chemicals, Heavy Metals, PVC, BPA, and Phthalates   - Zero Plastic Packaging   - 100% Biodegradable and Eco-Friendly
WELLNESS PROMOTING   - Ayurvedic Medicinal Plant Dyes   - 20 Skin Soothing Herbs (Iike Turmeric, Neem and Holy Basil)   - Skin Soothing & Stress Reducing Herbal Properties",171.7,171.7,USD,5,mm,5mm,187.96,cm,"74"" x27""   ",68.58,cm,"74"" x27""   ",1.542215892081175,kg,3.4 lbs,Cotton,,Eco-Friendly; Antimicrobial,,1,true,4461964689501,clay,okoliving,Mats,current mats; Faire - wholesale; spo-disabled,2019-12-16T00:31:29-08:00,2019-12-15T18:57:54-08:00,https://cdn.shopify.com/s/files/1/0284/0428/5533/files/Clay-5mm-MT-CC-74-5_2web_300e47e2-555f-42dc-91f0-bbe8553b7978.jpg?v=1772859231
okoliving-jade-jute-5mm,Jade & Jute - Naturally Dyed Herbal Yoga Mat,okoliving,"Description


Features


Wellness Benefits




Strengthening and Health Promoting Yoga Rug
Unleash your potential with our new Jade & Jute Mat! This is our only thicker mat interwoven with jute to amplify your grip power.  Herbal dyed with medicinal Ayurvedic plants and ethically hand-loomed with GOTS certified cotton. You will love the soft, cushy feel and natural beauty of this mat. Includes a FREE case and wildcrafted soap nut laundry detergent.


FUNCTIONAL    - Sweat & Slip Resistant   - 5mm thick   - Ultra Light 3.4 lbs, 74"" x27""   - No Sliding with Natural Tree Rubber Coated Bottom   - Foldable for Easy Travel    - Naturally Antibacterial and Antimicrobial   - Perfect grip for building strength and balance


ALL NATURAL   - Hand-loomed & Plant Dyed   - 100% GOTS Certified Organic Cotton (91%) and Jute (8%)   - No Off-gassing or Plastic Mat Smell   - FREE of Chemicals, Heavy Metals, PVC, BPA, and Phthalates   - Zero Plastic Packaging   - 100% Biodegradable and Eco-Friendly
WELLNESS PROMOTING   - Ayurvedic Medicinal Plant Dyes   - 10 Skin Soothing Herbs (Iike Turmeric, Neem and Holy Basil)   - Skin Soothing & Stress Reducing Herbal Properties",171.7,171.7,USD,5,mm,5mm,187.96,cm,"74"" x27""   ",68.58,cm,"74"" x27""   ",1.542215892081175,kg,3.4 lbs,Jute,Grippy,Eco-Friendly; Non-Slip; Travel; Antimicrobial,,1,true,7678629839090,jade-jute-5mm,okoliving,Mats,current mats; Faire - wholesale; spo-disabled,2022-06-08T15:11:03-07:00,2022-11-17T10:46:09-08:00,https://cdn.shopify.com/s/files/1/0284/0428/5533/files/Jade-_-Jute-5mm---MT-GJ-74-5.jpg?v=1772855295
okoliving-indigo-moon,Indigo Moon - Naturally Dyed Herbal Yoga Mat,okoliving,"""My practice soared -I'll never go back to a typical mat again""

Strengthening and Health Promoting Yoga Rug

Unleash your potential with our herbal dyed yoga rug! Rejuvenate on the world's most natural yoga mat. Each mat is  handloomed with GOTS certified cotton and plant dyed using an ancient process that preserves the bioactive medicinal qualities of the plants. Feel the difference and experience your strength, balance and wellness soar on the beautiful and ethically made mat.
FREE Carry case + Wildcrafted soap nut laundry detergent.
 FUNCTIONAL   - Sweat & Slip Resistant   - Extra Supportive, 5mm thick, 6 ply cotton   - Ultra Light 3.4 lbs, 74"" x27""   - No Sliding with Natural Tree Rubber Coated Bottom   - Lasts Longer than Typical Mats     - Naturally Antibacterial and Antimicrobial   - Machine Washable
ALL NATURAL   - Hand-loomed & Plant Dyed   - 100% GOTS Certified Organic Cotton   - No Off-gassing or Plastic Mat Smell   - FREE of Chemicals, Heavy Metals, PVC, BPA, and Phthalates   - Zero Plastic Packaging   - 100% Biodegradable and Eco-Friendly
WELLNESS PROMOTING   - Ayurvedic Medicinal Plant Dyes   - 20 Skin Soothing Herbs (Iike Turmeric, Neem and Holy Basil)   - Skin Soothing & Stress Reducing Herbal PropertiesNote: Natural Indigo may rub off a bit on hands and feet before its first wash, colors are dyed extra dark because they will naturally lighten a bit over time. This is the nature of plant dyes and we hope you see this as a beautiful and natural process.",171.7,171.7,USD,5,mm,5mm,187.96,cm,"74"" x27""   ",68.58,cm,"74"" x27""   ",1.542215892081175,kg,3.4 lbs,Cotton,,Eco-Friendly; Antimicrobial,,1,true,5498001686688,indigo-moon,okoliving,Mats,current mats; Faire - wholesale,2020-08-11T14:09:58-07:00,2020-08-11T14:09:59-07:00,https://cdn.shopify.com/s/files/1/0284/0428/5533/files/Indigo-Moon-5-mm--MT-BB-74-5_65799084-a07e-4575-b221-910f569f4802.jpg?v=1772860587
okoliving-diamond-yoga-mat-clay-cream,Diamond Yoga Mat - Clay & Cream 7mm,okoliving,"Best grip of any yoga rug guaranteed!

Our all new organic cotton Diamond mat is world's first mat featuring zigzag grip strips with an invisible tree rubber coating for ultimate grip. It's also our thickest mat at 7mm thick! Naturally dyed with soothing herbs. This is the most luxurious cozy and functional mat on the market!- FREE Carry Case + Mat Wash (Soap Nuts)

FUNCTIONAL   - Ultra thick - 7 mm   - Extra Long + Wide - 74"" x27""   - Light - 4.3 lbs   - Non-Skid - Natural Tree Rubber Coated Bottom   - Non-Slip - Natural Tree Rubber Coated Top Grip Strips   - Non-Stink - Naturally Antibacterial and Antimicrobial   - Best Grip - Builds More Strength + Balance   - Easy Machine Washable
  NATURAL   - 100% GOTS Certified Organic Cotton   - Ethically Hand-loomed & Plant Dyed   - No Off-gassing or VOC Plastic Mat Smell   - FREE of Chemicals, Heavy Metals, PVC, BPA, and Phthalates   - Zero Plastic Packaging   - 100% Biodegradable and Eco-Friendly
 WELLNESS PROMOTING   - Ayurvedic Medicinal Plant Dyes   - 20 Skin Soothing & Relaxing Herbs (Iike Turmeric, Neem and Holy Basil)   - Peace of Mind - Ethically Handloomed",210.8,210.8,USD,7,mm,7mm,187.96,cm,"74"" x27""   ",68.58,cm,"74"" x27""   ",1.9504495105732509,kg,4.3 lbs,Natural Rubber,Grippy,Eco-Friendly; Non-Slip; Antimicrobial; Premium,,1,true,8033485324530,diamond-yoga-mat-clay-cream,okoliving,Mats,current mats; Faire - wholesale,2023-11-16T14:16:30-08:00,2023-11-17T02:50:25-08:00,https://cdn.shopify.com/s/files/1/0284/0428/5533/files/Diamond-Clay_Cream-7mm-MD-WC-74-7.jpg?v=1772855065
okoliving-thirdeyechakra,Third Eye - Chakra 7mm,okoliving,"Strengthening and Health Promoting Yoga Rug

Open your third eye intuition with our newest deluxe 7mm mat featuring the moon cycles, chakra colors and powerful third eye design. Unleash your potential with our herbal dyed yoga rug! Rejuvenate on the world's most natural yoga mat. Each mat is hand-loomed with GOTS certified cotton and plant dyed using an ancient process that preserves the bioactive medicinal qualities of the plants. Feel the difference and experience your strength, balance and wellness soar on the beautiful and ethically made mat.
BONUSESFREE Carry case + wildcrafted soap nut laundry detergent.FREE 10 minute third eye meditation
FUNCTIONAL   - Sweat & Slip Resistant   - Extra Supportive, 7mm thick   - Light 4.5 lbs, 77"" x 27""   - No Sliding with Natural Tree Rubber Coated Bottom   - Lasts Longer than Typical Mats     - Naturally Antibacterial and Antimicrobial   - Easy Machine Washable
ALL NATURAL   - Hand-loomed & Plant Dyed   - 100% GOTS Certified Organic Cotton   - No Off-gassing or Plastic Mat Smell   - FREE of Chemicals, Heavy Metals, PVC, BPA, and Phthalates   - Zero Plastic Packaging   - 100% Biodegradable and Eco-Friendly
WELLNESS PROMOTING   - Ayurvedic Medicinal Plant Dyes   - 20 Skin Soothing Herbs (Iike Turmeric, Neem and Holy Basil)   - Skin Soothing & Stress Reducing Herbal Properties",223.2,223.2,USD,7,mm,7mm,195.58,cm,"77"" x 27""   ",68.58,cm,"77"" x 27""   ",2.041168092460379,kg,4.5 lbs,Cotton,,Eco-Friendly; Antimicrobial,,1,true,8836359389426,thirdeyechakra,okoliving,Mats,current mats; spo-disabled,2025-09-24T21:39:27-07:00,2025-09-24T21:41:35-07:00,https://cdn.shopify.com/s/files/1/0284/0428/5533/files/third-eye---chakra--7mm-TE-Ck-75-7web_4587b14f-1c9e-485f-afce-38b3929f23c1.jpg?v=1772863857
okoliving-emerald,Emerald - Naturally Dyed Herbal Yoga Mat,okoliving,"""My practice soared -I'll never go back to a typical mat again""

Strengthening and Health Promoting Yoga Rug

New Limited edition Emerald Mat in a deep green. Unleash your potential with our herbal dyed yoga rug! Rejuvenate on the world's most natural yoga mat. Each mat is  handloomed with GOTS certified cotton and plant dyed using an ancient process that preserves the bioactive medicinal qualities of the plants. Feel the difference and experience your strength, balance and wellness soar on the beautiful and ethically made mat. 
FREE Carry case + Wildcrafted soap nut laundry detergent.
FUNCTIONAL   - Sweat & Slip Resistant   - Extra Supportive, 5mm thick, 6 ply cotton   - Ultra Light 3.4 lbs, 74"" x27""   - No Sliding with Natural Tree Rubber Coated Bottom   - Lasts Longer than Typical Mats     - Naturally Antibacterial and Antimicrobial   - Easy Machine Washable
ALL NATURAL   - Hand-loomed & Plant Dyed   - 100% GOTS Certified Organic Cotton   - No Off-gassing or Plastic Mat Smell   - FREE of Chemicals, Heavy Metals, PVC, BPA, and Phthalates   - Zero Plastic Packaging   - 100% Biodegradable and Eco-Friendly
WELLNESS PROMOTING   - Ayurvedic Medicinal Plant Dyes   - 20 Skin Soothing Herbs (Iike Turmeric, Neem and Holy Basil)   - Skin Soothing & Stress Reducing Herbal Properties",181.8,181.8,USD,5,mm,5mm,187.96,cm,"74"" x27""   ",68.58,cm,"74"" x27""   ",1.542215892081175,kg,3.4 lbs,Cotton,,Eco-Friendly; Antimicrobial,,1,false,8888968544498,emerald,okoliving,Mats,current mats; Faire - wholesale; spo-disabled,2025-11-23T10:26:33-08:00,2025-11-26T11:31:52-08:00,https://cdn.shopify.com/s/files/1/0284/0428/5533/files/Emerald-5mm-MT-CK-74-5_sm_0d5aeba0-3f22-445c-b48a-9765dc8ef27d.jpg?v=1772870132
okoliving-thirdeyeclay,Third Eye - Clay 7mm,okoliving,"Strengthening and Health Promoting Yoga Rug

Open your third eye intuition with our newest deluxe 7mm mat featuring the moon cycles and powerful third eye design. Unleash your potential with our herbal dyed yoga rug! Rejuvenate on the world's most natural yoga mat. Each mat is hand-loomed with GOTS certified cotton and plant dyed using an ancient process that preserves the bioactive medicinal qualities of the plants. Feel the difference and experience your strength, balance and wellness soar on the beautiful and ethically made mat.
BONUSESFREE Carry case + wildcrafted soap nut laundry detergent.FREE 10 minute third eye meditation
FUNCTIONAL   - Sweat & Slip Resistant   - Extra Supportive, 7mm thick   - Light 4.5 lbs, 77"" x 27""   - No Sliding with Natural Tree Rubber Coated Bottom   - Lasts Longer than Typical Mats     - Naturally Antibacterial and Antimicrobial   - Easy Machine Washable
ALL NATURAL   - Hand-loomed & Plant Dyed   - 100% GOTS Certified Organic Cotton   - No Off-gassing or Plastic Mat Smell   - FREE of Chemicals, Heavy Metals, PVC, BPA, and Phthalates   - Zero Plastic Packaging   - 100% Biodegradable and Eco-Friendly
WELLNESS PROMOTING   - Ayurvedic Medicinal Plant Dyes   - 20 Skin Soothing Herbs (Iike Turmeric, Neem and Holy Basil)   - Skin Soothing & Stress Reducing Herbal Properties",223.2,223.2,USD,7,mm,7mm,195.58,cm,"77"" x 27""   ",68.58,cm,"77"" x 27""   ",2.041168092460379,kg,4.5 lbs,Cotton,,Eco-Friendly; Antimicrobial,,1,true,8836328882418,thirdeyeclay,okoliving,Mats,current mats; spo-disabled,2025-09-24T21:18:43-07:00,2025-09-24T21:36:05-07:00,https://cdn.shopify.com/s/files/1/0284/0428/5533/files/third-eye---clay-and-cream--7mm-TE-CC-75-7.jpg?v=1772864418
okoliving-rose-quartz,Rose Quartz - Naturally Dyed Herbal Yoga Mat,okoliving,"""My practice soared -I'll never go back to a typical mat again""

Strengthening and Health Promoting Yoga Rug

Unleash your potential with our herbal dyed yoga rug! Rejuvenate on the world's most natural yoga mat. Each mat is handloomed with GOTS certified cotton and plant dyed using an ancient process that preserves the bioactive medicinal qualities of the plants. Feel the difference and experience your strength, balance and wellness soar on the beautiful and ethically made mat.
FREE Carry case + Wildcrafted soap nut laundry detergent.
FUNCTIONAL   - Sweat & Slip Resistant   - Extra Supportive, 5mm thick, 6 ply cotton   - Ultra Light 3.4 lbs, 74"" x27""   - No Sliding with Natural Tree Rubber Coated Bottom   - Lasts Longer than Typical Mats     - Naturally Antibacterial and Antimicrobial   - Easy Machine Washable
ALL NATURAL   - Hand-loomed & Plant Dyed   - 100% GOTS Certified Organic Cotton   - No Off-gassing or Plastic Mat Smell   - FREE of Chemicals, Heavy Metals, PVC, BPA, and Phthalates   - Zero Plastic Packaging   - 100% Biodegradable and Eco-Friendly
WELLNESS PROMOTING   - Ayurvedic Medicinal Plant Dyes   - 20 Skin Soothing Herbs (Iike Turmeric, Neem and Holy Basil)   - Skin Soothing & Stress Reducing Herbal Properties",161.6,161.6,USD,5,mm,5mm,187.96,cm,"74"" x27""   ",68.58,cm,"74"" x27""   ",1.542215892081175,kg,3.4 lbs,Cotton,,Eco-Friendly; Antimicrobial,,1,true,4461765951581,rose-quartz,okoliving,Mats,current mats; Faire - wholesale; spo-disabled,2019-12-15T22:56:01-08:00,2019-12-15T18:57:54-08:00,https://cdn.shopify.com/s/files/1/0284/0428/5533/files/Rose-Quartz--5mm--MT-PP-74-5.jpg?v=1772863656
okoliving-sunstone,Sunstone - Naturally Dyed Herbal Yoga Mat,okoliving,"""My practice soared -I'll never go back to a typical mat again""

Strengthening and Health Promoting Yoga Rug

Unleash your potential with our herbal dyed yoga rug! Rejuvenate on the world's most natural yoga mat. Each mat is  handloomed with GOTS certified cotton and plant dyed using an ancient process that preserves the bioactive medicinal qualities of the plants. Feel the difference and experience your strength, balance and wellness soar on the beautiful and ethically made mat. 
FREE Carry case + Wildcrafted soap nut laundry detergent.
FUNCTIONAL   - Sweat & Slip Resistant   - Extra Supportive, 5mm thick, 6 ply cotton   - Ultra Light 3.4 lbs, 74"" x27""   - No Sliding with Natural Tree Rubber Coated Bottom   - Lasts Longer than Typical Mats     - Naturally Antibacterial and Antimicrobial   - Easy Machine Washable
ALL NATURAL   - Hand-loomed & Plant Dyed   - 100% GOTS Certified Organic Cotton   - No Off-gassing or Plastic Mat Smell   - FREE of Chemicals, Heavy Metals, PVC, BPA, and Phthalates   - Zero Plastic Packaging   - 100% Biodegradable and Eco-Friendly
WELLNESS PROMOTING   - Ayurvedic Medicinal Plant Dyes   - 20 Skin Soothing Herbs (Iike Turmeric, Neem and Holy Basil)   - Skin Soothing & Stress Reducing Herbal Properties",171.7,171.7,USD,5,mm,5mm,187.96,cm,"74"" x27""   ",68.58,cm,"74"" x27""   ",1.542215892081175,kg,3.4 lbs,Cotton,,Eco-Friendly; Antimicrobial,,1,true,7458485567730,sunstone,okoliving,Mats,current mats; Faire - wholesale; spo-disabled,2021-11-23T01:07:57-08:00,2021-11-23T02:02:06-08:00,https://cdn.shopify.com/s/files/1/0284/0428/5533/files/Sunstone-5mm--MT-PP-74-5--web.jpg?v=1772863602
okoliving-jade-jute-travel,Jade & Jute - 3mm Travel Yoga Mat,okoliving,"Description


Features


Wellness Benefits




Strengthening and Health Promoting Yoga Rug
Unleash your potential with our new Jade & Jute Travel Mat! This is our only travel mat interwoven with jute to amplify your grip power. Our travel mats are durable and ultra light (under 2 lbs) making it perfect for travel or daily use anywhere. Herbal dyed with medicinal Ayurvedic plants and ethically hand-loomed with GOTS certified cotton. You will love the soft, cushy feel and natural beauty of this mat. Includes a FREE case and wildcrafted soap nut laundry detergent.


FUNCTIONAL    - Sweat & Slip Resistant   - 3mm thick, 3 ply cotton   - Ultra Light 2.5 lbs, 74""L x 27""W   - No Sliding with Natural Tree Rubber Coated Bottom   - Foldable for Easy Travel    - Naturally Antibacterial and Antimicrobial   - Perfect grip for building strength and balanceNote: size and weight can vary a little due to the handloomed nature. 


ALL NATURAL   - Hand-loomed & Plant Dyed   -  - 100% GOTS Certified Organic Cotton (91%) and Jute (8%)   - No Off-gassing or Plastic Mat Smell   - FREE of Chemicals, Heavy Metals, PVC, BPA, and Phthalates   - Zero Plastic Packaging   - 100% Biodegradable and Eco-Friendly
WELLNESS PROMOTING   - Ayurvedic Medicinal Plant Dyes   - 10 Skin Soothing Herbs (Iike Turmeric, Neem and Holy Basil)   - Skin Soothing & Stress Reducing Herbal Properties",148.8,148.8,USD,3,mm,3mm,187.96,cm,"74""L x 27""W",68.58,cm,"74""L x 27""W",0.9071858188712795,kg,2 lbs,Jute,Grippy,Eco-Friendly; Non-Slip; Travel; Antimicrobial,,1,true,7458519613682,jade-jute-travel,okoliving,Mats,3mm; current mats; Faire - wholesale; spo-disabled,2021-11-23T01:31:06-08:00,2021-11-23T02:05:45-08:00,https://cdn.shopify.com/s/files/1/0284/0428/5533/files/Jade-_-Jute3mm---MT-GJ-74-3web_fd93735f-3173-46c1-ac0a-88d2ca855b94.jpg?v=1772787305
okoliving-clay-travel-mat,Clay - Travel Yoga Mat,okoliving,"Description


Features


Wellness Benefits




Strengthening and Health Promoting Yoga Rug
Unleash your potential with our Clay Energy Travel Mat!  Our travel mats are durable and ultra light (2.5 lbs) making it perfect for travel or daily use anywhere. Herbal dyed with medicinal Ayurvedic plants and ethically hand-loomed with GOTS certified cotton. You will love the soft, cushy feel and natural beauty of this mat. Includes a FREE case and wildcrafted soap nut laundry detergent.


FUNCTIONAL    - Sweat & Slip Resistant   - 3mm thick, 3 ply cotton   - Ultra Light 2.5 lbs, 74""L x 27""W   - No Sliding with Natural Tree Rubber Coated Bottom   - Foldable for Easy Travel    - Naturally Antibacterial and Antimicrobial   - Perfect grip for building strength and balanceNote: size and weight can vary a little due to the handloomed nature. 


ALL NATURAL   - Hand-loomed & Plant Dyed   - 100% GOTS Certified Organic Cotton   - No Off-gassing or Plastic Mat Smell   - FREE of Chemicals, Heavy Metals, PVC, BPA, and Phthalates   - Zero Plastic Packaging   - 100% Biodegradable and Eco-Friendly
WELLNESS PROMOTING   - Ayurvedic Medicinal Plant Dyes   - 10 Skin Soothing Herbs (Iike Turmeric, Neem and Holy Basil)   - Skin Soothing & Stress Reducing Herbal Properties",167.4,167.4,USD,3,mm,3mm,187.96,cm,"74""L x 27""W",68.58,cm,"74""L x 27""W",1.1339822735890994,kg,2.5 lbs,Cotton,Grippy,Eco-Friendly; Non-Slip; Travel; Antimicrobial,,1,true,7921829413106,clay-travel-mat,okoliving,Mats,current mats; Faire - wholesale; spo-disabled,2023-06-21T00:55:28-07:00,2023-06-21T00:58:42-07:00,https://cdn.shopify.com/s/files/1/0284/0428/5533/files/Clay-3mm-MT-CC-74-3_web.jpg?v=1772868699
scoria-mountain-lion-cork-mat-3-5mm,Mountain Lion Cork Yoga Mat | 3.5MM OR 4.5MM,scoria,"RETH-INK COLLECTION
The Mountain Lion art captures the spirit of resilience and inner strength. With powerful and hand-drawn mountain lion, this mat symbolizes courage, confidence, and inspiration to trust your own path.
Improved sizing: This standard size is now upgraded to 26"" wide! Embrace the sweat. The Scoria Cork mat delivers traction when sweating with no slip. 
Features

Includes a free cotton mat carry strap

Backed by natural tree rubber (unlike other mats with synthetic TPE/PVC)
ultra-grip with sweat, lose the towel
naturally anti-microbial cork surface eliminating odor
sustainably harvested

for a non-toxic home or practice
Spritz water to activate sweat-grip in colder practices until body is warm.
Backed by a 1 Year Limited Warranty ~ find details here


Specs


 72"" x 26"" | 2.8 kg or 3.1 kg

thickness: choice of 3.5mm or 4.5mm
plastic free packaging
100% natural cork
FSC natural rubber

Possible allergens; natural rubber latex.
Clean & Care
Always roll CORK side out.Store in shade.No need to clean it often, as it is antimicrobial.Simply wipe with a soft cloth, soap & water.
Please note: due to the difference of digital screens, colours may differ slightly.
Yogis Featured
 @_melissayogi, @silence_yoga_retreats, @moonlightsoulchild",97,107,USD,3.5,mm,Thicknes: 3.5MM (Commute),182.88,cm,"72"" x 26"" ",66.04,cm,"72"" x 26"" ",2.8,kg,2.8 kg,Cork,Grippy,Non-Slip; Antimicrobial,,2,true,1521966415915,mountain-lion-cork-mat-3-5mm,Scoria,Yoga Mat,3.5mm; 4.5mm; adults; artist collection; everydayyogi; ink; maninyourlife; thickness_3.5mm (commute); thickness_4.5mm (thick); yoga mat,2018-09-29T11:50:23-04:00,2018-09-29T11:53:59-04:00,https://cdn.shopify.com/s/files/1/1371/3197/products/MountainLion-web21.jpg?v=1665684161
scoria-blossom-cork-yoga-mat,Blossom Cork Yoga Mat | 4.5MM,scoria,"This item is a pre-order and ships on or before March 31st. Please note if you order in-stock items that you want to receive earlier, please make two separate orders.
RETHINK COLLECTION
The Blossom cork yoga mat, with calming greyscale leaf prints, symbolizes growth and renewal—inviting a mindful connection with nature in every practice.
Improved sizing: This standard size is now upgraded to 26"" wide! Embrace the sweat. The Scoria Cork mat delivers traction when sweating with no slip. 
Features

Includes a free cotton mat carry strap

Backed by natural tree rubber (unlike other mats with synthetic TPE/PVC)
ultra-grip with sweat, lose the towel
naturally anti-microbial cork surface eliminating odor
sustainably harvested

for a non-toxic home or practice
Spritz water to activate sweat-grip in colder practices until body is warm.
Backed by a 1 Year Limited Warranty ~ find details here


Specs


 72"" x 26"" | 3.1 kg 

thickness: 4.5mm (studio)
plastic free packaging
100% natural cork
FSC natural rubber

Possible allergens; natural rubber latex.
Clean & Care
Always roll CORK side out.Store in shade.No need to clean it often, as it is antimicrobial.Simply wipe with a soft cloth, soap & water.
Please note: due to the difference of digital screens, colours may differ slightly.
Yogis Featured
@jia_goddess, @matthewbonasyoga",107,107,USD,4.5,mm,4.5MM,182.88,cm,"72"" x 26"" ",66.04,cm,"72"" x 26"" ",3.1,kg,3.1 kg,Cork,Grippy,Non-Slip; Antimicrobial,,1,true,1314895757355,blossom-cork-yoga-mat,Scoria,,4.5mm; adults; art_creative; Artist Collection; Els PW 31855; everydayyogi; ink; thickness_4.5mm (thick); yoga mat,2018-06-08T19:29:22-04:00,2018-04-19T14:25:42-04:00,https://cdn.shopify.com/s/files/1/1371/3197/products/BLOSSOM-FLORAL-FLOWERS-LEAVES-BLACK-PLAIN-BARE-CORK-NATURAL-YOGA-MAT-SUSTAINABLE-NON-TOXIC-TORONTO-CANADA-YOGA-EXERCISE-SUSTAINABLE.jpg?v=1627496650
scoria-tree-of-life-cork-yoga-mat-4-5mm,Tree of Life Alignment Cork Yoga Mat | 4.5MM,scoria,"LIFECYCLE COLLECTION
This print, created by Scoria's founder, helps to properly align postures with a centre line in the middle, corners and lines for hands and feet to assist in a variety of asana placements for any body size. Designed specifically for both alignment and harmony intertwined.
Improved sizing: This standard size is now upgraded to 26"" wide! Embrace the sweat. The Scoria Cork mat delivers traction when sweating with no slip.
Features

Includes a free cotton mat carry strap

Backed by natural tree rubber (unlike other mats with synthetic TPE/PVC)
ultra-grip with sweat, lose the towel
naturally anti-microbial cork surface eliminating odor
sustainably harvested

for a non-toxic home or practice
Spritz water to activate sweat-grip in colder practices until body is warm.
Backed by a 1 Year Limited Warranty ~ find details here


Specs


 72"" x 26"" | 3.1 kg 

thickness: 4.5mm (studio)
plastic free packaging
100% natural cork
FSC natural rubber

Possible allergens; natural rubber latex.
Clean & Care
Always roll CORK side out.Store in shade.No need to clean it often, as it is antimicrobial.Simply wipe with a soft cloth, soap & water.
Yogis Featured
@hugoilopes/@raichleekelly, @liv.in.flux
Please note: due to the differences of screens, colours may differ slightly.",107,107,USD,4.5,mm,4.5MM,182.88,cm,"72"" x 26"" ",66.04,cm,"72"" x 26"" ",3.1,kg,3.1 kg,Cork,Grippy,Non-Slip; Alignment Marks; Antimicrobial,,1,true,6589050126379,tree-of-life-cork-yoga-mat-4-5mm,Scoria,Yoga Mat,4.5mm; adults; art_creative; Artist Collection; Els PW 10467:17238756786219; ink; maninyourlife; newyogi; thickness_4.5mm (thick); yoga mat,2021-06-25T16:21:33-04:00,2021-08-12T09:17:51-04:00,https://cdn.shopify.com/s/files/1/1371/3197/products/scoria_websitecoverphoto_treeoflifemat_r1_080921.jpg?v=1628538220
scoria-botanicals-cork-yoga-mat,Botanicals Cork Yoga Mat | 4.5MM,scoria,"This item is a pre-order and ships on or before March 31st. Please note if you order in-stock items that you want to receive earlier, please make two separate orders.
RETH-INK COLLECTION
The Botanicals cork yoga mat, inspired by desert blooms and vibrant plant life, energizes practice with its colorful cactus and floral designs.
Improved sizing: This standard size is now upgraded to 26"" wide! Embrace the sweat. The Scoria Cork mat delivers traction when sweating with no slip. 
Features

Includes a free cotton mat carry strap

Backed by natural tree rubber (unlike other mats with synthetic TPE/PVC)
ultra-grip with sweat, lose the towel
naturally anti-microbial cork surface eliminating odor
sustainably harvested

for a non-toxic home or practice
Spritz water to activate sweat-grip in colder practices until body is warm.
Backed by a 1 Year Limited Warranty ~ find details here


Specs


 72"" x 26"" | 3.1 kg 

thickness: 4.5mm (studio)
plastic free packaging
100% natural cork
FSC natural rubber

Possible allergens; natural rubber latex.
Clean & Care
Always roll CORK side out.Store in shade.No need to clean it often, as it is antimicrobial.Simply wipe with a soft cloth, soap & water.
Please note: due to the difference of digital screens, colours may differ slightly.
Yogis Featured
 @kerispilatesroom, @_lenakleine_,  @sherondalekay",107,107,USD,4.5,mm,4.5MM,182.88,cm,"72"" x 26"" ",66.04,cm,"72"" x 26"" ",3.1,kg,3.1 kg,Cork,Grippy,Non-Slip; Antimicrobial,,1,true,1373341941803,botanicals-cork-yoga-mat,Scoria,,4.5mm; adults; art_creative; artist collection; Els PW 31855; everydayyogi; ink; thickness_4.5mm (thick); yoga mat,2018-07-09T19:51:11-04:00,2018-07-11T17:01:14-04:00,https://cdn.shopify.com/s/files/1/1371/3197/files/botanicals-thick-scoria-cork-yoga-mats-canada-best-sustainable-high-quality-cork-yoga-mat.jpg?v=1699903115
scoria-essential-cork-yoga-mat,Standard Essential Cork Yoga Mat,scoria,"This item is a pre-order and ships on or before March 31st. Please note if you order in-stock items that you want to receive earlier, please make two separate orders.
ESSENTIAL COLLECTION
The Standard Yoga Mat is a blank space for free flow and your imagination ~ create your own story.
Improved sizing: This standard size is now upgraded to 26"" wide! Embrace the sweat. The Scoria Cork mat delivers traction when sweating with no slip. 
Features

Includes a free cotton mat carry strap

Backed by natural tree rubber (unlike other mats with synthetic TPE/PVC)
ultra-grip with sweat, lose the towel
naturally anti-microbial cork surface eliminating odor
sustainably harvested

for a non-toxic home or practice
Spritz water to activate sweat-grip in colder practices until body is warm.
Backed by a 1 Year Limited Warranty ~ find details here


Specs


 72"" x 26"" | 2.9 kg or 3.1 kg 

thickness: 3.5mm or 4.5mm
plastic free packaging
100% natural cork
FSC natural rubber

Possible allergens; natural rubber latex.
Clean & Care
Always roll CORK side out.Store in shade.No need to clean it often, as it is antimicrobial.Simply wipe with a soft cloth, soap & water.
Yogis Featured
@_volerra_, @josemarth
Please note: due to the differences of screens, colours may differ slightly.",92,99,USD,3.5,mm,3.5MM (COMMUTE),182.88,cm,"72"" x 26"" ",66.04,cm,"72"" x 26"" ",2.9,kg,2.9 kg,Cork,Grippy,Non-Slip; Antimicrobial,,2,true,1356964200491,essential-cork-yoga-mat,Scoria,Yoga Mat,3.5mm; 4.5mm; adults; art_minimal; artist collection; Els PW 31855; essential; Essential Mats; essentials; everydayyogi; maninyourlife; meditationlover; thickness_3.5mm (commute); thickness_4.5mm (thick); yoga mat,2018-06-27T19:09:39-04:00,2018-04-19T14:25:42-04:00,https://cdn.shopify.com/s/files/1/1371/3197/products/UPDATED-2020-ESSENTIAL-NUDE-SCORIA-BARE-ESSENTIAL-CORK-NATURAL-YOGA-MAT-SUSTAINABLE-NON-TOXIC-TORONTO-CANADA-YOGA-EXERCISE-SUSTAINABLEcopy_b62b8d6b-593a-41de-9824-26dfdfd343cc.jpg?v=1585451198
scoria-flying-dragon-cork-yoga-mat-4-5mm,Flying Dragon Cork Yoga Mat | 4.5MM,scoria,"This item is a pre-order and ships on or before March 31st, 2026. Please note if you order in-stock items that you want to receive earlier, please make two separate orders.
M y s t i c  C o l l e c t i o n
 Improved sizing: The standard size of this mat is now 26"" wide! Embrace the sweat. The Scoria Cork mat delivers supreme traction when sweating with no slip.
Features

Includes a free cotton mat carry strap

Backed by natural tree rubber (unlike other mats with synthetic TPE/PVC)
ultra-grip with sweat, lose the towel
naturally anti-microbial cork surface eliminating odor
sustainably harvested

for a non-toxic home or practice
Spritz water to activate sweat-grip in colder practices until body is warm.
Backed by a 1 Year Limited Warranty ~ find details here


Specs


 72"" x 26"" | 3.1 kg 

thickness: 4.5mm (studio)
plastic free packaging
100% natural cork
FSC natural rubber

Possible allergens; natural rubber latex.
Clean & Care
Always roll CORK side out.Store in shade.No need to clean it often, as it is antimicrobial.Simply wipe with a soft cloth, soap & water.
Yogis Featured
N/A
Please note: due to the differences of screens, colours may differ slightly.",107,107,USD,4.5,mm,4.5MM,182.88,cm,"72"" x 26"" ",66.04,cm,"72"" x 26"" ",3.1,kg,3.1 kg,Cork,Grippy,Non-Slip; Antimicrobial,,1,true,7312228581419,flying-dragon-cork-yoga-mat-4-5mm,Scoria,Yoga Mat,4.5mm; adults; art_creative; Artist Collection; Els PW 10467:17238756786219; Els PW 31855; ink; thickness_4.5mm (thick); yoga mat,2025-01-17T14:24:10-05:00,2025-01-17T14:30:34-05:00,https://cdn.shopify.com/s/files/1/1371/3197/files/Dragon-Flying-Dragon-Constellations-Stars-Scoria-World-Best-Yoga-Mats-Canada-USA-Cork-Yoga-Mats-Sustainable-Natural-Ethical.png?v=1743616804
scoria-moon-phases-cork-mat,Moon Phases Cork Yoga Mat | 4.5MM,scoria,"MINDFUL COLLECTION
The Moon Phases mat mirrors the moon's cycles, reflecting that we go through phases too.  Framed by a vibrant yellow border inspired by the sun’s light, it honors a subtle hint of the sun-moon relationship that brings each phase to life.
Improved sizing: This standard size is now upgraded to 26"" wide! Embrace the sweat. The Scoria Cork mat delivers traction when sweating with no slip. 
Features

Includes a free cotton mat carry strap

Backed by natural tree rubber (unlike other mats with synthetic TPE/PVC)
ultra-grip with sweat, lose the towel
naturally anti-microbial cork surface eliminating odor
sustainably harvested

for a non-toxic home or practice
Spritz water to activate sweat-grip in colder practices until body is warm.
Backed by a 1 Year Limited Warranty ~ find details here


Specs


 72"" x 26"" | 3.1 kg 

thickness: 4.5mm (studio)
plastic free packaging
100% natural cork
FSC natural rubber

Possible allergens; natural rubber latex.
Clean & Care
Always roll CORK side out.Store in shade.No need to clean it often, as it is antimicrobial.Simply wipe with a soft cloth, soap & water.
Please note: due to the difference of digital screens, colours may differ slightly.
Yogis Featured
@freedom.yoga, @brownandbendy, @yahwehflowyoga,
 @wally.yoga, @sarahxsphere",107,107,USD,4.5,mm,4.5MM,182.88,cm,"72"" x 26"" ",66.04,cm,"72"" x 26"" ",3.1,kg,3.1 kg,Cork,Grippy,Non-Slip; Antimicrobial,,1,true,1833914859563,moon-phases-cork-mat,Scoria World,,4.5mm; art_creative; artist collection; everydayyogi; maninyourlife; meditationlover; thickness_4.5mm (thick); yoga mat,2019-07-13T15:49:14-04:00,2019-08-15T15:34:40-04:00,https://cdn.shopify.com/s/files/1/1371/3197/products/moon-phases-2-yoga-mat-lunar-toronto-moons-CORK-NATURAL-YOGA-MAT-SUSTAINABLE-NON-TOXIC-TORONTO-CANADA-YOGA-EXERCISE-SUSTAINABLE.jpg?v=1588728111
scoria-summit-peak-cork-yoga-mat-4-5mm,Summit Peak Cork Yoga Mat | 4.5MM,scoria,"EARTH TO SKY COLLECTION
The Summit Peak Mat embodies the spirit of the sky with its mountain peak art, inspired by the mountains and trees. This artwork encourages a connection with nature, evoking a sense of adventure and exploration.
Improved sizing: This standard size is now upgraded to 26"" wide! Embrace the sweat. The Scoria Cork mat delivers traction when sweating with no slip. 
Features

Includes a free cotton mat carry strap

Backed by natural tree rubber (unlike other mats with synthetic TPE/PVC)
ultra-grip with sweat, lose the towel
naturally anti-microbial cork surface eliminating odor
sustainably harvested

for a non-toxic home or practice
Spritz water to activate sweat-grip in colder practices until body is warm.
Backed by a 1 Year Limited Warranty ~ find details here


Specs


 72"" x 26"" | 3.1 kg

thickness: 4.5mm (studio)
plastic free packaging
100% natural cork
FSC natural rubber

Possible allergens; natural rubber latex.
Clean & Care
Always roll CORK side out.Store in shade.No need to clean it often, as it is antimicrobial.Simply wipe with a soft cloth, soap & water.
Please note: due to the difference of digital screens, colours may differ slightly.
Yogis Featured
N/A",107,107,USD,4.5,mm,4.5MM,182.88,cm,"72"" x 26"" ",66.04,cm,"72"" x 26"" ",3.1,kg,3.1 kg,Cork,Grippy,Non-Slip; Antimicrobial,,1,true,7102542839851,summit-peak-cork-yoga-mat-4-5mm,Scoria,,4.5mm; adults; art_creative; Artist Collection; everydayyogi; ink; thickness_4.5mm (thick); yoga mat,2023-05-03T14:53:39-04:00,2023-05-03T14:54:21-04:00,https://cdn.shopify.com/s/files/1/1371/3197/files/Mountain-Peak-Mountain-Summit-Cork-Yoga-Mats-Best-Sustainable-Yoga-Mats-Canada.jpg?v=1683140034
scoria-night-bear,Night Bear Cork Yoga Mat | 4.5MM | Collab Edition,scoria,"SCORIA x AMY SAYS AMY
An artist collaboration representing nature's elements.
Improved sizing: This standard size is now upgraded to 26"" wide! Embrace the sweat. The Scoria Cork mat delivers traction when sweating with no slip. 
Features

Includes a free cotton mat carry strap

Backed by natural tree rubber (unlike other mats with synthetic TPE/PVC)
ultra-grip with sweat, lose the towel
naturally anti-microbial cork surface eliminating odor
sustainably harvested

for a non-toxic home or practice
Spritz water to activate sweat-grip in colder practices until body is warm.
Backed by a 1 Year Limited Warranty ~ find details here


Specs


 72"" x 26"" | 3.1 kg 

thickness: 4.5 mm (studio)
plastic free packaging
100% natural cork
FSC natural rubber

Possible allergens; natural rubber latex.
Special Artist Feature

This grounding bear illustration was created by Amy, a Canadian artist based in Vancouver. By day, Amy is a graphic designer who works in the natural health industry in beautiful downtown Vancouver.  Her motto is “A creative life is a hell of a lot more of an interesting life.” By night, she switches to her favourite gig, using creativity to paint. She takes on projects to illustrate for different brands across North America. Find Amy on Instagram! @amysaysamy
Clean & Care
Always roll CORK side out.Store in shade.No need to clean it often, as it is antimicrobial.Simply wipe with a soft cloth, soap & water.
Yogis Featured
@sarahxsphere
Please note: due to the differences of screens, colours may differ slightly.",107,107,USD,4.5,mm,4.5MM,182.88,cm,"72"" x 26"" ",66.04,cm,"72"" x 26"" ",3.1,kg,3.1 kg,Cork,Grippy,Non-Slip; Antimicrobial,,1,true,1839977332779,night-bear,Scoria World,,4.5mm; art_creative; artist collection; maninyourlife; thickness_4.5mm (thick); yoga mat,2019-07-25T17:49:11-04:00,2019-08-15T15:33:04-04:00,https://cdn.shopify.com/s/files/1/1371/3197/products/BEAR-2-SPIRIT-CORK-NATURAL-YOGA-MAT-SUSTAINABLE-NON-TOXIC-TORONTO-CANADA-YOGA-EXERCISE-SUSTAINABLE.jpg?v=1632247683
scoria-power-bear-cork-yoga-mat-3-5mm,Day Bear Cork Yoga Mat | 3.5MM,scoria,"This item is a pre-order and ships on or before March 31st. Please note if you order in-stock items that you want to receive earlier, please make two separate orders.
SCORIA x AMY SAYS AMY
An artist collaboration representing nature's elements.
Improved sizing: This standard size is now upgraded to 26"" wide! Embrace the sweat. The Scoria Cork mat delivers traction when sweating with no slip. 
Features

Includes a free cotton mat carry strap

Backed by natural tree rubber (unlike other mats with synthetic TPE/PVC)
ultra-grip with sweat, lose the towel
naturally anti-microbial cork surface eliminating odor
sustainably harvested

for a non-toxic home or practice
Spritz water to activate sweat-grip in colder practices until body is warm.
Backed by a 1 Year Limited Warranty ~ find details here


Specs


 72"" x 26"" | 2.9 kg 

thickness: 3.5 mm (commute)
plastic free packaging
100% natural cork
FSC natural rubber

Possible allergens; natural rubber latex.
Special Artist Feature

This grounding bear illustration was created by Amy, a Canadian artist based in Vancouver. By day, Amy is a graphic designer who works in the natural health industry in beautiful downtown Vancouver.  Her motto is “A creative life is a hell of a lot more of an interesting life.” By night, she switches to her favourite gig, using creativity to paint. She takes on projects to illustrate for different brands across North America. Find Amy on Instagram! @amysaysamy
Clean & Care
Always roll CORK side out.Store in shade.No need to clean it often, as it is antimicrobial.Simply wipe with a soft cloth, soap & water.
Yogis Featured
@sarahxsphere, @ameliegoudreauyoga
Please note: due to the differences of screens, colours may differ slightly.",97,97,USD,3.5,mm,3.5MM,182.88,cm,"72"" x 26"" ",66.04,cm,"72"" x 26"" ",2.9,kg,2.9 kg,Cork,Grippy,Non-Slip; Antimicrobial,,1,true,1857071087659,power-bear-cork-yoga-mat-3-5mm,Scoria World,,3.5mm; art_creative; artist collection; Els PW 31855; thickness_3.5mm (commute); yoga mat,2019-08-15T00:29:47-04:00,2019-08-15T15:33:40-04:00,https://cdn.shopify.com/s/files/1/1371/3197/products/BEAR-POWER-DAY-TIME-CORK-NATURAL-YOGA-MAT-SUSTAINABLE-NON-TOXIC-TORONTO-CANADA-YOGA-EXERCISE-SUSTAINABLE_2499709e-c1b7-49c5-9c11-8eb9d428c65e.jpg?v=1632247632
scoria-chakra-alignment-cork-yoga-mat-4-5mm,Chakras Alignment Cork Yoga Mat | 4.5MM,scoria,"MINDFUL COLLECTION
The Chakras cork yoga mat from The Mindful Collection features quirky watercolor patterns that celebrate the body’s energy channels with a playful spirit and alignment lines.
Improved sizing: This standard size is now upgraded to 26"" wide! Embrace the sweat. The Scoria Cork mat delivers traction when sweating with no slip. 
Features

Includes a free cotton mat carry strap

Backed by natural tree rubber (unlike other mats with synthetic TPE/PVC)
ultra-grip with sweat, lose the towel
naturally anti-microbial cork surface eliminating odor
sustainably harvested

for a non-toxic home or practice
Spritz water to activate sweat-grip in colder practices until body is warm.
Backed by a 1 Year Limited Warranty ~ find details here


Specs


 72"" x 26"" | 3.1 kg 

thickness: 4.5mm (studio)
plastic free packaging
100% natural cork
FSC natural rubber

Possible allergens; natural rubber latex.
Clean & Care
Always roll CORK side out.Store in shade.No need to clean it often, as it is antimicrobial.Simply wipe with a soft cloth, soap & water.
Yogis Featured
@olga.mukasei, @haileymsalmeri, @pure.joy.yoga, @phia.flows, @all.in.jose
Please note: due to the differences of screens, colours may differ slightly.",107,107,USD,4.5,mm,4.5MM,182.88,cm,"72"" x 26"" ",66.04,cm,"72"" x 26"" ",3.1,kg,3.1 kg,Cork,Grippy,Non-Slip; Alignment Marks; Antimicrobial,,1,true,1838631125035,chakra-alignment-cork-yoga-mat-4-5mm,Scoria World,,4.5mm; art_creative; artist collection; everydayyogi; meditationlover; thickness_4.5mm (thick); yoga mat,2019-07-23T16:52:24-04:00,2019-08-15T15:34:10-04:00,https://cdn.shopify.com/s/files/1/1371/3197/products/CHAKRAS-CORK-YOGA-MAT-SCORIA-BEST-NON-TOXIC-2-updatedALIGNMENT-CORK-NATURAL-YOGA-MAT-SUSTAINABLE-NON-TOXIC-TORONTO-CANADA-YOGA-EXERCISE-SUSTAINABLE_8a6181f0-cdee-4d52-818a-099cdc69f245.jpg?v=1604728839
scoria-myco-forest-cork-yoga-mat-4-5mm,Myco Forest Cork Yoga Mat | 4.5MM,scoria,"EARTH TO SKY COLLECTION
The Myco Forest Mat celebrates the essential role of mushrooms in our ecosystem and their significance in the connectedness of all living beings. This art is also a reminder of earth's grounding and to let loose and embrace the liveliness of the soil from time to time.
Improved sizing: This standard size is now upgraded to 26"" wide! Embrace the sweat. The Scoria Cork mat delivers traction when sweating with no slip. 
Features

Includes a free cotton mat carry strap

Backed by natural tree rubber (unlike other mats with synthetic TPE/PVC)
ultra-grip with sweat, lose the towel
naturally anti-microbial cork surface eliminating odor
sustainably harvested
for a non-toxic home or practice
Spritz water to activate sweat-grip in colder practices until body is warm.
Backed by a 1 Year Limited Warranty ~ find details here


Specs
 


72"" x 26"" | 3.1 kg

thickness: 4.5mm (studio)
plastic free packaging
100% natural cork
FSC natural rubber

Possible allergens; natural rubber latex.
Clean & Care
Always roll CORK side out.Store in shade.No need to clean it often, as it is antimicrobial.Simply wipe with a soft cloth, soap & water.
Please note: due to the difference of digital screens, colours may differ slightly.
Yogis Featured
@earthtolalaine, @fitbymich_",107,107,USD,4.5,mm,4.5MM,182.88,cm,"72"" x 26"" ",66.04,cm,"72"" x 26"" ",3.1,kg,3.1 kg,Cork,Grippy,Eco-Friendly; Non-Slip; Antimicrobial,,1,true,7084675203115,myco-forest-cork-yoga-mat-4-5mm,Scoria,,4.5mm; adults; art_creative; Artist Collection; everydayyogi; ink; thickness_4.5mm (thick); yoga mat,2023-03-24T18:10:51-04:00,2023-03-24T18:25:44-04:00,https://cdn.shopify.com/s/files/1/1371/3197/files/Myco-Forest-Mushroom-Foraging-Forest-Cork-Natural-Sustainable-Yoga-Mat-Best-Toronto-Yoga-Mats-Organic-Eco-Environmental-Giving.jpg?v=1683139355
scoria-butterfly-cork-yoga-mat-4-5mm,Butterfly Cork Yoga Mat | 4.5MM,scoria,"LIFECYCLE COLLECTION
The Butterfly cork yoga mat, inspired by transformation and freedom, features bold butterfly art to bring a sense of movement and change to your practice.
Improved sizing: This standard size is now upgraded to 26"" wide! Embrace the sweat. The Scoria Cork mat delivers traction when sweating with no slip. 
Features

Includes a free cotton mat carry strap

Backed by natural tree rubber (unlike other mats with synthetic TPE/PVC)
ultra-grip with sweat, lose the towel
naturally anti-microbial cork surface eliminating odor
sustainably harvested

for a non-toxic home or practice
Spritz water to activate sweat-grip in colder practices until body is warm.
Backed by a 1 Year Limited Warranty ~ find details here


Specs


 72"" x 26"" | 3.1 kg 

thickness: 4.5mm (studio)
plastic free packaging
100% natural cork
FSC natural rubber

Possible allergens; natural rubber latex.
Clean & Care
Always roll CORK side out.Store in shade.No need to clean it often, as it is antimicrobial.Simply wipe with a soft cloth, soap & water.
Please note: due to the difference of digital screens, colours may differ slightly.
Yogis Featured
@bodybendyoga, @naturallysal",107,107,USD,4.5,mm,4.5MM,182.88,cm,"72"" x 26"" ",66.04,cm,"72"" x 26"" ",3.1,kg,3.1 kg,Cork,Grippy,Non-Slip; Antimicrobial,,1,true,6589049569323,butterfly-cork-yoga-mat-4-5mm,Scoria,Yoga Mat,4.5mm; adults; art_creative; Artist Collection; Els PW 10467:17238756786219; everydayyogi; ink; thickness_4.5mm (thick); yoga mat,2021-06-25T16:19:04-04:00,2021-08-12T09:17:23-04:00,https://cdn.shopify.com/s/files/1/1371/3197/products/scoria_websitecoverphoto_butterflymat_r1_080921.jpg?v=1628537010
scoria-mandala-cork-yoga-mat-4-5mm-collab-edition,Mandala Cork Yoga Mat | 4.5MM | Collab Edition,scoria,"SCORIA x MAYFLOWER

The Mandala cork yoga mat features hand-drawn patterns by a Toronto-based artist, inspired by a sense of balance and calm. Its soft, intricate lines create a serene space to slow down and reconnect with yourself.
Improved sizing: This standard size is now upgraded to 26"" wide! Embrace the sweat. The Scoria Cork mat delivers traction when sweating with no slip. 
Features

Includes a free cotton mat carry strap

Backed by natural tree rubber (unlike other mats with synthetic TPE/PVC)
ultra-grip with sweat, lose the towel
naturally anti-microbial cork surface eliminating odor
sustainably harvested

for a non-toxic home or practice
Spritz water to activate sweat-grip in colder practices until body is warm.
Backed by a 1 Year Limited Warranty ~ find details here


Specs


 72"" x 26"" | 3.1 kg 

thickness: 4.5mm (studio)
plastic free packaging
100% natural cork
FSC natural rubber

Possible allergens; natural rubber latex.
Special Artist Feature
Aram is an artist from Toronto. She studied Set & Costume Design at York University but slowly transitioned into tattooing. Aram specializes in fine linework and dainty designs. She is looking forward to many more collaborations like Scoria. Find Aram on Instagram! @mayflowerink
Clean & Care
Always roll CORK side out.Store in shade.No need to clean it often, as it is antimicrobial.Simply wipe with a soft cloth, soap & water.
Please note: due to the difference of digital screens, colours may differ slightly.
Yogis Featured
 @thenamastebae, @allyandnicholas, PC: Jessie Poisson",107,107,USD,4.5,mm,4.5MM,182.88,cm,"72"" x 26"" ",66.04,cm,"72"" x 26"" ",3.1,kg,3.1 kg,Cork,Grippy,Eco-Friendly; Non-Slip; Antimicrobial,,1,true,6589049798699,mandala-cork-yoga-mat-4-5mm-collab-edition,Scoria,Yoga Mat,4.5mm; adults; art_creative; Artist Collection; Els PW 10467:17238756786219; everydayyogi; ink; thickness_4.5mm (thick); yoga mat,2021-06-25T16:20:11-04:00,2021-08-12T09:17:07-04:00,https://cdn.shopify.com/s/files/1/1371/3197/products/scoria_websitecoverphoto_mandalamat_r1_080921.jpg?v=1628537239
scoria-owl-cork-yoga-mat-4-5mm,Owl Cork Yoga Mat | 4.5MM,scoria,"LIFECYCLE COLLECTION
The Owl Cork Mat from the Lifecycle Collection represents transformation and growth. The owl is a symbol of wisdom and intuition. The art is a reminder to embrace change and trust the journey as you deepen your practice.
Improved sizing: This standard size is now upgraded to 26"" wide! Embrace the sweat. The Scoria Cork mat delivers traction when sweating with no slip. 
Features

Includes a free cotton mat carry strap

Backed by natural tree rubber (unlike other mats with synthetic TPE/PVC)
ultra-grip with sweat, lose the towel
naturally anti-microbial cork surface eliminating odor
sustainably harvested

for a non-toxic home or practice
Spritz water to activate sweat-grip in colder practices until body is warm.
Backed by a 1 Year Limited Warranty ~ find details here


Specs


 72"" x 26"" | 3.1 kg 

thickness: 4.5mm (studio)
plastic free packaging
100% natural cork
FSC natural rubber

Possible allergens; natural rubber latex.
Clean & Care
Always roll CORK side out.Store in shade.No need to clean it often, as it is antimicrobial.Simply wipe with a soft cloth, soap & water.
Yogis Featured
@mystikmat
Please note: due to the differences of screens, colours may differ slightly.",107,107,USD,4.5,mm,4.5MM,182.88,cm,"72"" x 26"" ",66.04,cm,"72"" x 26"" ",3.1,kg,3.1 kg,Cork,Grippy,Non-Slip; Antimicrobial,,1,true,6589050290219,owl-cork-yoga-mat-4-5mm,Scoria,Yoga Mat,4.5mm; adults; art_creative; Artist Collection; Els PW 10467:17238756786219; ink; maninyourlife; newyogi; sale; thickness_4.5mm (thick); yoga mat,2021-06-25T16:22:15-04:00,2021-08-12T09:16:47-04:00,https://cdn.shopify.com/s/files/1/1371/3197/products/scoria_websitecoverphoto_owlmat_r1_080921.jpg?v=1628537929
scoria-revolve-cork-yoga-mat,Revolve Cork Yoga Mat | 4.5MM,scoria,"This item is a pre-order and ships on or before March 31, 2026. Please note if you order in-stock items that you want to receive earlier, please make two separate orders.
RETH-INK COLLECTION
The Revolve Yoga Mat features a design inspired by minimalist 90s art, adorned with lines and dots that create a harmonious visual flow. Its central line promotes structured balance, guiding you to align your practice and cultivate symmetry in your movements.
Improved sizing: This standard size is now upgraded to 26"" wide! Embrace the sweat. The Scoria Cork mat delivers traction when sweating with no slip. 
Features

Includes a free cotton mat carry strap

Backed by natural tree rubber (unlike other mats with synthetic TPE/PVC)
ultra-grip with sweat, lose the towel
naturally anti-microbial cork surface eliminating odor
sustainably harvested

for a non-toxic home or practice
Spritz water to activate sweat-grip in colder practices until body is warm.
Backed by a 1 Year Limited Warranty ~ find details here


Specs


 72"" x 26"" | 3.1 kg 

thickness: 4.5mm (studio)
plastic free packaging
100% natural cork
FSC natural rubber

Possible allergens; natural rubber latex.
Clean & Care
Always roll CORK side out.Store in shade.No need to clean it often, as it is antimicrobial.Simply wipe with a soft cloth, soap & water.
Yogis Featured
@yoga.with.greg
Please note: due to the differences of screens, colours may differ slightly.",104,104,USD,4.5,mm,4.5MM,182.88,cm,"72"" x 26"" ",66.04,cm,"72"" x 26"" ",3.1,kg,3.1 kg,Cork,Grippy,Non-Slip; Antimicrobial,,1,true,1347082321963,revolve-cork-yoga-mat,Scoria World,,4.5mm; art_creative; artist collection; Els PW 31855; maninyourlife; newyogi; sale; thickness_4.5mm (thick); yoga mat,2018-06-20T00:49:04-04:00,2018-04-19T14:25:42-04:00,https://cdn.shopify.com/s/files/1/1371/3197/products/REVOLVE-ALIGNMENT-LINES-ALIGN-YOUR-POSTURE-BALANCE-CORK-NATURAL-YOGA-MAT-SUSTAINABLE-NON-TOXIC-TORONTO-CANADA-YOGA-EXERCISE-SUSTAINABLE.jpg?v=1604729835
scoria-unicorn-adults-cork-yoga-mat-3-5mm,Unicorn Adults Cork Yoga Mat | 4.5MM,scoria,"INNER-CHILD COLLECTION
One of our new Inner-Child Collection additions, the Unicorn Cork Mat. Grown ups have fun too! Match your little one with our Kids Unicorn Cork mat or play, have fun solo on this quirky print. Don't fret the sweat. The Scoria Cork mat delivers supreme traction when sweating with no slip. 
Improved sizing: This standard size is now upgraded to 26"" wide! Embrace the sweat. The Scoria Cork mat delivers traction when sweating with no slip. 
Features

Includes a free cotton mat carry strap

Backed by natural tree rubber (unlike other mats with synthetic TPE/PVC)
ultra-grip with sweat, lose the towel
naturally anti-microbial cork surface eliminating odor
sustainably harvested

for a non-toxic home or practice
Spritz water to activate sweat-grip in colder practices until body is warm.
Backed by a 1 Year Limited Warranty ~ find details here


Specs


 72"" x 26"" | 2.9 kg 

thickness: 4.5mm (studio)
plastic free packaging
100% natural cork
FSC natural rubber

Possible allergens; natural rubber latex.
Clean & Care
Always roll CORK side out.Store in shade.No need to clean it often, as it is antimicrobial.Simply wipe with a soft cloth, soap & water.
Yogis Featured

N/A
Please note: due to the differences of screens, colours may differ slightly.",99,99,USD,4.5,mm,4.5MM (Thick),182.88,cm,"72"" x 26"" ",66.04,cm,"72"" x 26"" ",2.9,kg,2.9 kg,Cork,Grippy,Non-Slip; Antimicrobial,,1,true,4852349698091,unicorn-adults-cork-yoga-mat-3-5mm,Scoria World,,4.5mm; art_creative; artist collection; sale; thickness_4.5mm (thick); yoga mat,2020-11-26T14:45:12-05:00,2022-11-02T21:07:45-04:00,https://cdn.shopify.com/s/files/1/1371/3197/products/2020-UNICORN-ADULTS-SCORIA-CORK-NATURAL-YOGA-MAT-SUSTAINABLE-NON-TOXIC-TORONTO-CANADA-YOGA-EXERCISE-SUSTAINABLEcopy_60e85edd-0819-4fd7-938f-93d60e4a84ca_1_copy_1.jpg?v=1606420071
scoria-alignment-yoga-mat,Inner Child Alignment Cork Yoga Mat | 3.5MM,scoria,"sold out | to be discontinued
INNER-CHILD COLLECTION
The Inner Child Alignment Mat is part of Scoria's first collection, of art inspired by children's stories to encourage connecting with a childlike spirit. The print helps alignment of postures, guiding the feet placement in Warrior II, Lunges and adding creativity during asana transitions in a fun way.
Improved sizing: This standard size is now upgraded to 26"" wide! Embrace the sweat. The Scoria Cork mat delivers traction when sweating with no slip. 
Features

Includes a free cotton mat carry strap

Backed by natural tree rubber (unlike other mats with synthetic TPE/PVC)
ultra-grip with sweat, lose the towel
naturally anti-microbial cork surface eliminating odor
sustainably harvested

for a non-toxic home or practice
Spritz water to activate sweat-grip in colder practices until body is warm.
Backed by a 1 Year Limited Warranty ~ find details here


Specs


 72"" x 26"" | 2.9 kg 

thickness: 3.5 mm (commute)
plastic free packaging
100% natural cork
FSC natural rubber

Possible allergens; natural rubber latex.
Clean & Care
Always roll CORK side out.Store in shade.No need to clean it often, as it is antimicrobial.Simply wipe with a soft cloth, soap & water.
Yogis Featured
@karlatafra, @holistical, @spletko, @yogi.bree, @kerispilatesroom
Please note: due to the differences of screens, colours may differ slightly.",97,97,USD,3.5,mm,3.5MM,182.88,cm,"72"" x 26"" ",66.04,cm,"72"" x 26"" ",2.9,kg,2.9 kg,Cork,Grippy,Non-Slip; Alignment Marks; Antimicrobial,,1,false,9021239245,alignment-yoga-mat,Scoria,Yoga Mat,3.5mm; adults; art_creative; artist collection; signature; thickness_3.5mm (commute); yoga mat,2017-02-07T10:45:00-05:00,2024-06-04T18:39:24-04:00,https://cdn.shopify.com/s/files/1/1371/3197/products/SCORIA-PINK-ALIGNMENT-FISH-PATTERN-PLAIN-BARE-CORK-NATURAL-YOGA-MAT-SUSTAINABLE-NON-TOXIC-TORONTO-CANADA-YOGA-EXERCISE-SUSTAINABLE.jpg?v=1566350480
scoria-connection-yoga-mat,Connection Cork Yoga Mat | 3.5MM,scoria,"INNER-CHILD COLLECTION
The Connection Mat is part of Scoria's first collection, inspired by children's imaginations to encourage connecting with a childlike spirit and embracing unique quirks.
Improved sizing: This standard size is now upgraded to 26"" wide! Embrace the sweat. The Scoria Cork mat delivers traction when sweating with no slip. 
Features

Includes a free cotton mat carry strap

Backed by natural tree rubber (unlike other mats with synthetic TPE/PVC)
ultra-grip with sweat, lose the towel
naturally anti-microbial cork surface eliminating odor
sustainably harvested

for a non-toxic home or practice
Spritz water to activate sweat-grip in colder practices until body is warm.
Backed by a 1 Year Limited Warranty ~ find details here


Specs


 72"" x 26"" | 2.9 kg 

thickness: 3.5 mm (commute)
plastic free packaging
100% natural cork
FSC natural rubber

Possible allergens; natural rubber latex.
About the Art

This yoga mat, designed by the shop owner, features art inspired by children’s stories, encouraging adults to rewild their playful spirit. The Connection Mat interprets tales from 5- to 7-year-olds fascinated by the mountains and their pet fish. It’s part of our first collection, 'Inner Child,' which serves as the foundation of our brand and marks the birth of Scoria.
Clean & Care
Always roll CORK side out.Store in shade.No need to clean it often, as it is antimicrobial.Simply wipe with a soft cloth, soap & water.
Yogis Featured
@jess_likethat_, @adark.lana, @carleebyoga, @humberly,@danielle_radulski, @xulian, @dr_kaufman, @fitcityguide
Please note: due to the differences of screens, colours may differ slightly.",97,97,USD,3.5,mm,3.5MM,182.88,cm,"72"" x 26"" ",66.04,cm,"72"" x 26"" ",2.9,kg,2.9 kg,Cork,Grippy,Non-Slip; Alignment Marks; Antimicrobial,,1,true,9022646605,connection-yoga-mat,Scoria World,Yoga Mat,art_creative; artist collection; sale; thickness_3.5mm (commute); yoga mat,2017-02-07T13:33:48-05:00,2017-02-07T13:13:00-05:00,https://cdn.shopify.com/s/files/1/1371/3197/products/SCORIA-CONNECTION-CORK-NATURAL-YOGA-MAT-SUSTAINABLE-NON-TOXIC-TORONTO-CANADA-YOGA-EXERCISE-SUSTAINABLE.jpg?v=1585704100
scoria-travel-essential-cork-yoga-mat-2mm,Travel Essential Cork Yoga Mat | 2MM,scoria,"This item is a pre-order and ships on or before March 31st. Please note if you order in-stock items that you want to receive earlier, please make two separate orders.
ESSENTIAL COLLECTION
Lightweight and easy to carry, this mat conveniently fits in your mid to large-sized luggage or can be slung across your body as a personal item on a plane. Embrace the sweat—Scoria Cork Mats provide great sweat traction, keeping you steady during your intense sweaty practices.
Features

Includes a free cotton mat carry strap

Backed by natural tree rubber (unlike other mats with synthetic TPE/PVC)
ultra-grip with sweat, lose the towel
naturally anti-microbial cork surface eliminating odor
sustainably harvested

for a non-toxic home or practice
Spritz water to activate sweat-grip in colder practices until body is warm.
Backed by a 1 Year Limited Warranty ~ find details here


Specs


 72"" x 24"" | 1.9 kg 

thickness: 2mm (travel)
plastic free packaging
100% natural cork
FSC natural rubber

Possible allergens; natural rubber latex.
Clean & Care
Always roll CORK side out.Store in shade.No need to clean it often, as it is antimicrobial.Simply wipe with a soft cloth, soap & water.
Yogis Featured
@olga.mukasei, @haileymsalmeri, @pure.joy.yoga, @laurawinshipphotography
Please note: due to the differences of screens, colours may differ slightly.",59,59,USD,2,mm,2MM,182.88,cm,"72"" x 24"" ",60.96,cm,"72"" x 24"" ",1.9,kg,1.9 kg,Cork,Grippy,Non-Slip; Lightweight; Travel; Antimicrobial,,1,true,4352384335915,travel-essential-cork-yoga-mat-2mm,Scoria,,2mm; adults; art_minimal; artist collection; Els PW 31855; essential; Essential Mats; essentials; maninyourlife; thickness_2mm (travel); yoga mat,2019-12-02T00:38:15-05:00,2019-12-02T00:38:15-05:00,https://cdn.shopify.com/s/files/1/1371/3197/products/scoria_websitecoverphoto_travel_essential_021122.jpg?v=1644868517
scoria-travel-chakras-alignment-cork-yoga-mat-2mm,Travel Artist Cork Yoga Mat | 2MM,scoria,"you can choose from the style options available
TRAVEL COLLECTION
Lightweight and easy to carry, this mat conveniently fits in your mid to large-sized luggage or can be slung across your body as a personal item on a plane. Embrace the sweat—Scoria Cork Mats provide great sweat traction, keeping you steady during your intense sweaty practices.
Features

Includes a free cotton mat carry strap

Backed by natural tree rubber (unlike other mats with synthetic TPE/PVC)
ultra-grip with sweat, lose the towel
naturally anti-microbial cork surface eliminating odor
sustainably harvested

for a non-toxic home or practice
Spritz water to activate sweat-grip in colder practices until body is warm.
Backed by a 1 Year Limited Warranty ~ find details here


Specs


 72"" x 24"" | 1.9 kg 

thickness: 2mm (travel)
plastic free packaging
100% natural cork
FSC natural rubber

Possible allergens; natural rubber latex.
Clean & Care
Always roll CORK side out.Store in shade.No need to clean it often, as it is antimicrobial.Simply wipe with a soft cloth, soap & water.
Yogis Featured
@olga.mukasei, @haileymsalmeri, @pure.joy.yoga, @laurawinshipphotography
Please note: due to the differences of screens, colours may differ slightly.",69,69,USD,2,mm,Chakras (2mm),182.88,cm,"72"" x 24"" ",60.96,cm,"72"" x 24"" ",1.9,kg,1.9 kg,Cork,Grippy,Non-Slip; Lightweight; Travel; Antimicrobial,,4,true,6779477524523,travel-chakras-alignment-cork-yoga-mat-2mm,Scoria World,,2mm; art_creative; artist collection; everydayyogi; thickness_2mm (travel); yoga mat,2022-02-22T12:49:15-05:00,2022-02-22T12:52:47-05:00,https://cdn.shopify.com/s/files/1/1371/3197/files/Scoria-Travel-Cork-Natural-Sustainable-Yoga-Mat-Selection-Artist.jpg?v=1688499435
scoria-x-wide-essential-cork-yoga-mat-4-5mm,X-WIDE Essential Cork Yoga Mat | 4.5MM,scoria,"ESSENTIAL COLLECTION
Updated width: Our wide mat is 30"" wide giving you 4"" extra inches from our currently new updated standard mats! Don't fret the sweat, embrace it. The Scoria Cork mat delivers supreme traction when sweating with no slip. 
Features

Comes with our cotton mat carry strap

Backed by natural tree rubber unlike other mats with synthetic TPE/PVC
ultra-grip with sweat, lose the towel
naturally anti-microbial cork surface eliminating odor
sustainably harvested
perfect for hot yoga, gentle yoga, meditation, stretching
for a non-toxic home or practice
Spray with water to activate sweat-grip in cold practices until body is warm.
Backed by a 1 Year Limited Warranty ~ find details here


Scoria Gives
Every purchase makes an impact! Portion of proceeds empower Indigenous youth through play-based education promoting healthy living and life-skills  ~ learn more
Specs


72"" x 30"" | 4 kg

thickness: 4.5mm (studio)
plastic free packaging
100% natural cork and rubber

Possible allergens; natural rubber latex.
Use & Care
After sweating, lay the mat to dry, then roll & store.Always roll CORK side out.Store in shade and avoid long sun exposure.To clean, simply wipe with a cloth, a little soap and warm water.Not machine washable. 



Please note: due to the difference of digital screens, colours may differ slightly.",109,109,USD,4.5,mm,4.5MM,182.88,cm,"72"" x 30"" ",76.2,cm,"72"" x 30"" ",4,kg,4 kg,Cork,Grippy,Non-Slip,,1,true,6770934972459,x-wide-essential-cork-yoga-mat-4-5mm,Scoria,,4.5mm; adults; art_minimal; artist collection; essential; Essential Mats; essentials; large; maninyourlife; meditationlover; size_extra wide; thickness_4.5mm (thick); x-wide; yoga mat,2022-02-11T11:42:28-05:00,2022-02-28T13:25:35-05:00,https://cdn.shopify.com/s/files/1/1371/3197/products/scoria_websitecoverphoto_xwide_essentials_v2_r2_021122.jpg?v=1644868774
scoria-tall-essential-cork-yoga-mat-3-5mm-6-8-tall,X-TALL Cork Yoga Mat | 6′7 | 4.5MM,scoria,"ESSENTIAL COLLECTION
Our longest mat to date at 80"" long! And, it is now updated to 28"" width to give you more room. Don't fret the sweat, Scoria Cork mat delivers supreme traction when sweating with no slip. 
Features

Includes a free cotton mat carry strap

Backed by natural tree rubber (unlike other mats with synthetic TPE/PVC)
ultra-grip with sweat, lose the towel
naturally anti-microbial cork surface eliminating odor
sustainably harvested

for a non-toxic home or practice
Spritz water to activate sweat-grip in colder practices until body is warm.
Backed by a 1 Year Limited Warranty ~ find details here


Specs

80"" x 28"" | 4.4 kg 
thickness: 4.5mm (studio)
plastic free packaging
100% natural cork
FSC-certified Natural rubber 

Possible allergens; natural rubber latex.
Clean & Care
Always roll CORK side out.Store in shade.No need to clean it often, as it is antimicrobial.Simply wipe with a soft cloth, soap & water.
Yogis featured
@patritsiyadrake
Please note: due to the difference of digital screens, colours may differ slightly.",110,110,USD,4.5,mm,4.5MM,203.2,cm,"80"" x 28"" ",71.12,cm,"80"" x 28"" ",4.4,kg,4.4 kg,Cork,Grippy,Non-Slip; Antimicrobial,,1,true,4376449581099,tall-essential-cork-yoga-mat-3-5mm-6-8-tall,Scoria,,4.5mm; adults; art_minimal; artist collection; essential; Essential Mats; essentials; large; maninyourlife; size_extra tall; thickness_4.5mm (thick); x-tall; yoga mat,2020-01-28T14:14:54-05:00,2020-01-28T14:14:54-05:00,https://cdn.shopify.com/s/files/1/1371/3197/products/scoria_websitecoverphoto_xtall_essential_021122.jpg?v=1644868600
scoria-x-large-printed-blossom,X-TALL Blossom Cork Yoga Mat | 6'7 long | 4.5MM,scoria,"RETH-INK COLLECTION
Our longest mat to date at 80"" long! And, it is now updated to 28"" width to give you more room. Don't fret the sweat, Scoria Cork mat delivers supreme traction when sweating with no slip. The Blossom cork yoga mat, with calming greyscale leaf prints, symbolizes growth and renewal—inviting a mindful connection with nature in every practice. 
Features

Includes a free cotton mat carry strap

Backed by natural tree rubber (unlike other mats with synthetic TPE/PVC)
ultra-grip with sweat, lose the towel
naturally anti-microbial cork surface eliminating odor
sustainably harvested

for a non-toxic home or practice
Spritz water to activate sweat-grip in colder practices until body is warm.
Backed by a 1 Year Limited Warranty ~ find details here


Specs

80"" x 28"" | 4.4 kg 
thickness: 4.5mm (studio)
plastic free packaging
100% natural cork
FSC-certified Natural rubber 

Possible allergens; natural rubber latex.
Clean & Care
Always roll CORK side out.Store in shade.No need to clean it often, as it is antimicrobial.Simply wipe with a soft cloth, soap & water.
Yogis featured
@jia_goddess, @matthewbonasyoga
Please note: due to the difference of digital screens, colours may differ slightly.",119,119,USD,4.5,mm,4.5MM,203.2,cm,"80"" x 28"" ",71.12,cm,"80"" x 28"" ",4.4,kg,4.4 kg,Cork,Grippy,Non-Slip; Antimicrobial,,1,true,4484404969515,x-large-printed-blossom,Scoria,Yoga Mat,4.5mm; adults; art_creative; Artist Collection; Els PW 10467:17238756786219; ink; large; size_extra tall; thickness_4.5mm (thick); x-tall; yoga mat,2020-06-26T17:44:44-04:00,2020-06-27T15:26:57-04:00,https://cdn.shopify.com/s/files/1/1371/3197/products/scoria_websitecoverphoto_xtall_blossom_021122.jpg?v=1644868371
scoria-x-tall-moon-phases-cork-yoga-mat-67-long-4-5mm,X-Tall Moon Phases Cork Yoga Mat | 6'7 long | 4.5MM,scoria,"Mindful Collection
The Moon Phases mat mirrors the moon's cycles, reflecting that we go through phases too. Framed by a vibrant yellow border inspired by the sun's light. It honors a subtle hint of the sun-moon relationship that brings each phase to life
Improved sizing: Our longest mat to date at 80"" long! And, it is now updated to 28"" width to give you more room. Don't fret the sweat, Scoria Cork mat delivers supreme traction when sweating with no slip.
Features

Includes a free cotton mat carry strap

Backed by natural tree rubber (unlike other mats with synthetic TPE/PVC)
ultra-grip with sweat, lose the towel
naturally anti-microbial cork surface eliminating odor
sustainably harvested

for a non-toxic home or practice
Spritz water to activate sweat-grip in colder practices until body is warm.
Backed by a 1 Year Limited Warranty ~ find details here


Specs

 X-Tall: 80"" x 28"" | 4.4 kg 
thickness: 4.5mm (studio)
plastic free packaging
100% natural cork
FSC-certified Natural rubber 

Possible allergens; natural rubber latex.
Clean & Care
Always roll CORK side out.Store in shade.No need to clean it often, as it is antimicrobial.Simply wipe with a soft cloth, soap & water.
Yogis Featured
@brownandbendy, @yahwehflowyoga, @thealchmeyflow, @wally.yoga
Please note: due to the difference of digital screens, colours may differ slightly.",119,119,USD,4.5,mm,4.5MM,203.2,cm,"80"" x 28"" ",71.12,cm,"80"" x 28"" ",4.4,kg,4.4 kg,Cork,Grippy,Non-Slip; Antimicrobial,,1,true,7323631288363,x-tall-moon-phases-cork-yoga-mat-67-long-4-5mm,Scoria,Yoga Mat,4.5mm; adults; art_creative; Artist Collection; Els PW 10467:17238756786219; ink; large; size_extra tall; thickness_4.5mm (thick); x-tall; yoga mat,2025-02-07T22:27:52-05:00,2025-02-20T12:09:16-05:00,https://cdn.shopify.com/s/files/1/1371/3197/files/Moon_Phases_X-Tall_Cork_Yoga_Mat_Natural_Sustainable_eco-friendly_SCORIA_best_hot_yoga_mats_0588d389-4fd1-4365-9937-2dda22c8a43a.png?v=1743616730
scoria-extra-thick-essential-cork-yoga-mat-6mm,X-Thick Essential Cork Yoga Mat | 6MM,scoria,"This item is a pre-order and ships on or before March 31st. Please note if you order in-stock items that you want to receive earlier, please make two separate orders.
ESSENTIAL COLLECTION
Improved sizing: The standard size of this mat is now 26"" wide! Embrace the sweat. The Scoria Cork mat delivers supreme traction when sweating with no slip. Even though it's heavier, we made it for you! Our thickest mat yet for knee-comfort.
Features

Comes with our cotton mat carry strap

Backed by natural tree rubber unlike other mats with synthetic TPE/PVC
ultra-grip with sweat, lose the towel
naturally anti-microbial cork surface eliminating odor
sustainably harvested
perfect for hot yoga, gentle yoga, meditation, stretching
for a non-toxic home or practice
Spray with water to activate sweat-grip in cold practices until body is warm.
Backed by a 1 Year Limited Warranty ~ find details here 


Specs


72"" x 26"" | 4.5 kg 

thickness: 6mm (X-Thick)
plastic free packaging
100% natural cork and rubber

Possible allergens; natural rubber latex.
Scoria Gives
Every purchase makes an impact! Portion of proceeds empower Indigenous youth through play-based education promoting healthy living and life-skills  ~ learn more
USE & CARE
After sweating, lay the mat to dry, then roll & store.Always roll CORK side out.Store in shade and avoid long sun exposure.To clean, simply wipe with a cloth, a little soap and warm water.Not machine washable.
Yogis featured
@fallingcoconutsstudio
Please note: due to the difference of digital screens, colours may differ slightly.",110,110,USD,6,mm,6MM,182.88,cm,"72"" x 26"" ",66.04,cm,"72"" x 26"" ",4.5,kg,4.5 kg,Cork,Grippy,Non-Slip,,1,true,4403549929515,extra-thick-essential-cork-yoga-mat-6mm,Scoria,,6mm; adults; art_minimal; artist collection; Els PW 31855; essential; Essential Mats; essentials; large; maninyourlife; meditationlover; thickness_6mm (extra thick); x-thick; yoga mat,2020-03-28T23:15:38-04:00,2020-03-30T16:39:58-04:00,https://cdn.shopify.com/s/files/1/1371/3197/products/scoria_websitecoverphoto_xthick_essential_021122.jpg?v=1644868643
scoria-x-thick-moon-phases-cork-yoga-mat-6mm,X-Thick Moon Phases Cork Yoga Mat | 6MM,scoria,"MINDFUL COLLECTION
The Moon Phases mat mirrors the moon's cycles, reflecting that we go through phases too.  Framed by a vibrant yellow border inspired by the sun’s light, it honors a subtle hint of the sun-moon relationship that brings each phase to life.
Improved sizing: This standard size is now upgraded to 26"" wide! Embrace the sweat. The Scoria Cork mat delivers traction when sweating with no slip. 
Features

Includes a free cotton mat carry strap

Backed by natural tree rubber (unlike other mats with synthetic TPE/PVC)
ultra-grip with sweat, lose the towel
naturally anti-microbial cork surface eliminating odor
sustainably harvested

for a non-toxic home or practice
Spritz water to activate sweat-grip in colder practices until body is warm.
Backed by a 1 Year Limited Warranty ~ find details here


Specs


 72"" x 26"" | 4 kg 

thickness: 6mm (x-thick)
plastic free packaging
100% natural cork
FSC natural rubber

Possible allergens; natural rubber latex.
Clean & Care
Always roll CORK side out.Store in shade.No need to clean it often, as it is antimicrobial.Simply wipe with a soft cloth, soap & water.
Yogis Featured
@brownandbendy, @yahwehflowyoga, @thealchmeyflow, @wally.yoga
Please note: due to the differences of screens, colours may differ slightly.",119,119,USD,6,mm,6MM,182.88,cm,"72"" x 26"" ",66.04,cm,"72"" x 26"" ",4,kg,4 kg,Cork,Grippy,Non-Slip; Antimicrobial,,1,true,7293624909867,x-thick-moon-phases-cork-yoga-mat-6mm,Scoria,Yoga Mat,6mm; adults; art_creative; Artist Collection; Els PW 10467:17238756786219; ink; meditationlover; thickness_6mm (extra thick); yoga mat,2024-12-02T18:06:50-05:00,2024-12-02T18:15:50-05:00,https://cdn.shopify.com/s/files/1/1371/3197/files/Moon-Phases-X-Thick-Cork-Yoga-Mat-Sustainable-Best-Natural-Eco-Friendly-Yoga-Mats-Canada-USA.png?v=1743617060
scoria-tree-of-life-alignment-cork-yoga-mat-6mm,X-Thick Tree of Life Alignment Cork Yoga Mat | 6MM,scoria,"LIFECYCLE COLLECTION
This print, created by Scoria's founder, helps properly align postures with a centre line in the middle, corners and lines for hands and feet to assist in a variety of asana placements for any body size. Designed specifically for both alignment and harmony intertwined.
Improved sizing: This standard size is now upgraded to 26"" wide! Embrace the sweat. The Scoria Cork mat delivers traction when sweating with no slip.
Features

Includes a free cotton mat carry strap

Backed by natural tree rubber (unlike other mats with synthetic TPE/PVC)
ultra-grip with sweat, lose the towel
naturally anti-microbial cork surface eliminating odor
sustainably harvested

for a non-toxic home or practice
Spritz water to activate sweat-grip in colder practices until body is warm.
Backed by a 1 Year Limited Warranty ~ find details here


Specs


 72"" x 26"" | 4 kg 

thickness: 6mm (x-thick)
plastic free packaging
100% natural cork
FSC natural rubber

Possible allergens; natural rubber latex.
Clean & Care
Always roll CORK side out.Store in shade.No need to clean it often, as it is antimicrobial.Simply wipe with a soft cloth, soap & water.
Yogis Featured
@hugoilopes, @raichleekelly
Please note: due to the differences of screens, colours may differ slightly.",119,119,USD,6,mm,6MM,182.88,cm,"72"" x 26"" ",66.04,cm,"72"" x 26"" ",4,kg,4 kg,Cork,Grippy,Non-Slip; Alignment Marks; Antimicrobial,,1,true,6779468775467,tree-of-life-alignment-cork-yoga-mat-6mm,Scoria,Yoga Mat,6mm; adults; art_creative; Artist Collection; Els PW 10467:17238756786219; ink; meditationlover; newyogi; thickness_6mm (extra thick); yoga mat,2022-02-22T12:39:53-05:00,2022-02-22T12:43:43-05:00,https://cdn.shopify.com/s/files/1/1371/3197/products/scoria-tree-of-life-extra-thick-cork-yog-mat.jpg?v=1645843825
scoria-x-thick-botanicals-cork-yoga-mat-6mm,X-Thick Botanicals Cork Yoga Mat | 6MM,scoria,"This item is a pre-order and ships on or before March 31st. Please note if you order in-stock items that you want to receive earlier, please make two separate orders.
RETH-INK COLLECTION
The Botanicals cork yoga mat, inspired by desert blooms and vibrant plant life, energizes practice with its colorful cactus and floral designs.
Improved sizing:This standard size is now upgraded to 26"" wide! Embrace the sweat. The Scoria Cork mat delivers traction when sweating with no slip. 
Features

Includes a free cotton mat carry strap

Backed by natural tree rubber (unlike other mats with synthetic TPE/PVC)
ultra-grip with sweat, lose the towel
naturally anti-microbial cork surface eliminating odor
sustainably harvested

for a non-toxic home or practice
Spritz water to activate sweat-grip in colder practices until body is warm.
Backed by a 1 Year Limited Warranty ~ find details here


Specs


 72"" x 26"" | 4 kg 

thickness: 6mm (x-thick)
plastic free packaging
100% natural cork
FSC natural rubber

Possible allergens; natural rubber latex.
Clean & Care
Always roll CORK side out.Store in shade.No need to clean it often, as it is antimicrobial.Simply wipe with a soft cloth, soap & water.
YOGIS FEATURED
@kerispilatesroom, @_lenakleine_, @ataraxiabocasdeltoro, @dr_kaufman, @yogabybiola
Please note: due to the difference of digital screens, colours may differ slightly.",119,119,USD,6,mm,6MM,182.88,cm,"72"" x 26"" ",66.04,cm,"72"" x 26"" ",4,kg,4 kg,Cork,Grippy,Non-Slip; Antimicrobial,,1,true,6541948289067,x-thick-botanicals-cork-yoga-mat-6mm,Scoria,,6mm; adults; art_creative; artist collection; Els PW 10467:30094635827243; Els PW 31855; ink; large; thickness_6mm (extra thick); x thick; yoga mat,2021-03-08T14:35:49-05:00,2021-03-29T20:36:06-04:00,https://cdn.shopify.com/s/files/1/1371/3197/files/Botanicals-X-Thick-Cork-Yoga-Mat-Sustainable-Best-Natural-Eco-Friendly-Yoga-Mats-Canada-USA.jpg?v=1733179155
scoria-x-thick-mycoforest-cork-yoga-mat-6mm,X-Thick Myco Forest Cork Yoga Mat | 6MM,scoria,"EARTH TO SKY COLLECTION
The Myco Forest Mat celebrates the essential role of mushrooms in our ecosystem and their significance in the connectedness of all living beings. This art is also a reminder of earth's grounding and to let loose and embrace the liveliness of the soil from time to time.
Improved sizing: This standard size is now upgraded to 26"" wide! Embrace the sweat. The Scoria Cork mat delivers traction when sweating with no slip. 
Features

Includes a free cotton mat carry strap

Backed by natural tree rubber (unlike other mats with synthetic TPE/PVC)
ultra-grip with sweat, lose the towel
naturally anti-microbial cork surface eliminating odor
sustainably harvested

for a non-toxic home or practice
Spritz water to activate sweat-grip in colder practices until body is warm.
Backed by a 1 Year Limited Warranty ~ find details here


Specs


 72"" x 26"" | 4 kg

thickness: 6 mm (x-thick)
plastic free packaging
100% natural cork
FSC natural rubber

Possible allergens; natural rubber latex.
Clean & Care
Always roll CORK side out.Store in shade.No need to clean it often, as it is antimicrobial.Simply wipe with a soft cloth, soap & water.
Please note: due to the difference of digital screens, colours may differ slightly.
Yogis Featured
@earthtolalaine, 
@fitbymich_",117,117,USD,6,mm,6MM,182.88,cm,"72"" x 26"" ",66.04,cm,"72"" x 26"" ",4,kg,4 kg,Cork,Grippy,Eco-Friendly; Non-Slip; Antimicrobial,,1,true,7399161757739,x-thick-mycoforest-cork-yoga-mat-6mm,Scoria,Yoga Mat,6mm; adults; art_creative; Artist Collection; Els PW 10467:17238756786219; ink; meditationlover; thickness_6mm (extra thick); yoga mat,2025-06-18T15:39:12-04:00,2025-06-18T18:31:45-04:00,https://cdn.shopify.com/s/files/1/1371/3197/files/X-Thick-Scoria-Myco-Forest-Yoga-Mat-Cork-Natural-Sustainable-Canada-USA-Best-Yoga-Mats-Non-Toxic.jpg?v=1750275828
scoria-x-thick-butterfly-cork-yoga-mat-6mm,X-Thick Butterfly Cork Yoga Mat | 6MM,scoria,"LIFECYCLE COLLECTION
The Butterfly cork yoga mat, inspired by transformation and freedom, features bold butterfly art to bring a sense of movement and change to your practice.
Improved sizing: This standard size is now upgraded to 26"" wide! Embrace the sweat. The Scoria Cork mat delivers traction when sweating with no slip. 
Features

Includes a free cotton mat carry strap

Backed by natural tree rubber (unlike other mats with synthetic TPE/PVC)
ultra-grip with sweat, lose the towel
naturally anti-microbial cork surface eliminating odor
sustainably harvested

for a non-toxic home or practice
Spritz water to activate sweat-grip in colder practices until body is warm.
Backed by a 1 Year Limited Warranty ~ find details here


Specs


 72"" x 26"" | 4 kg 

thickness: 6mm (x-thick)
plastic free packaging
100% natural cork
FSC natural rubber

Possible allergens; natural rubber latex.
Clean & Care
Always roll CORK side out.Store in shade.No need to clean it often, as it is antimicrobial.Simply wipe with a soft cloth, soap & water.
Please note: due to the difference of digital screens, colours may differ slightly.
Yogis Featured
@bodybendyoga, @naturallysal",117,117,USD,6,mm,6MM,182.88,cm,"72"" x 26"" ",66.04,cm,"72"" x 26"" ",4,kg,4 kg,Cork,Grippy,Non-Slip; Antimicrobial,,1,true,7399178600491,x-thick-butterfly-cork-yoga-mat-6mm,Scoria,Yoga Mat,6mm; adults; art_creative; Artist Collection; Els PW 10467:17238756786219; ink; meditationlover; thickness_6mm (extra thick); x-thick; yoga mat,2025-06-18T16:08:15-04:00,2025-06-18T18:32:02-04:00,https://cdn.shopify.com/s/files/1/1371/3197/files/X-Thick-Scoria-Butterfly-Yoga-Mat-Cork-Natural-Sustainable-Canada-USA-Best-Yoga-Mats-Non-Toxic.jpg?v=1750277547
scoria-biggest-essential-cork-yoga-mat-6mm,BIGGEST Essential Cork Yoga Mat | 6MM,scoria,"This item is a pre-order and ships on or before March 31st, 2026. Please note if you order in-stock items that you want to receive earlier, please make two separate orders.
ESSENTIAL COLLECTION
NEW: This size is now upgraded! An even bigger mat than what we had before. It's our biggest mat to date. Combining the width of our X-Wide size, the thickness of our X-Thick mat and the length of the X-Tall mat. Don't fret the sweat, embrace it. The Scoria Cork mat delivers supreme traction when sweating with no slip. 
Features

Upgraded to a 30"" width!

Includes a free cotton mat carry strap

Backed by natural tree rubber (unlike other mats with synthetic TPE/PVC)
ultra-grip with sweat, lose the towel
naturally anti-microbial cork surface eliminating odor
sustainably harvested

for a non-toxic home or practice
Spritz water to activate sweat-grip in colder practices until body is warm.
Backed by a 1 Year Limited Warranty ~ find details here


Specs

80"" x 30"" | 5.5 kg 
thickness: 6mm (x-thick)
plastic free packaging
100% natural cork
FSC Natural rubber

Please note, this mat is a lot heavier than an average mat.
Possible allergens; natural rubber latex.
Clean & Care
Always roll CORK side out.Store in shade.No need to clean it often, as it is antimicrobial.Simply wipe with a soft cloth, soap & water.
Please note: due to the difference of digital screens, colours may differ slightly.",127,127,USD,6,mm,6MM,203.2,cm,"80"" x 30"" ",76.2,cm,"80"" x 30"" ",5.5,kg,5.5 kg,Cork,Grippy,Non-Slip; Antimicrobial,,1,true,6770953584683,biggest-essential-cork-yoga-mat-6mm,Scoria,,adults; art_minimal; artist collection; Els PW 31855; essential; Essential Mats; essentials; large; maninyourlife; size_biggest; size_extra tall; size_extra wide; thickness_6mm (extra thick); x-tall; x-thick; x-wide; yoga mat,2022-02-11T11:52:18-05:00,2022-02-28T13:54:57-05:00,https://cdn.shopify.com/s/files/1/1371/3197/files/scoria_websitecoverphoto_biggest_essentials_v2_r2_021122.jpg?v=1763763598
scoria-biggest-botanicals-cork-yoga-mat-6mm,Biggest Botanicals Cork Yoga Mat | 6MM,scoria,"LARGE COLLECTION
NEW: This size is now upgraded! An even bigger mat than what we had before. It's our biggest mat to date. Combining the width of our X-Wide size, the thickness of our X-Thick mat and the length of the X-Tall mat. Don't fret the sweat, embrace it. The Scoria Cork mat delivers supreme traction when sweating with no slip. 
Features

Includes a free cotton mat carry strap

Backed by natural tree rubber (unlike other mats with synthetic TPE/PVC)
ultra-grip with sweat, lose the towel
naturally anti-microbial cork surface eliminating odor
sustainably harvested

for a non-toxic home or practice
Spritz water to activate sweat-grip in colder practices until body is warm.
Backed by a 1 Year Limited Warranty ~ find details here


Specs

80"" x 30"" | 5 kg 
thickness: 6mm (x-thick)
plastic free packaging
100% natural cork
FSC natural rubber

Possible allergens; natural rubber latex.
Clean & Care
Always roll CORK side out.Store in shade.No need to clean it often, as it is antimicrobial.Simply wipe with a soft cloth, soap & water.
Please note: due to the difference of digital screens, colours may differ slightly.",135,135,USD,6,mm,6MM,203.2,cm,"80"" x 30"" ",76.2,cm,"80"" x 30"" ",5,kg,5 kg,Cork,Grippy,Non-Slip; Antimicrobial,,1,true,7102543167531,biggest-botanicals-cork-yoga-mat-6mm,Scoria,,adults; art_creative; artist collection; large; size_biggest; size_extra tall; size_extra wide; thickness_6mm (extra thick); x-tall; x-thick; x-wide; yoga mat,2023-05-03T14:55:36-04:00,2023-06-15T21:38:37-04:00,https://cdn.shopify.com/s/files/1/1371/3197/files/Biggest-X-Large-Cork-Natural-Yoga-Mat-by-Scoria-Non-Toxic-Best-Canada-USA-Sustainable-business.jpg?v=1765308989
scoria-biggest-tree-of-life-cork-yoga-mat-6mm,Biggest Tree of Life Cork Yoga Mat | 6MM,scoria,"NEW: This size is now upgraded! An even bigger mat than what we had before. It's our biggest mat to date. Combining the width of our X-Wide size, the thickness of our X-Thick mat and the length of the X-Tall mat. Don't fret the sweat, embrace it. The Scoria Cork mat delivers supreme traction when sweating with no slip. 
Features

Includes a free cotton mat carry strap

Backed by natural tree rubber (unlike other mats with synthetic TPE/PVC)
ultra-grip with sweat, lose the towel
naturally anti-microbial cork surface eliminating odor
sustainably harvested

for a non-toxic home or practice
Spritz water to activate sweat-grip in colder practices until body is warm.
Backed by a 1 Year Limited Warranty ~ find details here


Specs

80"" x 30"" | 5 kg 
thickness: 6mm (x-thick)
plastic free packaging
100% natural cork
FSC natural rubber

Possible allergens; natural rubber latex.
Clean & Care
Always roll CORK side out.Store in shade.No need to clean it often, as it is antimicrobial.Simply wipe with a soft cloth, soap & water.
Yogi's Featured
@hugoilopes @raichleekelly, @liv.in.flux
Please note: due to the difference of digital screens, colours may differ slightly.",135,135,USD,6,mm,6MM,203.2,cm,"80"" x 30"" ",76.2,cm,"80"" x 30"" ",5,kg,5 kg,Cork,Grippy,Non-Slip; Antimicrobial,,1,true,7396267294763,biggest-tree-of-life-cork-yoga-mat-6mm,Scoria,,adults; art_creative; artist collection; large; size_biggest; size_extra tall; size_extra wide; thickness_6mm (extra thick); x-tall; x-thick; x-wide; yoga mat,2025-06-12T14:32:46-04:00,2025-08-25T12:13:48-04:00,https://cdn.shopify.com/s/files/1/1371/3197/files/TreeofLife-scoria_websitecoverphoto_biggest_essentials_v2_r2_021122_1.jpg?v=1765308872
scoria-childrens-big-cork-yoga-mat,Kids Align Play & Cork Yoga Mat,scoria,"KIDS COLLECTION
Scoria's cork mats are the world's first ever cork yoga mats for kids.  Creating a non-toxic environment for our children is crucial, so we aimed to provide them with a natural play and yoga mat.
Features

Includes a free cotton mat carry strap

Backed by natural tree rubber (unlike other mats with synthetic TPE/PVC)
Safe mat and non-toxic for kids

naturally anti-microbial cork surface eliminating odor
excellent for family & kids classes, and a great play mat
sustainably harvested

for a non-toxic home or practice
Spritz water to activate sweat-grip in colder practices
Backed by a 1 Year Limited Warranty ~ find details here


Specs


 59"" x 23"" | 2 kg 

thickness: 3mm
plastic free packaging
100% natural cork
FSC natural rubber

Possible allergens; natural rubber latex.
About the art
Children can follow along the lines and fish pattern to improve their asanas. And it makes a great non-toxic play mat.This yoga mat is designed by shop owner and artist, and is interpreted art from children's stories. This fun colourful fish print helps align postures in a playful way. Use the lines to align feet in Warrior II, and the fish to enjoy a creative transition between asanas.
Clean & Care
Always roll CORK side out.Store in shade.No need to clean it often, as it is antimicrobial.Simply wipe with a soft cloth, soap & water.
Yogis Featured
@kerispilatesroom , @kelly_ross, @thefairlylocalvegan
Please note: due to the differences of screens, colours may differ slightly.",70,70,USD,3,mm,3mm,149.86,cm,"59"" x 23"" ",58.42,cm,"59"" x 23"" ",2,kg,2 kg,Cork,Grippy,Non-Slip; Antimicrobial,,1,true,11053491405,childrens-big-cork-yoga-mat,Scoria,Yoga Mat,art_creative; artist collection; kids; size_kids; yoga mat,2017-10-17T17:52:09-04:00,2017-10-17T17:44:18-04:00,https://cdn.shopify.com/s/files/1/1371/3197/products/kids-cork-natural-non-toxic-yoga-mat-scoria-canada-usa-united-states-fish-alignment.jpg?v=1575143335
scoria-kids-essential-non-toxic-cork-yoga-play-mat-big,Kids Essential Play & Cork Yoga Mat,scoria,"KIDS COLLECTION
Scoria's cork mats are the world's first ever cork yoga mats for kids.  Creating a non-toxic environment for our children is crucial, so we aimed to provide them with a natural play and yoga mat.
Features

Includes a free cotton mat carry strap

Backed by natural tree rubber (unlike other mats with synthetic TPE/PVC)
Safe mat and non-toxic for kids

naturally anti-microbial cork surface eliminating odor
excellent for family & kids classes, and a great play mat
sustainably harvested

for a non-toxic home or practice
Spritz water to activate sweat-grip in colder practices
Backed by a 1 Year Limited Warranty ~ find details here


Specs


 59"" x 23"" | 2 kg 

thickness: 3mm
plastic free packaging
100% natural cork
FSC natural rubber

Possible allergens; natural rubber latex.
Clean & Care
Always roll CORK side out.Store in shade.No need to clean it often, as it is antimicrobial.Simply wipe with a soft cloth, soap & water.
Yogis Featured
N/A
Please note: due to the differences of screens, colours may differ slightly.",64,64,USD,3,mm,3mm,149.86,cm,"59"" x 23"" ",58.42,cm,"59"" x 23"" ",2,kg,2 kg,Cork,Grippy,Non-Slip; Antimicrobial,,1,true,6589049274411,kids-essential-non-toxic-cork-yoga-play-mat-big,Scoria,Yoga Mat,art_minimal; artist collection; essential; Essential Mats; essentials; kids; size_kids; yoga mat,2021-06-25T16:16:19-04:00,2021-07-05T09:10:34-04:00,https://cdn.shopify.com/s/files/1/1371/3197/products/kids-cork-essntial-scoria-art-2-yoga-mats-essential-cover.jpg?v=1624652217
scoria-kids-space-non-toxic-cork-yoga-play-mat-big,Kids Space Play & Cork Yoga Mat,scoria,"KIDS COLLECTION
Scoria's cork mats are the world's first ever cork yoga mats for kids.  Creating a non-toxic environment for our children is crucial, so we aimed to provide them with a natural play and yoga mat.
Features

Includes a free cotton mat carry strap

Backed by natural tree rubber (unlike other mats with synthetic TPE/PVC)
Safe mat and non-toxic for kids

naturally anti-microbial cork surface eliminating odor
excellent for family & kids classes, and a great play mat
sustainably harvested

for a non-toxic home or practice
Spritz water to activate sweat-grip in colder practices
Backed by a 1 Year Limited Warranty ~ find details here


Specs


 59"" x 23"" | 2 kg 

thickness: 3mm
plastic free packaging
100% natural cork
FSC natural rubber

Possible allergens; natural rubber latex.
Clean & Care
Always roll CORK side out.Store in shade.No need to clean it often, as it is antimicrobial.Simply wipe with a soft cloth, soap & water.
Yogis Featured
@onceuponamat
Please note: due to the differences of screens, colours may differ slightly.",70,70,USD,3,mm,3mm,149.86,cm,"59"" x 23"" ",58.42,cm,"59"" x 23"" ",2,kg,2 kg,Cork,Grippy,Non-Slip; Antimicrobial,,1,true,4351958089771,kids-space-non-toxic-cork-yoga-play-mat-big,Scoria,Yoga Mat,art_creative; artist collection; kids; size_kids; yoga mat,2019-11-30T15:26:53-05:00,2019-11-30T15:26:53-05:00,https://cdn.shopify.com/s/files/1/1371/3197/products/kids-cork-natural-non-toxic-yoga-mat-scoria-canada-usa-united-states-space-spaceship-rockets-rocket-boys-rainbow.jpg?v=1599242883
scoria-kids-unicorn-non-toxic-cork-yoga-play-mat-big,Kids Unicorn Play & Cork Yoga Mat,scoria,"This item is a pre-order and ships on or before March 31st. Please note if you order in-stock items that you want to receive earlier, please make two separate orders.
KIDS COLLECTION
Scoria's cork mats are the world's first ever cork yoga mats for kids.  Creating a non-toxic environment for our children is crucial, so we aimed to provide them with a natural play and yoga mat.
Features

Includes a free cotton mat carry strap

Backed by natural tree rubber (unlike other mats with synthetic TPE/PVC)
Safe mat and non-toxic for kids

naturally anti-microbial cork surface eliminating odor
excellent for family & kids classes, and a great play mat
sustainably harvested

for a non-toxic home or practice
Spritz water to activate sweat-grip in colder practices
Backed by a 1 Year Limited Warranty ~ find details here


Specs


 59"" x 23"" | 2 kg 

thickness: 3mm
plastic free packaging
100% natural cork
FSC natural rubber

Possible allergens; natural rubber latex.
Clean & Care
Always roll CORK side out.Store in shade.No need to clean it often, as it is antimicrobial.Simply wipe with a soft cloth, soap & water.
Yogis Featured
@bobbimarois, @mariefrance.gagnon, @awarehousebooks_yqr
Please note: due to the differences of screens, colours may differ slightly.",70,70,USD,3,mm,3mm,149.86,cm,"59"" x 23"" ",58.42,cm,"59"" x 23"" ",2,kg,2 kg,Cork,Grippy,Non-Slip; Antimicrobial,,1,true,4351954616363,kids-unicorn-non-toxic-cork-yoga-play-mat-big,Scoria,Yoga Mat,art_creative; artist collection; Els PW 10467:31396382277675; Els PW 31855; kids; size_kids; yoga mat,2019-11-30T15:11:49-05:00,2019-11-30T15:11:49-05:00,https://cdn.shopify.com/s/files/1/1371/3197/products/kids-cork-natural-non-toxic-yoga-mat-scoria-canada-usa-united-states-unicorn-rainbow.jpg?v=1579656120
scoria-essential-round-yoga-mat-multi-use-53-dia,"Essential Round Cork Yoga Mat | Multi-use | 53"" dia",scoria,"This item is a pre-order and ships on or before March 31st, 2026. Please note if you order in-stock items that you want to receive earlier, please make two separate orders.
THE ROUND COLLECTION
Enhance your space with our Round Cork Yoga Mats; crafted from 100% natural cork and FSC-certified rubber. This mat brings functional beauty to home practice corners, stretching nooks, or cozy meditation areas. Each round mat is designed to feel like a natural extension of your space. It is non-toxic, calming, and artfully inspiring.
Our Essential design is a minimal, logo-only mat for grounding with no distractions; pure cork, pure intention. Best for those who want an open space to let their imagination run wild.
Features

Round and Circular yoga, stretch or home mat
100% natural cork & natural tree rubber
Even though it is large for travel, it still includes a free cotton mat carry strap

Backed by natural tree rubber (unlike other mats with synthetic TPE/PVC)
ultra-grip activated with sweat 

naturally anti-microbial cork surface eliminating odor
sustainably harvested

for a non-toxic home or practice


For meditation, it's perfect under our meditation cushions or Zabutons.
Every purchase gives, scroll down to read more.
Backed by a 1 Year Limited Warranty ~ find details here


Specs


 53"" circle | approx. 4 kg

thickness: 4.5mm (studio)
plastic free packaging
100% natural cork
Backed by FSC natural rubber

Possible allergens; natural rubber latex.
Clean & Care
Always roll cork side outStore in shade when not in useAntimicrobial cork surface requires minimal cleaningWipe with soft cloth, mild soap, and water as needed
Please note: due to the difference of digital screens, colours may differ slightly.
Yogis Featured
N/A",125,125,USD,4.5,mm,4.5mm,,,,,,,4,kg,4 kg,Cork,Grippy,Non-Slip; Travel; Antimicrobial,,1,true,7396275290155,essential-round-yoga-mat-multi-use-53-dia,Scoria,,4.5mm; art_creative; Els PW 31855; essential; Essential Mats; essentials; round mat; yoga mat,2025-06-12T15:49:53-04:00,2025-08-24T14:49:11-04:00,https://cdn.shopify.com/s/files/1/1371/3197/files/Essential-Round-Circle-Yoga-Mat-Cork-Yoga-Meditation-All-Natural-Mat-Best-Canada-USA-Sustainable-Non-toxic-yoga-mats-zen-corner-natural-rug_c3b0cdcf-796f-436d-9d33-e8851df1fb19.jpg?v=1756136989
scoria-solar-bloom-round-yoga-mat-multi-use-53-dia,"Solar Bloom Round Cork Yoga Mat | Multi-use | 53"" dia",scoria,"THE ROUND COLLECTION
Enhance your space with our Round Cork Yoga Mats; crafted from 100% natural cork and FSC-certified rubber. This mat brings functional beauty to home practice corners, stretching nooks, or cozy meditation areas. Each round mat is designed to feel like a natural extension of your space. It is non-toxic, calming, and artfully inspiring.
Our Solar Bloom design is inspired by a warm-toned lotus, symbolizing inner growth and radiance. The rich, energizing hues are meant to ignite creativity and awaken your personal power.
Features

Round and Circular yoga, stretch or home mat
100% natural cork & natural tree rubber
Even though it is large for travel, it still includes a free cotton mat carry strap

Backed by natural tree rubber (unlike other mats with synthetic TPE/PVC)
ultra-grip activated with sweat 

naturally anti-microbial cork surface eliminating odor
sustainably harvested

for a non-toxic home or practice


For meditation, it's perfect under our meditation cushions or Zabutons.
Every purchase gives, scroll down to read more.
Backed by a 1 Year Limited Warranty ~ find details here


Specs


 53"" circle | approx. 4 kg

thickness: 4.5mm (studio)
plastic free packaging
100% natural cork
Backed by FSC natural rubber

Possible allergens; natural rubber latex.
Clean & Care
Always roll cork side outStore in shade when not in useAntimicrobial cork surface requires minimal cleaningWipe with soft cloth, mild soap, and water as needed
Please note: due to the difference of digital screens, colours may differ slightly.
Yogis Featured
N/A",134,134,USD,4.5,mm,4.5mm,,,,,,,4,kg,4 kg,Cork,Grippy,Non-Slip; Travel; Antimicrobial,,1,true,7396275257387,solar-bloom-round-yoga-mat-multi-use-53-dia,Scoria,,4.5mm; adults; art_creative; Artist Collection; round mat; yoga mat,2025-06-12T15:49:44-04:00,2025-08-24T14:48:31-04:00,https://cdn.shopify.com/s/files/1/1371/3197/files/Solar-Bloom-Flower-Round-Circle-Yoga-Mat-Cork-Yoga-Meditation-lotus-flower-All-Natural-Mat-Best-Canada-USA-Sustainable-Non-toxic-yoga-mats-zen-corner-natural-rug_642c1f38-8b15-4751-8fa3-f230914accf7.jpg?v=1756137004
scoria-blue-petals-round-yoga-mat-multi-use-53-dia,"Blue Petals Round Cork Yoga Mat | Multi-use | 53"" dia",scoria,"THE ROUND COLLECTION
Create your sanctuary. The Zen Spaces Collection brings functional beauty to home practice corners, stretching nooks, or cozy meditation areas. Each round mat is designed to feel like a natural extension of your space—non-toxic, calming, and artfully grounded.
Our Blue Petals design feature bright blues forming a striking floral mandala that sparks clarity and balance. A statement piece for your home space, meditation space or corner.
Features

Round and Circular yoga, stretch or home mat
100% natural cork & natural tree rubber
Even though it is large for travel, it still includes a free cotton mat carry strap

Backed by natural tree rubber (unlike other mats with synthetic TPE/PVC)
ultra-grip activated with sweat 

naturally anti-microbial cork surface eliminating odor
sustainably harvested

for a non-toxic home or practice


For meditation, it's perfect under our meditation cushions or Zabutons.
Every purchase gives, scroll down to read more.
Backed by a 1 Year Limited Warranty ~ find details here


Specs


 53"" circle | approx. 4 kg

thickness: 4.5mm (studio)
plastic free packaging
100% natural cork
Backed by FSC natural rubber

Possible allergens; natural rubber latex.
Clean & Care
Always roll cork side outStore in shade when not in useAntimicrobial cork surface requires minimal cleaningWipe with soft cloth, mild soap, and water as needed
Please note: due to the difference of digital screens, colours may differ slightly.
Yogis Featured
N/A",129,129,USD,4.5,mm,4.5mm,,,,,,,4,kg,4 kg,Cork,Grippy,Non-Slip; Travel; Antimicrobial,,1,true,7396274307115,blue-petals-round-yoga-mat-multi-use-53-dia,Scoria,,4.5mm; adults; art_creative; Artist Collection; round mat; sale; yoga mat,2025-06-12T15:39:02-04:00,2025-08-24T14:47:52-04:00,https://cdn.shopify.com/s/files/1/1371/3197/files/Blue-Petals-Lotus-Flower-Round-Circle-Yoga-Mat-Cork-Yoga-Meditation-All-Natural-Mat-Best-Canada-USA-Sustainable-Non-toxic-yoga-mats-zen-corner-natural-rug_495444f9-bd8f-4f2d-847a-766a.jpg?v=1761864874
scoria-soft-skies-round-yoga-mat-multi-use-53-dia,"Soft Skies Round Cork Yoga Mat | Multi-use | 53"" dia",scoria,"This item is a pre-order and ships on or before March 31st, 2026. Please note if you order in-stock items that you want to receive earlier, please make two separate orders.
THE ROUND COLLECTION
Enhance your space with our Round Cork Yoga Mats; crafted from 100% natural cork and FSC-certified rubber. This mat brings functional beauty to home practice corners, stretching nooks, or cozy meditation areas. Each round mat is designed to feel like a natural extension of your space. It is non-toxic, calming, and artfully inspiring.
Our Soft Skies is a dreamy, painted landscape that invites you to imagine floating between the clouds, skies, and distant mountains. Designed to evoke softness, calm, and gentle reflection.
Features

Round and Circular yoga, stretch or home mat
100% natural cork & natural tree rubber
Even though it is large for travel, it still includes a free cotton mat carry strap

Backed by natural tree rubber (unlike other mats with synthetic TPE/PVC)
ultra-grip activated with sweat 

naturally anti-microbial cork surface eliminating odor
sustainably harvested

for a non-toxic home or practice


For meditation, it's perfect under our meditation cushions or Zabutons.
Every purchase gives, scroll down to read more.
Backed by a 1 Year Limited Warranty ~ find details here


Specs


 53"" circle | approx. 4 kg

thickness: 4.5mm (studio)
plastic free packaging
100% natural cork
Backed by FSC natural rubber

Possible allergens; natural rubber latex.
Clean & Care
Always roll cork side outStore in shade when not in useAntimicrobial cork surface requires minimal cleaningWipe with soft cloth, mild soap, and water as needed
Please note: due to the difference of digital screens, colours may differ slightly.
Yogis Featured
N/A",134,134,USD,4.5,mm,4.5mm,,,,,,,4,kg,4 kg,Cork,Grippy,Non-Slip; Travel; Antimicrobial,,1,true,7396272308267,soft-skies-round-yoga-mat-multi-use-53-dia,Scoria,,4.5mm; adults; art_creative; Artist Collection; Els PW 31855; round mat; yoga mat,2025-06-12T15:21:07-04:00,2025-08-24T14:47:28-04:00,https://cdn.shopify.com/s/files/1/1371/3197/files/Peaceful-Landscape-Round-Circle-Yoga-Mat-Cork-Yoga-Meditation-All-Natural-Mat-Best-Canada-USA-Sustainable-Non-toxic-yoga-mats-zen-corner-natural-rug-blue-skies-sky_61f8e3b1-e20b-4c96-9558-c85b83c7525f.jpg?v=1757525736
scoria-color-strokes-round-yoga-or-baby-mat-multi-use-47-dia,"Brush Strokes Round Cork Yoga Mat or Baby Mat | Multi-use | 47"" dia",scoria,"THE ROUND COLLECTION
Enhance your space with our Round Cork Yoga Mats; crafted from 100% natural cork and FSC-certified rubber. This mat brings functional beauty to home practice corners, stretching nooks, or cozy meditation areas. Each round mat is designed to feel like a natural extension of your space. It is non-toxic, calming, and artfully inspiring.
Our Color Strokes mat is smaller than our other rounds and matches the size of our Baby Round Mats for versatile use. Perfect for a baby’s room or an adult’s zen corner, it evokes a sense of joy and playfulness. Celebrate color and brighten up your meditation space or cozy home nook with this vibrant, artful piece.
Features

Round and Circular yoga, stretch or home mat
100% natural cork & natural tree rubber
Even though it is large for travel, it still includes a free cotton mat carry strap

Backed by natural tree rubber (unlike other mats with synthetic TPE/PVC)
ultra-grip activated with sweat 

naturally anti-microbial cork surface eliminating odor
sustainably harvested

for a non-toxic home or practice


For meditation, it's perfect under our meditation cushions or Zabutons.
Every purchase gives, scroll down to read more.
Backed by a 1 Year Limited Warranty ~ find details here


Specs


 47"" circle | approx. 4 kg

thickness: 4.5mm (studio)
plastic free packaging
100% natural cork
Backed by FSC natural rubber

Possible allergens; natural rubber latex.
Clean & Care
Always roll cork side outStore in shade when not in useAntimicrobial cork surface requires minimal cleaningWipe with soft cloth, mild soap, and water as needed
Please note: due to the difference of digital screens, colours may differ slightly.
Yogis Featured
N/A",109,109,USD,4.5,mm,4.5mm,,,,,,,4,kg,4 kg,Cork,Grippy,Non-Slip; Travel; Antimicrobial,,1,true,7396269719595,color-strokes-round-yoga-or-baby-mat-multi-use-47-dia,Scoria,,4.5mm; adults; art_creative; Artist Collection; kids; round mat; sale; yoga mat,2025-06-12T14:59:14-04:00,2025-08-24T14:45:02-04:00,https://cdn.shopify.com/s/files/1/1371/3197/files/Colorful-Brush-Strokes-Home-Rug-Natural-Baby-Children-Kids-Play-Mat-Round-Circle-Yoga-Mat-Cork-Yoga-Meditation-All-Natural-Mat-Best-Canada-USA-Sustainable-Non-toxic-yoga-mats-zen-corn_59f74468-b2e2-42c9-9c10-fba0c16aa984.jpg?v=1756137044
scoria-elephant-walk-round-baby-mat-play-stretch-47-dia,"Elephant Walk Round Baby Mat - Cork Yoga Mat | Play & Stretch | 47"" dia",scoria,"THE BABY COLLECTION
Make playtime safe, fun, and beautifully natural. The Baby Collection features our smallest round mats, crafted from 100% natural cork and FSC-certified rubber. This mat is designed especially for the little ones. Whether it's tummy time, crawling, or quiet cuddles, these mats bring non-toxic comfort to nurseries, bedrooms or playrooms. Each mat is calming to the touch, easy to clean, and free from harmful toxins. 
The Elephant Walk design features earthy tones sparking curiosity, making it the perfect floor for storytelling, stretching, or sensory play.
Features

Baby-sized round play or stretch mat
100% natural cork & natural tree rubber
Soft, safe and gentle for skin contact 

Even though it is large for travel, it includes a free cotton mat carry strap

Backed by natural tree rubber (unlike other mats with synthetic TPE/PVC)
ultra-grip is activated with sweat or spritz of water 

naturally anti-microbial cork surface eliminating odor
sustainably harvested

for a non-toxic home or practice


For meditation, it's perfect under our meditation cushions or Zabutons.
Every purchase gives, scroll down to read more.
Backed by a 1 Year Limited Warranty ~ find details here


Specs


 47"" circle | approx. 4 kg

thickness: 4.5mm (studio)
plastic free packaging
100% natural cork
Backed by FSC natural rubber

Possible allergens; natural rubber latex.
Clean & Care
Always roll cork side outStore in shade when not in useAntimicrobial cork surface requires minimal cleaningWipe with soft cloth, mild soap, and water as needed
Please note: due to the difference of digital screens, colours may differ slightly.
Yogis Featured
N/A",109,109,USD,4.5,mm,4.5mm,,,,,,,4,kg,4 kg,Cork,Grippy,Non-Slip; Travel; Antimicrobial,,1,true,7396227121195,elephant-walk-round-baby-mat-play-stretch-47-dia,Scoria,,4.5mm; art_creative; Artist Collection; kids; round mat; sale; yoga mat,2025-06-12T12:26:42-04:00,2025-08-24T14:35:30-04:00,https://cdn.shopify.com/s/files/1/1371/3197/files/Elephant-Walk-Baby-Children-Kids-Play-Mat-Round-Circle-Yoga-Mat-Cork-Yoga-Meditation-All-Natural-Mat-Best-Canada-USA-Sustainable-Non-toxic-yoga-mats-zen-corner-natural-rug_17050d91-0f07-4cc8-97b2-7561bfc46a7a.jpg?v=1756137059
shaktiwarrior-mandala-pro,Cork Yoga Mat - Mandala,shaktiwarrior,"Made from cork and natural rubber, this mat delivers non-slip performance and joint support, finished with a detailed mandala design for a distinct look.",85,85,USD,,,,182.88,cm,"Studio - 72"" L x 24"" W",60.96,cm,"Studio - 72"" L x 24"" W",,,,Cork,Grippy,Eco-Friendly; Non-Slip; Alignment Marks; Antimicrobial; Premium,,1,true,2013167878210,mandala-pro,Shakti Warrior,Cork Mat,customify; customizable; dol; Star; SUMMERSALE; Verishop,2019-08-26T04:38:05-04:00,2019-08-26T04:36:12-04:00,https://cdn.shopify.com/s/files/1/2664/1900/files/shakti-warrior-cork-yoga-mat-mandala-3mm-lifestyle3.jpg?v=1770116579
shaktiwarrior-recycled-pu-yoga-mat-firestone,Recycled PU Yoga Mat - Firestone,shaktiwarrior,"The Firestone Arch Yoga Mat features a unique arch shape to support natural movement and enhance stability. Made from recycled PU and natural tree rubber, it offers non-slip grip, joint-friendly cushioning, and sustainable performance for all styles of yoga.",109,109,USD,5,mm,5mm,182.88,cm,"Extra Wide - 72"" L x 28"" W",71.12,cm,"Extra Wide - 72"" L x 28"" W",,,,PU Leather,Grippy,Eco-Friendly; Non-Slip; Alignment Marks,,1,true,7380222967874,recycled-pu-yoga-mat-firestone,S Warrior,Recycled PU Mat,New Arrivals; no sale; Shanti Yoga Mat; Star; Verishop,2024-11-05T00:36:08-05:00,2024-11-05T00:40:15-05:00,https://cdn.shopify.com/s/files/1/2664/1900/files/shakti-warrior-arch-shaped-recycled-pu-yoga-mat-red-lifestyle.jpg?v=1770108776
shaktiwarrior-recycled-pu-yoga-mat-moonbeam,Recycled PU Yoga Mat - Moonbeam,shaktiwarrior,"The Arch Shaped Moonbeam Mat is designed for comfort and alignment with its unique arch shape. Made from recycled PU and natural rubber, it offers a non-slip surface, joint support, and eco-friendly performance for mindful movement.",109,109,USD,5,mm,5mm,182.88,cm,"Extra Wide - 72"" L x 28"" W",71.12,cm,"Extra Wide - 72"" L x 28"" W",,,,Natural Rubber,Grippy,Eco-Friendly; Non-Slip; Alignment Marks,,1,true,7380221689922,recycled-pu-yoga-mat-moonbeam,S Warrior,Recycled PU Mat,customify; customizable; New Arrivals; no sale; Shanti Yoga Mat; Star; Verishop,2024-11-05T00:31:54-05:00,2024-11-05T00:33:53-05:00,https://cdn.shopify.com/s/files/1/2664/1900/files/shakti-warrior-arch-shaped-recycled-pu-yoga-mat-grey-side-view2.jpg?v=1770110877
shaktiwarrior-recycled-pu-yoga-mat-earthstone,Recycled PU Yoga Mat - Earthstone,shaktiwarrior,"Experience comfort and balance with our Arch Shaped Recycled PU Yoga Mat—crafted from eco-conscious recycled PU and natural tree rubber for non-slip grip, joint support, and mindful movement. Its curved design promotes alignment and flow in every practice.",109,109,USD,5,mm,5mm,182.88,cm,"Extra Wide - 72"" L x 28"" W",71.12,cm,"Extra Wide - 72"" L x 28"" W",,,,PU Leather,Grippy,Eco-Friendly; Non-Slip; Alignment Marks,,1,true,7379928350786,recycled-pu-yoga-mat-earthstone,S Warrior,Recycled PU Mat,customify; customizable; New Arrivals; no sale; Shanti Yoga Mat; Star; Verishop,2024-11-04T13:32:24-05:00,2024-11-04T14:57:31-05:00,https://cdn.shopify.com/s/files/1/2664/1900/files/shakti-warrior-arch-shaped-recycled-pu-yoga-mat-brown-5mm.jpg?v=1770113490
shaktiwarrior-sahasrara-pro,Cork Yoga Mat - Black Gold Lotus,shaktiwarrior,"Elevate your practice with our Black Cork Yoga Mat—featuring a hand-drawn Crown Chakra design on eco-friendly, non-slip cork for natural grip, durability, and grounding support. Crafted for mindful movement and sustainable living.",94,94,USD,,,,182.88,cm,"Studio - 72"" L x 24"" W",60.96,cm,"Studio - 72"" L x 24"" W",,,,Cork,Grippy,Eco-Friendly; Non-Slip; Alignment Marks; Antimicrobial; Premium,,1,true,4774451576898,sahasrara-pro,S Warrior,Cork Mat,customify; customizable; no sale; Star; Verishop,2021-01-27T05:37:44-05:00,2021-01-27T05:38:32-05:00,https://cdn.shopify.com/s/files/1/2664/1900/files/shakti-warrior-cork-yoga-mat-black-gold-lotus-3mm.jpg?v=1770113168
shaktiwarrior-tpe-yoga-mat-akasa,TPE Yoga Mat - Dreamcatcher,shaktiwarrior,"Crafted from recycled plastic with 6mm cushioning, this vibrant mat features a dreamcatcher design to uplift your practice with grip, comfort, and joy.",51,51,USD,6,mm,6mm,182.88,cm,"Studio - 72"" L x 24"" W",60.96,cm,"Studio - 72"" L x 24"" W",,,,TPE,Grippy,Eco-Friendly; Non-Slip; Lightweight; Alignment Marks,,1,true,7220116914242,tpe-yoga-mat-akasa,S Warrior,TPE Mat,SUMMERSALE; Verishop,2024-05-14T06:17:03-04:00,2024-05-14T06:20:14-04:00,https://cdn.shopify.com/s/files/1/2664/1900/files/shakti-warrior-tpe-yoga-mat-dreamcatcher-6mm.jpg?v=1770113011
shaktiwarrior-chakra-shanti-pu-yoga-mat,Recycled PU Yoga Mat - Chakra,shaktiwarrior,"Step into serenity with the Chakra Recycled PU Yoga Mat—featuring a radiant gold chakra design on an ivory recycled PU surface and a natural tree rubber base. Enjoy non-slip grip, joint support, and eco-conscious performance for regular and hot yoga.",74,74,USD,5,mm,5mm,182.88,cm,"Extra Wide - 72"" L x 28"" W",71.12,cm,"Extra Wide - 72"" L x 28"" W",,,,PU Leather,Grippy,Eco-Friendly; Non-Slip; Alignment Marks,,1,true,6840115822658,chakra-shanti-pu-yoga-mat,S Warrior,Recycled PU Mat,customify; customizable; Shanti Yoga Mat; Star; SUMMERSALE; Verishop,2022-11-02T15:18:25-04:00,2022-11-02T15:23:45-04:00,https://cdn.shopify.com/s/files/1/2664/1900/files/shakti-warrior-recycled-pu-yoga-mat-chakra-rolled-woman-lifestyle3.jpg?v=1769951432
shaktiwarrior-chakra-pro,Cork Yoga Mat - Chakra,shaktiwarrior,"Designed with a detailed hand-drawn chakra motif, this mat combines eco-friendly cork and rubber for durability, grip, and joint-friendly comfort.",94,104,USD,,,,182.88,cm,"Studio - 72"" L x 24"" W",60.96,cm,"Studio - 72"" L x 24"" W",,,,Cork,Grippy,Eco-Friendly; Non-Slip; Alignment Marks; Antimicrobial; Premium,,2,true,102427983891,chakra-pro,S Warrior,Cork Mat,customify; customizable; no sale; Verishop,2017-12-22T02:28:47-05:00,2017-12-22T02:28:45-05:00,https://cdn.shopify.com/s/files/1/2664/1900/files/shakti-warrior-cork-yoga-mat-chakra-3mm-lifestyle3.jpg?v=1769945184
shaktiwarrior-sahasrara-pu-wide-yoga-mat,Recycled PU Yoga Mat - Black Gold Lotus,shaktiwarrior,"Unveil the elegance of the Lotus Recycled PU Yoga Mat in Black—featuring a lotus-inspired design on a sleek black recycled PU surface with natural tree rubber. With a wider base for stability, it’s ideal for both regular and hot yoga.",83,83,USD,5,mm,5mm,182.88,cm,"Extra Wide - 72"" L x 28"" W",71.12,cm,"Extra Wide - 72"" L x 28"" W",,,,PU Leather,,Eco-Friendly; Non-Slip; Alignment Marks,,1,true,6735189114946,sahasrara-pu-wide-yoga-mat,S Warrior,Recycled PU Mat,customify; customizable; Shanti Yoga Mat; Star; SUMMERSALE; Verishop,2022-04-06T13:22:59-04:00,2022-04-07T08:49:17-04:00,https://cdn.shopify.com/s/files/1/2664/1900/files/SahasraraPUyogamat.jpg?v=1770107498
shaktiwarrior-anahata-hemp,Hemp Yoga Mat - Jade,shaktiwarrior,"Embrace balance with the Hemp Yoga Mat—crafted from 100% sustainable hemp and natural rubber for sweat-activated grip and joint support. Ideal for hot yoga, its green design reflects the heart chakra, symbolizing love and harmony.",69,69,USD,,,,182.88,cm,"Studio - 72"" L x 24"" W",60.96,cm,"Studio - 72"" L x 24"" W",,,,Natural Rubber,Grippy,Eco-Friendly; Non-Slip; Alignment Marks; Premium,,1,true,4766902714434,anahata-hemp,S Warrior,Hemp Mat,customify; customizable; dol; Star; SUMMERSALE; Verishop,2021-01-13T10:54:42-05:00,2021-01-13T10:57:02-05:00,https://cdn.shopify.com/s/files/1/2664/1900/files/shakti-warrior-jade-hemp-yoga-mat-lifestyle4.png?v=1769952267
shaktiwarrior-samskara-hemp,Hemp Yoga Mat - Samskara,shaktiwarrior,"The mat combines sustainable hemp with natural rubber for a sweat-activated grip, support, and durability. Featuring a detailed elephant motif, it's crafted for high performance and eco-conscious practice",84,84,USD,,,,182.88,cm,"Studio - 72"" L x 24"" W",60.96,cm,"Studio - 72"" L x 24"" W",,,,Natural Rubber,Grippy,Eco-Friendly; Non-Slip; Alignment Marks; Premium,,1,true,4490546020418,samskara-hemp,S Warrior,Hemp Mat,customify; customizable; SUMMERSALE; Verishop,2020-03-26T06:53:53-04:00,2020-03-26T06:53:53-04:00,https://cdn.shopify.com/s/files/1/2664/1900/files/shakti-warrior-hemp-yoga-mat-elephant-design_cd47c4af-e881-42da-bdc8-84f9c7be3250.jpg?v=1769953785
shaktiwarrior-sahasrara-hemp,Hemp Yoga Mat - Sahasrara,shaktiwarrior,"The mat is made from sustainable hemp and features a detailed Sahasrara Crown design, representing unity and focus. Built for grip, support, and conscious practice",81,81,USD,,,,182.88,cm,"Studio - 72"" L x 24"" W",60.96,cm,"Studio - 72"" L x 24"" W",,,,Natural Rubber,Grippy,Eco-Friendly; Non-Slip; Alignment Marks; Premium,,1,true,4704917585986,sahasrara-hemp,Shakti Warrior,Hemp Mat,Star; SUMMERSALE; Verishop,2020-10-14T09:39:49-04:00,2020-10-14T09:39:53-04:00,https://cdn.shopify.com/s/files/1/2664/1900/files/shakti-warrior-hemp-yoga-mat-black-lotus-side-viewcopy2.jpg?v=1770111211
shaktiwarrior-shivshakti-pro,Cork Yoga Mat - Tiger,shaktiwarrior,"Step onto the Shakti Warrior Cork Yoga Mat with its majestic Tiger Design—symbolizing strength, balance, and resilience. Crafted for power and performance with eco-friendly materials and enhanced grip for every practice.",94,94,USD,,,,182.88,cm,"Studio - 72"" L x 24"" W",60.96,cm,"Studio - 72"" L x 24"" W",,,,Cork,Grippy,Eco-Friendly; Non-Slip; Alignment Marks; Antimicrobial; Premium,,1,true,2013180133442,shivshakti-pro,Shakti Warrior,Cork Mat,Etsy; no sale; Verishop,2019-08-26T05:08:36-04:00,2019-08-26T05:03:46-04:00,https://cdn.shopify.com/s/files/1/2664/1900/files/shakti-warrior-cork-yoga-mat-tiger-3mm-lifestyle2.jpg?v=1770110363
shaktiwarrior-hemp-yoga-mat-river,Hemp Yoga Mat - River,shaktiwarrior,"This mat combines sustainable hemp with natural rubber for a sweat-activated grip, support, and durability. Featuring a deep blue hue that inspires neutrality, it’s crafted for high performance and an eco-conscious practice.",83,83,USD,,,,182.88,cm,"Studio - 72"" L x 24"" W",60.96,cm,"Studio - 72"" L x 24"" W",,,,Natural Rubber,Grippy,Eco-Friendly; Non-Slip; Alignment Marks; Premium,,1,true,7495737212994,hemp-yoga-mat-river,S Warrior,Hemp Mat,New Arrivals; no sale; SUMMERSALE; Verishop,2025-06-10T14:31:17-04:00,2025-06-10T14:32:36-04:00,https://cdn.shopify.com/s/files/1/2664/1900/files/shakti-warrior-hemp-yoga-mat-navy-blue-lifestyle.png?v=1769948429
shaktiwarrior-akasa-pro,Cork Yoga Mat - Dreamcatcher,shaktiwarrior,"Step onto the Dreamcatcher Cork Yoga Mat - featuring a hand-drawn Dreamcatcher design on eco-friendly cork to inspire positive energy, grip, and mindful movement in every practice.",81,81,USD,,,,182.88,cm,"Studio - 72"" L x 24"" W",60.96,cm,"Studio - 72"" L x 24"" W",,,,Cork,Grippy,Eco-Friendly; Non-Slip; Alignment Marks; Antimicrobial; Premium,,1,true,102427787283,akasa-pro,S Warrior,Cork Mat,customify; customizable; SUMMERSALE; Verishop,2017-12-22T02:28:34-05:00,2017-12-22T02:28:33-05:00,https://cdn.shopify.com/s/files/1/2664/1900/files/shakti-warrior-cork-yoga-mat-dreamcatcher-design-3mm_290db92f-90e4-47ba-8dbb-9a0312774fe3.jpg?v=1770115279
shaktiwarrior-ajna-pro,Recycled Suede Yoga Mat - Ajna,shaktiwarrior,"Elevate your practice with the Ajna Pro Yoga Mat—crafted from recycled microfiber suede and natural tree rubber for extra cushioning, sweat-activated grip, and an Ajna chakra-inspired design. Eco-friendly, durable, and free from harmful substances.",79,79,USD,,,,182.88,cm,"Studio - 72"" L x 24"" W",60.96,cm,"Studio - 72"" L x 24"" W",,,,Natural Rubber,Suede-like,Eco-Friendly; Non-Slip; Alignment Marks,,1,true,4704877379650,ajna-pro,Shakti Warrior,Suede Mats,SUMMERSALE,2020-10-14T07:45:15-04:00,2020-10-14T07:45:18-04:00,https://cdn.shopify.com/s/files/1/2664/1900/files/shakti-warrior-yoga-mat-marble-blue-design-3mm.jpg?v=1770115183
shaktiwarrior-sahasrara,TPE Yoga Mat - Black Gold Lotus,shaktiwarrior,"Connect to pure consciousness with 6mm of support, eco-conscious materials, and a lotus design for unity and flow.",59,59,USD,6,mm,6mm,182.88,cm,"Studio - 72"" L x 24"" W",60.96,cm,"Studio - 72"" L x 24"" W",,,,TPE,,Eco-Friendly; Non-Slip; Lightweight; Alignment Marks,,1,true,4704820887618,sahasrara,Shakti Warrior,TPE Mat,no sale; Verishop,2020-10-14T05:08:44-04:00,2020-10-14T05:08:45-04:00,https://cdn.shopify.com/s/files/1/2664/1900/files/shakti-warrior-6mm-tpe-yoga-mat-black-lotus-lifestyle.jpg?v=1769949684
shaktiwarrior-ajna,TPE Yoga Mat - Ajna,shaktiwarrior,"Inspired by ocean calm, this blue marble 6mm mat offers grip, stability, and sustainable serenity for intuitive movement.",59,59,USD,6,mm,6mm,182.88,cm,"Studio - 72"" L x 24"" W",60.96,cm,"Studio - 72"" L x 24"" W",,,,TPE,Grippy,Eco-Friendly; Non-Slip; Lightweight; Alignment Marks,,1,true,4704518471746,ajna,S Warrior,TPE Mat,Verishop,2020-10-13T13:20:07-04:00,2020-10-13T13:20:10-04:00,https://cdn.shopify.com/s/files/1/2664/1900/files/shakti-warrior-6mm-tpe-yoga-mat-blue-gold-marble-closeup_782515d6-b2e5-4cfc-b918-c9e23ebb5633.jpg?v=1769953378
shaktiwarrior-chakra-hemp,Hemp Yoga Mat - Chakra,shaktiwarrior,"This mat combines hemp and natural tree rubber with vibrant chakra symbolism. Use for sweat-activated grip, durability, and love for sustainability. Crafted for high performance and mindful movement, it’s an eco-conscious choice for your daily practice.",89,99,USD,,,,182.88,cm,"Studio - 72"" L x 24"" W",60.96,cm,"Studio - 72"" L x 24"" W",,,,Natural Rubber,Grippy,Eco-Friendly; Non-Slip; Alignment Marks; Premium,,2,true,4489858154562,chakra-hemp,S Warrior,Hemp Mat,customify; customizable; Star; SUMMERSALE; Verishop,2020-03-25T11:00:44-04:00,2020-03-25T11:00:44-04:00,https://cdn.shopify.com/s/files/1/2664/1900/files/shakti-warrior-hemp-yoga-mat-chakra-3mm-lifestyle3.png?v=1769954178
shaktiwarrior-kundalini,Recycled Suede Yoga Mat - Kundalini,shaktiwarrior,"Ignite your practice with the Kundalini Design Yoga Mat—featuring an artful design inspired by awakening energy. Made with recycled suede and natural tree rubber, it offers joint support, non-slip grip, and lasting durability.",62,81,USD,1,mm,Travel - 1mm,182.88,cm,"Studio - 72"" L x 24"" W",60.96,cm,"Studio - 72"" L x 24"" W",,,,Natural Rubber,Suede-like,Eco-Friendly; Non-Slip; Alignment Marks,,2,true,4704857555010,kundalini,Shakti Warrior,Suede Mats,SUMMERSALE; Verishop,2020-10-14T06:44:30-04:00,2020-10-14T06:44:32-04:00,https://cdn.shopify.com/s/files/1/2664/1900/files/shakti-warrior-medium-support-re-matching-sports-bra-and-leggings-blue-side_cd5aa213-776d-4889-b94b-98d657cd1940.jpg?v=1769949905
shaktiwarrior-aum,Essential Cork Yoga Mat,shaktiwarrior,Minimalist plain cork yoga mat crafted from sustainable cork and natural tree rubber for superior grip and eco-friendly practice.,94,94,USD,,,,182.88,cm,"Studio - 72"" L x 24"" W",60.96,cm,"Studio - 72"" L x 24"" W",,,,Cork,Grippy,Eco-Friendly; Non-Slip; Alignment Marks; Antimicrobial; Premium,,1,true,1691037532226,aum,Spiritual Warrior,Cork Mat,customify; customizable; no sale; Verishop,2018-11-20T02:57:46-05:00,2018-11-20T02:50:24-05:00,https://cdn.shopify.com/s/files/1/2664/1900/files/shakti-warrior-essential-plain-cork-yoga-mat-lifestyle.png?v=1769937578
shaktiwarrior-samskara-pro,Cork Yoga Mat - Elephant,shaktiwarrior,"Elevate your practice with the Shakti Warrior Cork Yoga Mat—featuring a hand-drawn elephant design, eco-friendly materials, and enhanced grip for sustainable, high-performance movement.",83,83,USD,,,,182.88,cm,"Studio - 72"" L x 24"" W",60.96,cm,"Studio - 72"" L x 24"" W",,,,Cork,Grippy,Eco-Friendly; Non-Slip; Alignment Marks; Antimicrobial; Premium,,1,true,2013231972418,samskara-pro,S Warrior,Cork Mat,Etsy; SUMMERSALE; Verishop,2019-08-26T06:18:17-04:00,2019-08-26T06:17:34-04:00,https://cdn.shopify.com/s/files/1/2664/1900/files/shakti-warrior-cork-yoga-mat-elephant-design-3mm_a15a182f-3f7d-4b28-8e25-2e997941911f.jpg?v=1771507119
shaktiwarrior-hemp-yoga-mat-moonbeam,Hemp Yoga Mat - Moonbeam,shaktiwarrior,"This mat combines sustainable hemp with natural rubber for a sweat-activated grip, support, and durability. Featuring a moon hue that inspires neutrality, it’s crafted for high performance and an eco-conscious practice.",83,83,USD,,,,182.88,cm,"Studio - 72"" L x 24"" W",60.96,cm,"Studio - 72"" L x 24"" W",,,,Natural Rubber,Grippy,Eco-Friendly; Non-Slip; Alignment Marks; Premium,,1,true,7495728660546,hemp-yoga-mat-moonbeam,S Warrior,Hemp Mat,No Sale; SUMMERSALE; Verishop,2025-06-10T14:09:35-04:00,2025-06-12T04:10:53-04:00,https://cdn.shopify.com/s/files/1/2664/1900/files/shakti-warrior-hemp-yoga-mat-lifestyle2.jpg?v=1769955415
shaktiwarrior-jnana-yoga-mat,TPE Yoga Mat - Jnana,shaktiwarrior,"Rise into bliss with our Feather Design TPE Yoga Mat—crafted from recycled plastic with 6mm cushioning and angelic symbolism for grip, support, and soulful flow.",51,51,USD,6,mm,6mm,182.88,cm,"Studio - 72"" L x 24"" W",60.96,cm,"Studio - 72"" L x 24"" W",,,,TPE,Grippy,Eco-Friendly; Non-Slip; Lightweight; Alignment Marks,,1,true,102427852819,jnana-yoga-mat,S Warrior,TPE Mat,SUMMERSALE; Verishop,2017-12-22T02:28:39-05:00,2017-12-22T02:28:37-05:00,https://cdn.shopify.com/s/files/1/2664/1900/files/shakti-warrior-tpe-yoga-mat-feather-design-6mm-lifestyle1_91533a8d-c2a1-4fcb-a435-29859ada3c31.jpg?v=1770112641
shaktiwarrior-zakti,Recycled Suede Yoga Mat - Zakti,shaktiwarrior,"Channel strength and stability with the Elephant design Yoga Mat—crafted from natural tree rubber and recycled microfiber suede for superior cushioning, non-slip grip, and eco-conscious durability.",79,79,USD,,,,182.88,cm,"Studio - 72"" L x 24"" W",60.96,cm,"Studio - 72"" L x 24"" W",,,,Natural Rubber,Suede-like,Eco-Friendly; Non-Slip; Alignment Marks,,1,true,102427885587,zakti,S Warrior,Suede Mats,SUMMERSALE; Verishop,2017-12-22T02:28:41-05:00,2017-12-22T02:28:40-05:00,https://cdn.shopify.com/s/files/1/2664/1900/files/shakti-warrior-microfiber-suede-yoga-mat-elephant-design-3mm1.jpg?v=1770112821
shaktiwarrior-hemp-yoga-mat-firestone,Hemp Yoga Mat - Firestone,shaktiwarrior,"This mat combines sustainable hemp with natural rubber for a sweat-activated grip, support, and durability. Featuring a rich, deep burgundy hue that inspires focus and warmth, it’s crafted for high performance and an eco-conscious practice.",83,83,USD,,,,182.88,cm,"Studio - 72"" L x 24"" W",60.96,cm,"Studio - 72"" L x 24"" W",,,,Natural Rubber,Grippy,Eco-Friendly; Non-Slip; Alignment Marks; Premium,,1,true,7494628409410,hemp-yoga-mat-firestone,S Warrior,Hemp Mat,New Arrivals; no sale; SUMMERSALE; Verishop,2025-06-08T09:24:35-04:00,2025-06-10T14:47:54-04:00,https://cdn.shopify.com/s/files/1/2664/1900/files/shakti-warrior-hemp-yoga-mat-deep-red-lifestyle.jpg?v=1769948825
shaktiwarrior-sacred-rubber,Recycled Suede Yoga Mat - Sacred,shaktiwarrior,"The Sacred Geometry Yoga Mat features a meaningful design symbolizing universal energy, crafted from natural tree rubber and recycled microfiber suede for cushioned support and sweat-activated grip.",59,59,USD,,,,182.88,cm,"Studio - 72"" L x 24"" W",60.96,cm,"Studio - 72"" L x 24"" W",,,,Natural Rubber,Suede-like,Eco-Friendly; Non-Slip; Alignment Marks,,1,true,4704901431362,sacred-rubber,Shakti Warrior,Suede Mats,SUMMERSALE; Verishop,2020-10-14T08:48:31-04:00,2020-10-14T08:48:32-04:00,https://cdn.shopify.com/s/files/1/2664/1900/files/shakti-warrior-recycled-suede-yoga-mat-white-lifestyle2.png?v=1770114252
shaktiwarrior-recycled-pu-yoga-mat-darkstone,Recycled PU Yoga Mat - Darkstone,shaktiwarrior,"Experience comfort and balance with our Arch Shaped Recycled PU Yoga Mat—crafted from eco-conscious recycled PU and natural tree rubber for non-slip grip, joint support, and mindful movement. Its curved design promotes alignment and flow in every practice.",109,109,USD,5,mm,5mm,182.88,cm,"Extra Wide - 72"" L x 28"" W",71.12,cm,"Extra Wide - 72"" L x 28"" W",,,,PU Leather,Grippy,Eco-Friendly; Non-Slip; Alignment Marks,,1,true,7712769998914,recycled-pu-yoga-mat-darkstone,S Warrior,Recycled PU Mat,customify; customizable; New Arrivals; no sale; Shanti Yoga Mat; Star; Verishop,2026-03-02T08:40:14-05:00,2026-03-02T08:45:32-05:00,https://cdn.shopify.com/s/files/1/2664/1900/files/shakti-warrior-arch-shaped-recycled-pu-yoga-mat-black.png?v=1772459084
stakt-the-stakt-mat-pro,The Stakt Mat Pro,stakt,"Everything you love about the Stakt Mat, plus a premium textured layer for enhanced performance.
What makes the Stakt Mat Pro different?


 
Premium Durability: The premium textured layer provides added strength, ensuring your mat stands up to even the most rigorous workouts.


Superior Grip: Perfect for high-impact exercises, sneaker-clad routines, and those intense sweaty yoga sessions, the Stakt Mat Pro offers unmatched stability and support.

12 mm thick, 69"" L x 24 W"" Flat, 12"" L x 3"" H x 24"" W Folded
Patent #US-D1050762-S",128,128,USD,12,mm,12 mm,175.26,cm,"69"" L x 24 W",60.96,cm,"69"" L x 24 W",1.3607787283069193,kg,3 pounds,PVC,Textured,Eco-Friendly; Non-Slip; Travel; Premium,Black; Midnight; Dune; Lilac; Forest; Fig,6,true,8037178015926,the-stakt-mat-pro,stakt,Mat,20% at Checkout; honeycomb-supplier-product; Logicbroker; staktmatpro,2024-07-29T11:20:09-04:00,2024-08-01T07:45:57-04:00,https://cdn.shopify.com/s/files/1/0522/4991/9670/files/mat_black_block_C_42abc1c3-938e-47ba-9237-80c8c7e6b7c1.png?v=1761671139
stakt-the-mat,The Stakt Mat,stakt,"Stakt is the only 2 in 1 fitness mat that doubles as a block for added versatility in your workouts and extra support for whichever way you move. This reimagined yoga mat is twice as thick and super lightweight.
12 mm thick, 69"" L x 24 W"" Flat, 12"" L x 3"" H x 24"" W FoldedPatent #US-D1050762-S",94,94,USD,12,mm,12 mm,175.26,cm,"69"" L x 24 W",60.96,cm,"69"" L x 24 W",1.3607787283069193,kg,3 pounds,PVC,,Eco-Friendly; Lightweight; Travel,Dune; Midnight; Iron; Tide; Rosewater; Seafoam,6,true,6599577534646,the-mat,stakt,Mat,20% at Checkout; Cortina; everything_bundle; honeycomb-supplier-product,2021-03-23T18:56:27-04:00,2021-08-20T18:56:15-04:00,https://cdn.shopify.com/s/files/1/0522/4991/9670/products/mat_pink_block_C_039.png?v=1765470544
stakt-stakt-mat-pro-xl,The Stakt Mat Pro XL,stakt,"Meet the Stakt Mat Pro XL -  the same premium, ultra-supportive mat you love, now with even more room to move. At 80"" x 28"", it’s longer and wider than the original Stakt Mat Pro (69"" x 24""), giving you extra comfort, stability, and space for every flow, sculpt, or stretch. Perfect for taller users or anyone who wants a little more wiggle room on the mat.






















Unfolded: 80"" W x 28"" LFolded: 28"" x 10"" x 4""",158,158,USD,12,mm,12mm,203.2,cm,"80"" L x 28"" W",71.12,cm,"80"" L x 28"" W",,,,PVC,,Eco-Friendly; Travel; Premium,Black,1,true,8384218300598,stakt-mat-pro-xl,stakt,,,2026-01-01T17:48:50-05:00,2026-01-08T20:36:56-05:00,https://cdn.shopify.com/s/files/1/0522/4991/9670/files/20251209SS_Stakt0135.jpg?v=1767307572
stakt-the-stakt-starter-set,The Stakt Starter Set,stakt,"Your go-to essentials for a full body workout.


The Stakt Mat: 2-in-1 foldable fitness mat that doubles as a block to enhance or modify your workouts. 2X thicker than your average yoga mat.

The Stakt Weights: 2-4-6 Adjustable Hand Weights

The Cleanser Spray: Keep your mat smelling fresh and free from surface dirt, stains and odors 


The Carrier Bag:  Our ultra-convenient bag makes taking your lightweight Stakt mat to any yoga class, workout studio, gym, park and more super easy",231.2,231.2,USD,,,,,,,,,,,,,,,Lightweight; Travel,Iron; Midnight; Rosewater; Dune; Seafoam; Tide,36,true,8099435675830,the-stakt-starter-set,stakt,bundle,set,2024-10-27T18:25:49-04:00,2024-11-13T20:15:50-05:00,https://cdn.shopify.com/s/files/1/0522/4991/9670/files/Screenshot2025-11-07at3.23.50PM.png?v=1762547049
stakt-the-bring-stakt-anywhere-set,The Bring Stakt Anywhere Set,stakt,"Take your fitness routine anywhere with The Bring Stakt Anywhere Set. This complete on-the-go bundle features a lightweight stakt mat for stable support, a sweat-wicking towel to keep you dry, a cleanser spray to keep your equipment clean and a convenient carry bag that makes transport effortless. Whether you're hitting the park, traveling, or working out at home, everything you need is packed and ready to go.The Bring Stakt Anywhere Set Includes:
The Stakt Mat
The Bag
The Mat Towel
The Cleanser Spray",171.7,171.7,USD,,,,,,,,,,,,,,,Lightweight; Travel,Iron; Rosewater; Dune; Tide; Seafoam; Midnight,30,true,8354102050998,the-bring-stakt-anywhere-set,stakt,bundle,set,2025-11-07T15:09:40-05:00,2025-11-07T15:20:14-05:00,https://cdn.shopify.com/s/files/1/0522/4991/9670/files/OFT_weights.png?v=1765238102
stakt-the-holiday-gift-set,The Winter Set,stakt,"Start the year strong with The Winter Set. Designed for every stage of your movement journey, it’s the perfect way to build momentum and set your goals in motion.
The New Year Set includes:

Best-selling Stakt Mat Pro

Oprah's favorite adjustable Stakt Weights

Stakt's extra cozy Grip Socks",201.6,214.4,USD,,,,,,,,,,,,,,Grippy,Non-Slip,Black; Dune; Lilac; Midnight; Forest; Fig,108,true,8354083143862,the-holiday-gift-set,stakt,bundle,set,2025-11-07T13:34:10-05:00,2025-12-31T20:19:45-05:00,https://cdn.shopify.com/s/files/1/0522/4991/9670/files/Screenshot2025-11-07at1.57.45PM.png?v=1762541871
sumoyoga-gray-tatami-yoga-mat,Gray Tatami Yoga Mat,sumoyoga,"Experience the ancient tranquility of Japan with our Tatami Yoga Mat(26x72inch), the perfect fusion of tradition and modern wellness. Handcrafted from 100% natural Igusa rush grass, this mat offers an authentic and serene surface for your yoga practice. Igusa grass is not only sustainable but also provides a host of natural benefits to enhance your practice.
Sumo Yoga: Tatami Yoga MatExperience the ancient tranquility of Japan with our Tatami Yoga Mat, the perfect fusion of tradition and modern wellness. Handcrafted from 100% natural Igusa rush grass, this mat offers an authentic and serene surface for your yoga practice. Igusa grass is not only sustainable but also provides a host of natural benefits to enhance your practice.
Key Features and Benefits
Natural Air Purifier: Igusa grass is known for its natural ability to purify the air by absorbing nitrogen dioxide, helping to create a cleaner, more refreshing environment for your practice.Optimal Temperature Regulation: The unique cellular structure of the grass provides a natural cooling effect in warmer weather and retains warmth in cooler temperatures, keeping you comfortable year-round.Naturally Deodorizing: Say goodbye to lingering odors. The mat's Igusa grass naturally absorbs and neutralizes common smells like sweat, leaving your mat fresh and clean.Stain and Flame Retardant: The dense, natural fibers of Igusa grass are inherently resistant to stains and flames, making your mat both easy to maintain and durable for long-term use.Authentic Tatami Feel: The firm, woven texture of the rush grass offers a naturally non-slip surface, giving you a stable and grounding foundation for every pose.Superior Grip and Stability: Unlike conventional mats, the Tatami Yoga Mat's firm surface helps you build strength and balance, especially in standing poses, by encouraging proper muscle engagement.Elevate Your PracticeThe Tatami Yoga Mat is more than just a piece of equipment; it's a sensory experience that deepens your connection to your practice. The subtle, earthy fragrance of Igusa grass is known for its calming properties, helping you find focus and relaxation during meditation and breathwork.Embrace the serene art of Sumo Yoga and elevate your practice with the timeless elegance of our Tatami Yoga Mat. It's a piece of nature that brings peace, balance, and authenticity to your every move.",199,199,USD,,,,182.88,cm,26x72inch,66.04,cm,26x72inch,,,,,Textured,Eco-Friendly; Non-Slip,,1,true,9088769294555,gray-tatami-yoga-mat,Sumo Yoga,Yogamat,Comfort; Igusa Grass; Mindful Clothing; Sustainable,2026-01-07T19:37:31-08:00,2026-01-07T19:45:18-08:00,https://cdn.shopify.com/s/files/1/0749/7754/2363/files/graya.png?v=1767843391
sumoyoga-black-tatami-yoga-mat,Indigo Tatami Yoga Mat,sumoyoga,"Experience the ancient tranquility of Japan with our Tatami Yoga Mat(26x72inch), the perfect fusion of tradition and modern wellness. Handcrafted from 100% natural Igusa rush grass, this mat offers an authentic and serene surface for your yoga practice. Igusa grass is not only sustainable but also provides a host of natural benefits to enhance your practice.
Sumo Yoga: Tatami Yoga MatExperience the ancient tranquility of Japan with our Tatami Yoga Mat, the perfect fusion of tradition and modern wellness. Handcrafted from 100% natural Igusa rush grass, this mat offers an authentic and serene surface for your yoga practice. Igusa grass is not only sustainable but also provides a host of natural benefits to enhance your practice.
Key Features and Benefits
Natural Air Purifier: Igusa grass is known for its natural ability to purify the air by absorbing nitrogen dioxide, helping to create a cleaner, more refreshing environment for your practice.Optimal Temperature Regulation: The unique cellular structure of the grass provides a natural cooling effect in warmer weather and retains warmth in cooler temperatures, keeping you comfortable year-round.Naturally Deodorizing: Say goodbye to lingering odors. The mat's Igusa grass naturally absorbs and neutralizes common smells like sweat, leaving your mat fresh and clean.Stain and Flame Retardant: The dense, natural fibers of Igusa grass are inherently resistant to stains and flames, making your mat both easy to maintain and durable for long-term use.Authentic Tatami Feel: The firm, woven texture of the rush grass offers a naturally non-slip surface, giving you a stable and grounding foundation for every pose.Superior Grip and Stability: Unlike conventional mats, the Tatami Yoga Mat's firm surface helps you build strength and balance, especially in standing poses, by encouraging proper muscle engagement.Elevate Your PracticeThe Tatami Yoga Mat is more than just a piece of equipment; it's a sensory experience that deepens your connection to your practice. The subtle, earthy fragrance of Igusa grass is known for its calming properties, helping you find focus and relaxation during meditation and breathwork.Embrace the serene art of Sumo Yoga and elevate your practice with the timeless elegance of our Tatami Yoga Mat. It's a piece of nature that brings peace, balance, and authenticity to your every move.",199,199,USD,,,,182.88,cm,26x72inch,66.04,cm,26x72inch,,,,,Grippy,Eco-Friendly; Non-Slip,,1,true,9088769425627,black-tatami-yoga-mat,Sumo Yoga,Yogamat,Comfort; Igusa Grass; Mindful Clothing; Non-Slip; Sustainable; Unisex; Wellness; Yoga Wear,2026-01-07T19:39:47-08:00,2026-01-07T19:45:19-08:00,https://cdn.shopify.com/s/files/1/0749/7754/2363/files/blacka.png?v=1767843518
sumoyoga-matcha-tatami-yoga-mat,Matcha Tatami Yoga Mat,sumoyoga,"Experience the ancient tranquility of Japan with our Tatami Yoga Mat(26x72inch), the perfect fusion of tradition and modern wellness. Handcrafted from 100% natural Igusa rush grass, this mat offers an authentic and serene surface for your yoga practice. Igusa grass is not only sustainable but also provides a host of natural benefits to enhance your practice.
Sumo Yoga: Tatami Yoga MatExperience the ancient tranquility of Japan with our Tatami Yoga Mat, the perfect fusion of tradition and modern wellness. Handcrafted from 100% natural Igusa rush grass, this mat offers an authentic and serene surface for your yoga practice. Igusa grass is not only sustainable but also provides a host of natural benefits to enhance your practice.
Key Features and Benefits
Natural Air Purifier: Igusa grass is known for its natural ability to purify the air by absorbing nitrogen dioxide, helping to create a cleaner, more refreshing environment for your practice.Optimal Temperature Regulation: The unique cellular structure of the grass provides a natural cooling effect in warmer weather and retains warmth in cooler temperatures, keeping you comfortable year-round.Naturally Deodorizing: Say goodbye to lingering odors. The mat's Igusa grass naturally absorbs and neutralizes common smells like sweat, leaving your mat fresh and clean.Stain and Flame Retardant: The dense, natural fibers of Igusa grass are inherently resistant to stains and flames, making your mat both easy to maintain and durable for long-term use.Authentic Tatami Feel: The firm, woven texture of the rush grass offers a naturally non-slip surface, giving you a stable and grounding foundation for every pose.Superior Grip and Stability: Unlike conventional mats, the Tatami Yoga Mat's firm surface helps you build strength and balance, especially in standing poses, by encouraging proper muscle engagement.Elevate Your PracticeThe Tatami Yoga Mat is more than just a piece of equipment; it's a sensory experience that deepens your connection to your practice. The subtle, earthy fragrance of Igusa grass is known for its calming properties, helping you find focus and relaxation during meditation and breathwork.Embrace the serene art of Sumo Yoga and elevate your practice with the timeless elegance of our Tatami Yoga Mat. It's a piece of nature that brings peace, balance, and authenticity to your every move.",199,199,USD,,,,182.88,cm,26x72inch,66.04,cm,26x72inch,,,,,Textured,Eco-Friendly; Non-Slip,,1,false,9088767885531,matcha-tatami-yoga-mat,Sumo Yoga,,,2026-01-07T19:25:36-08:00,2026-01-07T19:45:17-08:00,https://cdn.shopify.com/s/files/1/0749/7754/2363/files/matchaa.png?v=1767842656
sumoyoga-mustard-tatami-yoga-mat,Mustard Tatami Yoga Mat,sumoyoga,"Experience the ancient tranquility of Japan with our Tatami Yoga Mat(26x72inch), the perfect fusion of tradition and modern wellness. Handcrafted from 100% natural Igusa rush grass, this mat offers an authentic and serene surface for your yoga practice. Igusa grass is not only sustainable but also provides a host of natural benefits to enhance your practice.
Sumo Yoga: Tatami Yoga MatExperience the ancient tranquility of Japan with our Tatami Yoga Mat, the perfect fusion of tradition and modern wellness. Handcrafted from 100% natural Igusa rush grass, this mat offers an authentic and serene surface for your yoga practice. Igusa grass is not only sustainable but also provides a host of natural benefits to enhance your practice.
Key Features and Benefits
Natural Air Purifier: Igusa grass is known for its natural ability to purify the air by absorbing nitrogen dioxide, helping to create a cleaner, more refreshing environment for your practice.Optimal Temperature Regulation: The unique cellular structure of the grass provides a natural cooling effect in warmer weather and retains warmth in cooler temperatures, keeping you comfortable year-round.Naturally Deodorizing: Say goodbye to lingering odors. The mat's Igusa grass naturally absorbs and neutralizes common smells like sweat, leaving your mat fresh and clean.Stain and Flame Retardant: The dense, natural fibers of Igusa grass are inherently resistant to stains and flames, making your mat both easy to maintain and durable for long-term use.Authentic Tatami Feel: The firm, woven texture of the rush grass offers a naturally non-slip surface, giving you a stable and grounding foundation for every pose.Superior Grip and Stability: Unlike conventional mats, the Tatami Yoga Mat's firm surface helps you build strength and balance, especially in standing poses, by encouraging proper muscle engagement.Elevate Your PracticeThe Tatami Yoga Mat is more than just a piece of equipment; it's a sensory experience that deepens your connection to your practice. The subtle, earthy fragrance of Igusa grass is known for its calming properties, helping you find focus and relaxation during meditation and breathwork.Embrace the serene art of Sumo Yoga and elevate your practice with the timeless elegance of our Tatami Yoga Mat. It's a piece of nature that brings peace, balance, and authenticity to your every move.",199,199,USD,,,,182.88,cm,26x72inch,66.04,cm,26x72inch,,,,,Grippy,Eco-Friendly; Non-Slip,,1,true,9088769589467,mustard-tatami-yoga-mat,Sumo Yoga,Yogamat,Comfort; Igusa Grass; Mindful Clothing; Non-Slip; Sustainable,2026-01-07T19:43:14-08:00,2026-01-07T19:45:20-08:00,https://cdn.shopify.com/s/files/1/0749/7754/2363/files/mustarda.png?v=1767843736
sumoyoga-nude-tatami-yoga-mat,Nude Tatami Yoga Mat,sumoyoga,"Experience the ancient tranquility of Japan with our Tatami Yoga Mat(26x72inch), the perfect fusion of tradition and modern wellness. Handcrafted from 100% natural Igusa rush grass, this mat offers an authentic and serene surface for your yoga practice. Igusa grass is not only sustainable but also provides a host of natural benefits to enhance your practice.
Sumo Yoga: Tatami Yoga MatExperience the ancient tranquility of Japan with our Tatami Yoga Mat, the perfect fusion of tradition and modern wellness. Handcrafted from 100% natural Igusa rush grass, this mat offers an authentic and serene surface for your yoga practice. Igusa grass is not only sustainable but also provides a host of natural benefits to enhance your practice.
Key Features and Benefits
Natural Air Purifier: Igusa grass is known for its natural ability to purify the air by absorbing nitrogen dioxide, helping to create a cleaner, more refreshing environment for your practice.Optimal Temperature Regulation: The unique cellular structure of the grass provides a natural cooling effect in warmer weather and retains warmth in cooler temperatures, keeping you comfortable year-round.Naturally Deodorizing: Say goodbye to lingering odors. The mat's Igusa grass naturally absorbs and neutralizes common smells like sweat, leaving your mat fresh and clean.Stain and Flame Retardant: The dense, natural fibers of Igusa grass are inherently resistant to stains and flames, making your mat both easy to maintain and durable for long-term use.Authentic Tatami Feel: The firm, woven texture of the rush grass offers a naturally non-slip surface, giving you a stable and grounding foundation for every pose.Superior Grip and Stability: Unlike conventional mats, the Tatami Yoga Mat's firm surface helps you build strength and balance, especially in standing poses, by encouraging proper muscle engagement.Elevate Your PracticeThe Tatami Yoga Mat is more than just a piece of equipment; it's a sensory experience that deepens your connection to your practice. The subtle, earthy fragrance of Igusa grass is known for its calming properties, helping you find focus and relaxation during meditation and breathwork.Embrace the serene art of Sumo Yoga and elevate your practice with the timeless elegance of our Tatami Yoga Mat. It's a piece of nature that brings peace, balance, and authenticity to your every move.",199,199,USD,,,,182.88,cm,26x72inch,66.04,cm,26x72inch,,,,,Textured,Eco-Friendly; Non-Slip,,1,true,9088766214363,nude-tatami-yoga-mat,Sumo Yoga,,,2026-01-07T19:22:08-08:00,2026-01-07T19:45:16-08:00,https://cdn.shopify.com/s/files/1/0749/7754/2363/files/nudea.png?v=1767843127
sumoyoga-olive-tatami-yoga-mat,Olive Tatami Yoga Mat,sumoyoga,"Experience the ancient tranquility of Japan with our Tatami Yoga Mat(26x72inch), the perfect fusion of tradition and modern wellness. Handcrafted from 100% natural Igusa rush grass, this mat offers an authentic and serene surface for your yoga practice. Igusa grass is not only sustainable but also provides a host of natural benefits to enhance your practice.
Sumo Yoga: Tatami Yoga MatExperience the ancient tranquility of Japan with our Tatami Yoga Mat, the perfect fusion of tradition and modern wellness. Handcrafted from 100% natural Igusa rush grass, this mat offers an authentic and serene surface for your yoga practice. Igusa grass is not only sustainable but also provides a host of natural benefits to enhance your practice.
Key Features and Benefits
Natural Air Purifier: Igusa grass is known for its natural ability to purify the air by absorbing nitrogen dioxide, helping to create a cleaner, more refreshing environment for your practice.Optimal Temperature Regulation: The unique cellular structure of the grass provides a natural cooling effect in warmer weather and retains warmth in cooler temperatures, keeping you comfortable year-round.Naturally Deodorizing: Say goodbye to lingering odors. The mat's Igusa grass naturally absorbs and neutralizes common smells like sweat, leaving your mat fresh and clean.Stain and Flame Retardant: The dense, natural fibers of Igusa grass are inherently resistant to stains and flames, making your mat both easy to maintain and durable for long-term use.Authentic Tatami Feel: The firm, woven texture of the rush grass offers a naturally non-slip surface, giving you a stable and grounding foundation for every pose.Superior Grip and Stability: Unlike conventional mats, the Tatami Yoga Mat's firm surface helps you build strength and balance, especially in standing poses, by encouraging proper muscle engagement.Elevate Your PracticeThe Tatami Yoga Mat is more than just a piece of equipment; it's a sensory experience that deepens your connection to your practice. The subtle, earthy fragrance of Igusa grass is known for its calming properties, helping you find focus and relaxation during meditation and breathwork.Embrace the serene art of Sumo Yoga and elevate your practice with the timeless elegance of our Tatami Yoga Mat. It's a piece of nature that brings peace, balance, and authenticity to your every move.",199,199,USD,,,,182.88,cm,26x72inch,66.04,cm,26x72inch,,,,,Textured,Eco-Friendly; Non-Slip,,1,true,9088769163483,olive-tatami-yoga-mat,Sumo Yoga,Yogamat,Comfort; Igusa Grass; Mindful Clothing; Sustainable,2026-01-07T19:34:58-08:00,2026-01-07T19:45:18-08:00,https://cdn.shopify.com/s/files/1/0749/7754/2363/files/olivea.png?v=1767843197
thesatoriconcept-the-peaceful-mountain-cork-yoga-mat,Peaceful Mountain Cork Yoga Mat,thesatoriconcept,"This beautifully designed mat features a serene green color, reminiscent of lush forests and rolling hills. The intricate layers of mountain patterns are thoughtfully crafted to inspire a sense of calm and grounding. Whether you’re practicing at home, in the studio, or outdoors, the Peaceful Mountain Yoga Mat serves as a constant reminder of the tranquility and strength found in nature. Allow its calming presence to enhance your yoga experience, making each session a peaceful retreat from the hustle and bustle of daily life.
Our mountain design was inspired by the refreshed feeling of being surrounded by nature.
This mat has been upgraded to an extended size of 72 x 26 inches.
Free gift : Carry strap is included!",79,79,USD,4,mm,4mm,182,cm,66cm x 182cm,66,cm,66cm x 182cm,2.5,kg,2.5kg,Cork,,,,1,false,6629890588857,the-peaceful-mountain-cork-yoga-mat,Satori Concept,Yoga Mat,Best Seller; mat,2021-04-05T14:20:06-04:00,2021-07-21T16:55:15-04:00,https://cdn.shopify.com/s/files/1/0531/5081/0297/files/Peaceful_Mountain_Cork_Yoga_Mat_-_Satori_Concept_-5136129.png?v=1753411944
thesatoriconcept-garden-of-flower-cork-yoga-mat,Garden of Flower Cork Yoga Mat,thesatoriconcept,"Step onto the Garden of Flower Yoga Mat, where the delicate beauty of Magnolia flowers blooms in abundance. Crafted with earth-tone colors that mirror the soothing hues of the soil and the elevated pinks of Magnolia blossoms, this mat evokes a sense of calm while symbolizing the purity and resilience of Magnolias. As you unroll this mat, you are transported on to a magical garden, leaving behind the chaos of the outside world and reconnecting with your inner self.
Free gift : Carry strap is included",79,79,USD,4,mm,4mm,182,cm,66cm x 182cm,66,cm,66cm x 182cm,2.5,kg,2.5kg,Cork,,Eco-Friendly,,1,false,6782422679737,garden-of-flower-cork-yoga-mat,Satori Concept,Yoga Mat,Best Seller; mat,2021-06-15T21:32:35-04:00,2025-12-19T09:24:56-05:00,https://cdn.shopify.com/s/files/1/0531/5081/0297/files/Garden_of_Flower_Cork_Yoga_Mat_-_Satori_Concept_-5136063.png?v=1753445544
thesatoriconcept-satoriconcept-original-cork-yoga-mat,Original Cork Yoga Mat,thesatoriconcept,"Our classic mat puts the beauty of cork center stage. The eco-friendly quality of the mat not only provides a gentle and accommodating feeling to the body but also helps you enjoy the maximum effect of yoga exercise.
One beautiful thing about Cork Yoga Mat is its ability to withstand sweat, unlike some yoga mats which begin to peel and scratch under constant sweat. 
Free gift : Carry strap is included",79,79,USD,4,mm,4mm,182,cm,66cm x 182cm,66,cm,66cm x 182cm,2.5,kg,2.5kg,Cork,,Eco-Friendly,,1,false,6235203731641,satoriconcept-original-cork-yoga-mat,Satori Concept,Yoga Mat,mat,2021-01-13T10:14:17-05:00,2021-01-13T10:14:19-05:00,https://cdn.shopify.com/s/files/1/0531/5081/0297/files/Original_Cork_Yoga_Mat_-_Satori_Concept_-5136095.png?v=1730725954
thesatoriconcept-7-chakras-cork-yoga-mat,7 Chakras Cork Yoga Mat,thesatoriconcept,"Awaken your energy centers with our 7 Chakras Cork Yoga Mat, featuring vibrant colors that represent each chakra. This design promotes balance and harmony in your practice, aligning your physical and spiritual self. The mat’s vivid hues not only enhance your focus but also inspire a deeper connection to your inner energy. Crafted for yogis of all levels, this mat provides a non-slip surface and optimal cushioning. Let the 7 Chakras design inspire your journey towards equilibrium and well-being, infusing your practice with vibrant energy and holistic balance.
Free gift : Carry strap is included",85,85,USD,4,mm,4mm,182,cm,61cm x 182cm,61,cm,61cm x 182cm,2.5,kg,2.5kg,Cork,Grippy,Non-Slip,,1,false,6235261796537,7-chakras-cork-yoga-mat,Satori Concept,Yoga Mat,Best Seller; Mat,2021-01-13T10:53:03-05:00,2022-11-28T22:12:16-05:00,https://cdn.shopify.com/s/files/1/0531/5081/0297/files/7C_Cover.png?v=1753445411
thesatoriconcept-koi-fish-cork-yoga-mat,KOI Fish Cork Yoga Mat,thesatoriconcept,"From our designer: ""This concept captures the essence of zen, featuring a calm and peaceful pond adorned with waterlilies and gracefully swimming koi. I chose the elegant butterfly Koi, known for their long, flowing fins and tails, adding a touch of beauty and movement to the design. Complementing the koi, water lettuce has been included for its decorative appeal, enhancing the overall aesthetic and staying true to the initial concept. In Japanese culture, Koi fish symbolize luck and prosperity, while the waterlilies, akin to lotuses, represent rebirth and resurrection."" 
This artwork is brought to you by Yohanes Ragil, an Illustrator/Graphic Designer based in Bali, Indonesia. His works are usually inspired by nature and cultures (especially Southeast Asian) with a style inspired by lino-cut technique in a monochromatic palette. 
Free gift : Carry strap is included",89,89,USD,,,,,,,,,,,,,Cork,,Eco-Friendly,,1,false,7912633827513,koi-fish-cork-yoga-mat,Satori Concept,Yoga Mat,mat,2024-06-05T08:57:58-04:00,2024-06-10T21:15:29-04:00,https://cdn.shopify.com/s/files/1/0531/5081/0297/files/3-1-3.jpg?v=1753445890
thesatoriconcept-extra-large-cork-yoga-mat,"XL Original Cork Yoga Mat (80""x26""x6mm)",thesatoriconcept,"Our classic large yoga mat puts the beauty of cork center stage. The eco-friendly quality of the mat not only provides a gentle and accommodating feeling to the body but also helps you enjoy the maximum effect of yoga exercise.
One beautiful thing about Cork Yoga Mat is its ability to withstand sweat, unlike some yoga mats which begin to peel and scratch under constant sweat. 
Free gift : Carry strap is included",85,85,USD,6,mm,6mm,203,cm,66cm x 203cm,66,cm,66cm x 203cm,3.8,kg,3.8kg,Cork,,Eco-Friendly,,1,false,7973685100729,extra-large-cork-yoga-mat,Satori Concept,Yoga Mat,mat,2024-09-04T19:47:34-04:00,2024-09-04T19:48:17-04:00,https://cdn.shopify.com/s/files/1/0531/5081/0297/files/Upgraded_size_6.png?v=1754502783
thesatoriconcept-xl-6mm-mountain-cork-mat,"XL Mountain Mat (80""x26""x6mm)",thesatoriconcept,"Our mountain design was inspired by the refreshed feeling of being surrounded by nature.
This beautifully designed large yoga mat features a serene green color, reminiscent of lush forests and rolling hills. The intricate layers of mountain patterns are thoughtfully crafted to inspire a sense of calm and grounding. Whether you’re practicing at home, in the studio, or outdoors, the Peaceful Mountain Yoga Mat serves as a constant reminder of the tranquility and strength found in nature. Allow its calming presence to enhance your yoga experience, making each session a peaceful retreat from the hustle and bustle of daily life.
Free gift : Carry strap is included",85,85,USD,6,mm,6mm,203,cm,66cm x 203cm,66,cm,66cm x 203cm,3.8,kg,3.8kg,Natural Rubber,,,,1,true,8012567740601,xl-6mm-mountain-cork-mat,Satori Concept,Yoga Mat,mat,2024-11-01T10:17:16-04:00,2024-11-01T10:23:52-04:00,https://cdn.shopify.com/s/files/1/0531/5081/0297/files/Upgraded_size_4.png?v=1753444140
thesatoriconcept-xl-four-elements-cork-yoga-mat-80x26x6mm,"XL Four Elements Cork Yoga Mat (80""x26""x6mm)",thesatoriconcept,"Special launching promotion: 17% off
Our 4 Elements design embodies the essence of Earth, Water, Fire, and Air. Earth grounds you, Water brings fluidity, Fire sparks passion, and Air provides clarity. Together, they inspire balance and harmony in your yoga practice. The centered symmetric line ensures precise alignment, enhancing your overall practice.
Free gift : Carry strap is included",85,85,USD,6,mm,6mm,203,cm,66cm x 203cm,66,cm,66cm x 203cm,3.8,kg,3.8kg,Cork,,Alignment Marks,,1,false,8051058639033,xl-four-elements-cork-yoga-mat-80x26x6mm,Satori Concept,Yoga Mat,mat,2025-02-24T15:10:15-05:00,2025-02-24T15:13:53-05:00,https://cdn.shopify.com/s/files/1/0531/5081/0297/files/mat_bigger_3.jpg?v=1740427987
thesatoriconcept-xl-phoenix-cork-yoga-mat,"XL Phoenix Cork Yoga Mat (80""x26""x6mm)",thesatoriconcept,"The Phoenix Yoga Mat, inspired by East Asian art, features a majestic phoenix poised for ascent, framed by delicate azaleas and drifting clouds. This design exudes grace and movement, with the phoenix symbolizing loyalty and prosperity, and the azaleas representing abundance and love, creating a piece rich in meaning and elegance.
This artwork is brought to you by Yohanes Ragil, a designer based in Bali, Indonesia. His works are usually inspired by nature and cultures (especially Southeast Asian) with a style inspired by lino-cut technique in a monochromatic palette. 
Free gift : Carry strap is included",99,99,USD,6,mm,6mm,203,cm,66cm x 203cm,66,cm,66cm x 203cm,3.8,kg,3.8kg,Cork,,,,1,true,8173484638393,xl-phoenix-cork-yoga-mat,Satori Concept,Yoga Mat,mat,2025-07-20T21:28:20-04:00,2025-07-20T21:34:50-04:00,https://cdn.shopify.com/s/files/1/0531/5081/0297/files/Upgraded_size_5.png?v=1757783654
thesatoriconcept-xl-blue-whale-cork-yoga-mat-80x26x6mm,"XL Blue Whale Cork Yoga Mat (80""x26""x6mm)",thesatoriconcept,"This design is inspired by our deep love for the ocean. The whale tail represents freedom and joy — a graceful moment when the whale leaps above the water, symbolizing harmony and connection with nature. It also reminds us to protect our oceans and the incredible life within them.
Created by artist Amanda Rasmitha, this design was originally painted using watercolor techniques. We transformed her artwork onto the cork surface, and after multiple color tests, we are happy to bring it to life with the vivid blue shades that capture the spirit and serenity of the sea.
The mat also features instructional alignment lines to help guide your poses and support balance.
Free gift : Carry strap is included",85,85,USD,6,mm,6mm,203,cm,66cm x 203cm,66,cm,66cm x 203cm,3.8,kg,3.8kg,Cork,,Alignment Marks,,1,true,8211331055801,xl-blue-whale-cork-yoga-mat-80x26x6mm,Satori Concept,Yoga Mat,mat,2025-09-12T14:56:01-04:00,2025-12-28T03:32:47-05:00,https://cdn.shopify.com/s/files/1/0531/5081/0297/files/Upgraded_size_13.png?v=1757784337
thesatoriconcept-xl-the-earth-cork-yoga-mat-80x26x6mm,"XL The Earth Cork Yoga Mat (80""x26""x6mm)",thesatoriconcept,"Our Latest Design Is Here 💚
Find your center on this beautifully crafted cork mat, where warm, earthy tones meet vibrant green botanicals. A radiant globe takes center stage, reminding us that every movement connects us to something greater than ourselves.
Lush green forest details frame your flow—ferns and palms above, evergreens below—inviting you into a natural sanctuary where you can breathe, stretch, and simply be. The alignment lines are there to support your practice and poses.
Crafted from sustainable cork with rich green accents throughout, this mat is a celebration of our beautiful planet.",99,99,USD,6,mm,6mm,203,cm,66cm x 203cm,66,cm,66cm x 203cm,3.8,kg,3.8kg,Cork,,Eco-Friendly; Alignment Marks,,1,true,8261229609145,xl-the-earth-cork-yoga-mat-80x26x6mm,Satori Concept,Yoga Mat,mat,2025-10-30T21:33:33-04:00,2025-11-21T13:51:57-05:00,https://cdn.shopify.com/s/files/1/0531/5081/0297/files/6.jpg?v=1763751119
woloyoga-ascend-yoga-mat,Ascend Mat 4mm,woloyoga,"A performance-focused yoga mat made from 100% natural rubber, designed for dynamic flows and serious practice. Usable on both sides for versatility and control, it provides dependable grip and stability so you can transition smoothly between poses, stay supported through intense sequences, and practise with confidence at a higher level.",121.38,163.38,USD,4,mm,4mm,183,cm,183cm long x 68cm wide,68,cm,183cm long x 68cm wide,2.7,kg,2.7kg,Natural Rubber,Grippy,Non-Slip,Limestone Grey; Unakite Pink,6,true,8333492650180,ascend-yoga-mat,Wolo Yoga,Yoga & Pilates Mats,normal price,2025-08-06T15:46:31+08:00,2025-08-17T19:56:58+08:00,https://cdn.shopify.com/s/files/1/0552/8341/7284/files/ascend-lg-1.png?v=1756254213
woloyoga-mastery-yoga-mat,Mastery Mat 4mm,woloyoga,"Built for practitioners who take their practice seriously. The Mastery Mat gives you the grip, cushioning, and durability to show up fully — every session, for years.",83.58,125.58,USD,4,mm,4mm,183,cm,183cm long x 68cm wide,68,cm,183cm long x 68cm wide,2.7,kg,2.7kg,Natural Rubber,Grippy,Non-Slip,Pebble Khaki; Sakura Pink; Sage Green; Lilac Purple; Obsidian Black,15,true,8210934399172,mastery-yoga-mat,Wolo Yoga,Yoga & Pilates Mats,normal price,2025-03-17T15:48:46+08:00,2025-03-17T15:56:43+08:00,https://cdn.shopify.com/s/files/1/0552/8341/7284/files/khaki-mastery-yoga-mat-1.png?v=1772780128
woloyoga-away-travel-mat,Away Travel Mat 1.5mm,woloyoga,"A lightweight, foldable yoga mat designed for movement on the go without sacrificing grip or stability. Compact enough to fit into your suitcase yet equally grippy as a full-sized mat, it helps you maintain your practice anywhere, move with confidence, and stay grounded whether at home, in the studio, or while travelling.",66.78,108.78,USD,1.5,mm,1.5mm,183,cm,183cm long x 68cm width,68,cm,183cm long x 68cm width,1.3,kg,1.3kg,Natural Rubber,Grippy,Non-Slip; Lightweight; Travel,Sunset Pink; Earth Beige; Rainforest Green; Galaxy Purple; Ocean Blue,15,true,8247536746692,away-travel-mat,Wolo Yoga,Yoga & Pilates Mats,normal price,2025-04-28T13:47:44+08:00,2025-04-28T13:47:44+08:00,https://cdn.shopify.com/s/files/1/0552/8341/7284/files/pink-travel-mat-1.png?v=1772780447
woloyoga-dual-flow-bundle,Dual Flow Bundle,woloyoga,Two Mastery Mats so you and a partner can practice together with comfort and grip.,159.18,159.18,USD,4,mm,4mm,183,cm,183cm long x 68cm wide,68,cm,183cm long x 68cm wide,2.7,kg,2.7kg,Natural Rubber,Grippy,Non-Slip,Pebble Khaki; Sakura Pink; Sage Green; Lilac Purple; Obsidian Black,25,true,8210944131268,dual-flow-bundle,Wolo Yoga,,bundle,2025-03-17T16:10:36+08:00,2026-03-19T13:12:12+08:00,https://cdn.shopify.com/s/files/1/0552/8341/7284/files/dual_-flow-01.png?v=1763540961
woloyoga-travel-flow-bundle,Travel Flow Bundle,woloyoga,"Two Away Mats that are lightweight, foldable, and easy to pack for practice anywhere.",129.78,129.78,USD,1.5,mm,1.5mm,183,cm,183cm long x 68cm width,68,cm,183cm long x 68cm width,1.3,kg,1.3kg,Natural Rubber,,Lightweight; Travel,Earth Beige; Sunset Pink; Rainforest Green; Galaxy Purple; Ocean Blue,25,true,8347884716228,travel-flow-bundle,Wolo Yoga,,bundle; normal price,2025-08-27T07:49:54+08:00,2025-10-27T21:49:12+08:00,https://cdn.shopify.com/s/files/1/0552/8341/7284/files/travel-flow-6.png?v=1767431038
woloyoga-complete-flow-bundle,Complete Flow Bundle,woloyoga,"One Mastery Mat and one Away Travel Mat, giving you the perfect balance of home stability and travel-ready freedom.",142.38,142.38,USD,,,,183,cm,183cm long x 68cm wide,68,cm,183cm long x 68cm wide,,,,Natural Rubber,,Travel,Pebble Khaki; Sakura Pink; Sage Green; Lilac Purple; Obsidian Black,25,true,8347909095620,complete-flow-bundle,Wolo Yoga,,bundle; normal price,2025-08-27T08:26:21+08:00,2026-03-19T13:12:43+08:00,https://cdn.shopify.com/s/files/1/0552/8341/7284/files/complete-flow-2.png?v=1762936722
woloyoga-elevate-flow-bundle,Elevate Flow Bundle,woloyoga,Two Ascend Mats built for performance and balance. Ideal for couples or advanced practitioners who want to rise higher together.,209.58,209.58,USD,4,mm,4mm,183,cm,183cm long x 68cm wide,68,cm,183cm long x 68cm wide,2.7,kg,2.7kg,Natural Rubber,,,Limestone Grey; Unakite Pink,4,true,8394648355012,elevate-flow-bundle,Wolo Yoga,,bundle; normal price,2025-10-28T11:21:57+08:00,2025-10-28T11:40:59+08:00,https://cdn.shopify.com/s/files/1/0552/8341/7284/files/elevate-flow-01.png?v=1762934375
yogadesignlab-combo-yoga-mat-celestial,Combo Yoga Mat - Celestial,yogadesignlab,"Reach for the stars with the Celestial Combo Yoga Mat, a perfect blend of beauty, functionality, and sustainability. Inspired by the vastness of the cosmos, this mat features a dreamy celestial design that adds a sense of wonder and tranquility to your practice.


All-in-One Design: Say goodbye to slippery layers‚ this mat fuses a natural rubber base with a moisture-activated microfiber surface for unmatched grip and convenience.

Eco-Friendly Materials: Made with a natural rubber base and recycled PET microfiber, printed using water-based inks. Free of silicone, toxic glue, and phthalates, it‚ is a conscious choice for you and the planet.

Moisture-Activated Grip: The surface becomes grippier as you sweat, supporting your transitions and deeper poses with ease.

Perfect For All Styles: Ideal for hot yoga, vinyasa, power yoga, restorative sessions, and more, providing the support and grip needed for every flow.

Carry Strap Included: Comes with a durable strap for easy transport to and from your practice.

Ideal for hot yoga, vinyasa, or any practice that demands both style and performance, the Celestial Combo Yoga Mat elevates your experience with every movement.",83,121,USD,1.5,mm,1.5mm,178,cm,"70"" (178 cm) long x 24"" (61 cm) wide",61,cm,"70"" (178 cm) long x 24"" (61 cm) wide",3.2,kg,3.2 kg,Natural Rubber,Suede-like,Eco-Friendly; Non-Slip,,3,true,7140703764639,combo-yoga-mat-celestial,Yoga Design Lab,Combo Yoga Mat,3.5mm; 5.5mm; celestial; combo yoga mat,2021-10-15T00:38:30-04:00,2024-01-25T06:52:18-05:00,https://cdn.shopify.com/s/files/1/0507/7886/5823/files/combo-yoga-mat-2-in-1-mat-towel-celestial-lightweight-ultra-soft-yoga-design-lab-1.jpg?v=1686372107
yogadesignlab-combo-yoga-mat-aegean-green,Combo Yoga Mat - Aegean Green,yogadesignlab,"Immerse yourself in the tranquil elegance of the Aegean Green Combo Yoga Mat, where design meets functionality. This all-in-one mat combines the grip of a natural rubber base with the absorbency of a microfiber towel, providing everything you need for a seamless practice.


All-in-One Design: Say goodbye to slippery layers‚ this mat fuses a natural rubber base with a moisture-activated microfiber surface for unmatched grip and convenience.

Eco-Friendly Materials: Made with a natural rubber base and recycled PET microfiber, printed using water-based inks. Free of silicone, toxic glue, and phthalates, it‚ is a conscious choice for you and the planet.

Moisture-Activated Grip: The surface becomes grippier as you sweat, supporting your transitions and deeper poses with ease.

Perfect For All Styles: Ideal for hot yoga, vinyasa, power yoga, restorative sessions, and more, providing the support and grip needed for every flow.


Carry Strap Included: Comes with a durable strap for easy transport to and from your practice.

The serene Aegean green tones evoke a sense of calm and focus, creating a grounding experience every time you unroll your mat. Perfect for hot yoga, vinyasa, or your favorite flow.",110,121,USD,3.5,mm,3.5mm,178,cm,"70"" (178 cm) long x 24"" (61 cm) wide",61,cm,"70"" (178 cm) long x 24"" (61 cm) wide",3.2,kg,3.2 kg,Natural Rubber,Suede-like,Eco-Friendly; Non-Slip,,2,true,6969327321247,combo-yoga-mat-aegean-green,Yoga Design Lab,Combo Yoga Mat,3.5mm; 5.5mm; combo yoga mat,2021-07-24T09:08:22-04:00,2021-09-17T14:18:00-04:00,https://cdn.shopify.com/s/files/1/0507/7886/5823/files/combo-yoga-mat-2-in-1-mat-towel-aegean-green-lightweight-and-best-hot-yoga-mat-yoga-design-lab-1.jpg?v=1686372050
yogadesignlab-combo-yoga-mat-breathe,Combo Yoga Mat - Breathe,yogadesignlab,"Find calm and clarity with the Breathe Combo Yoga Mat, designed to inspire mindfulness through every pose. Its serene design blends artful aesthetics with practical functionality, featuring a sweat-activated microfiber towel top fused with a durable natural tree rubber base for ultimate stability.


All-in-One Design: Say goodbye to slippery layers‚ this mat fuses a natural rubber base with a moisture-activated microfiber surface for unmatched grip and convenience.

Eco-Friendly Materials: Made with a natural rubber base and recycled PET microfiber, printed using water-based inks. Free of silicone, toxic glue, and phthalates, it‚ is a conscious choice for you and the planet.

Moisture-Activated Grip: The surface becomes grippier as you sweat, supporting your transitions and deeper poses with ease.

Perfect For All Styles: Ideal for hot yoga, vinyasa, power yoga, restorative sessions, and more, providing the support and grip needed for every flow.


Carry Strap Included: Comes with a durable strap for easy transport to and from your practice.

Ideal for all styles of yoga, this mat offers a non-slip surface that enhances grip as your practice heats up. Lightweight and eco-conscious, it‚ is free from toxic materials, making it a sustainable and stylish companion for your wellness journey.
Let this mat remind you to inhale, exhale, and flow with intention.",83,121,USD,1.5,mm,1.5mm,178,cm,"70"" (178 cm) long x 24"" (61 cm) wide",61,cm,"70"" (178 cm) long x 24"" (61 cm) wide",3.2,kg,3.2 kg,Natural Rubber,Suede-like,Eco-Friendly; Non-Slip; Lightweight,,3,true,6969263358111,combo-yoga-mat-breathe,Yoga Design Lab,Combo Yoga Mat,3.5mm; 5.5mm; combo yoga mat,2021-07-24T08:25:16-04:00,2021-09-17T14:18:15-04:00,https://cdn.shopify.com/s/files/1/0507/7886/5823/files/combo-yoga-mat-2-in-1-mat-towel-breathe-best-hot-yoga-mat-yoga-design-lab-1.jpg?v=1686372022
yogadesignlab-cork-yoga-mat-mandala-black,Cork Yoga Mat - Mandala Black,yogadesignlab,"Discover the perfect harmony of style, performance, and sustainability with the Cork Yoga Mat - Mandala Black. Designed for mindful yogis, this mat features a beautifully intricate black mandala pattern, inspiring balance and focus with every practice. The top layer is made from sustainably harvested cork, a natural, renewable material celebrated for its durability and non-slip properties. The grip improves with moisture, making it ideal for everything from gentle yin yoga to sweaty power flows and hot yoga sessions.
The cork surface is naturally antimicrobial, helping to resist odors and bacteria, so your mat stays fresh with minimal cleaning. Beneath the cork, a durable natural rubber base offers stability, cushioning, and joint support for comfort in every pose. Free from PVC, toxic glues, and harmful chemicals, this mat is as safe for you as it is for the environment.


Sustainably harvested cork for a non-slip surface that gets grippier with moisture

Naturally antimicrobial to resist odors and bacteria, keeping your mat fresh

Free from PVC and toxic chemicals for a safe and eco-friendly practice

Lightweight and durable for easy transport and long-lasting performance

Biodegradable materials to reduce your environmental footprint

Carry Strap Included: Comes with a durable strap for easy transport to and from your practice.


Whether you're practicing at home, in the studio, or outdoors, the Mandala Black Cork Yoga Mat offers a premium experience with a focus on sustainability and performance. Embrace an eco-conscious yoga practice with a mat designed to last, support, and inspire.",83,116,USD,1.5,mm,1.5mm,178,cm,"70"" (178 cm) long x 24"" (61 cm) wide",61,cm,"70"" (178 cm) long x 24"" (61 cm) wide",2.2,kg,2.2 kg,Cork,Grippy,Eco-Friendly; Non-Slip; Lightweight; Antimicrobial; Premium,,3,true,6994960449695,cork-yoga-mat-mandala-black,Yoga Design Lab,Cork Yoga Mat,3.5mm; 5.5mm; Cork Yoga Mat,2021-08-06T10:40:51-04:00,2021-09-17T14:17:33-04:00,https://cdn.shopify.com/s/files/1/0507/7886/5823/files/cork-yoga-mat-mandala-black-eco-friendly-yoga-mats-and-washable-yoga-mats-yoga-design-lab-1.jpg?v=1686372050
yogadesignlab-combo-yoga-mat-tribeca-sand,Combo Yoga Mat - Tribeca Sand,yogadesignlab,"Elevate your practice with the minimalist elegance of the Tribeca Sand Combo Yoga Mat. Its neutral, sophisticated design complements any studio or home space while offering top-tier performance. The sweat-activated microfiber towel surface is seamlessly bonded to a natural tree rubber base, providing exceptional grip and support for every pose.


All-in-One Design: Say goodbye to slippery layers‚ this mat fuses a natural rubber base with a moisture-activated microfiber surface for unmatched grip and convenience.

Eco-Friendly Materials: Made with a natural rubber base and recycled PET microfiber, printed using water-based inks. Free of silicone, toxic glue, and phthalates, it‚ is a conscious choice for you and the planet.

Moisture-Activated Grip: The surface becomes grippier as you sweat, supporting your transitions and deeper poses with ease.

Carry Strap Included: Comes with a durable strap for easy transport to and from your practice.

Perfect for hot yoga, vinyasa, or meditation, this lightweight and eco-friendly mat is crafted without toxic materials, embodying a commitment to style and sustainability.
Flow with confidence and poise on a mat that mirrors the beauty of balance and simplicity.",83,121,USD,1.5,mm,1.5mm,178,cm,"70"" (178 cm) long x 24"" (61 cm) wide",61,cm,"70"" (178 cm) long x 24"" (61 cm) wide",3.2,kg,3.2 kg,Natural Rubber,Suede-like,Eco-Friendly; Non-Slip; Lightweight,,3,true,6963795329183,combo-yoga-mat-tribeca-sand,Yoga Design Lab,Combo Yoga Mat,3.5mm; 5.5mm; combo yoga mat,2021-07-22T08:46:17-04:00,2021-09-17T14:17:48-04:00,https://cdn.shopify.com/s/files/1/0507/7886/5823/files/combo-yoga-mat-2-in-1-mat-towel-tribeca-sand-best-hot-yoga-mat-towel-yoga-design-lab-1.jpg?v=1686371987
yogadesignlab-combo-yoga-mat-geo,Combo Yoga Mat - Geo,yogadesignlab,"Transform your practice with the Geo Combo Yoga Mat, where sleek design meets high performance. The modern geometric design adds a touch of artistry to your practice, while the moisture-activated surface ensures a superior grip as you sweat, keeping you stable and focused through every pose.


All-in-One Design: Say goodbye to slippery layers‚ this mat fuses a natural rubber base with a moisture-activated microfiber surface for unmatched grip and convenience.

Eco-Friendly Materials: Made with a natural rubber base and recycled PET microfiber, printed using water-based inks. Free of silicone, toxic glue, and phthalates, it‚ is a conscious choice for you and the planet.

Moisture-Activated Grip: The surface becomes grippier as you sweat, supporting your transitions and deeper poses with ease.

Perfect For All Styles: Ideal for hot yoga, vinyasa, power yoga, restorative sessions, and more, providing the support and grip needed for every flow.

Carry Strap Included: Comes with a durable strap for easy transport to and from your practice.


Whether you‚  are flowing through vinyasa, hot yoga, or any other dynamic practice, the Geo Combo Yoga Mat offers the perfect balance of style, comfort, and performance.",83,121,USD,1.5,mm,1.5mm,178,cm,"70"" (178 cm) long x 24"" (61 cm) wide",61,cm,"70"" (178 cm) long x 24"" (61 cm) wide",3.2,kg,3.2 kg,Natural Rubber,Suede-like,Eco-Friendly; Non-Slip,,3,true,7071235014815,combo-yoga-mat-geo,Yoga Design Lab,Combo Yoga Mat,3.5mm; 5.5mm; combo yoga mat,2021-09-16T10:10:40-04:00,2021-09-17T14:17:52-04:00,https://cdn.shopify.com/s/files/1/0507/7886/5823/files/combo-yoga-mat-2-in-1-mat-towel-geo-lightweight-ultra-soft-yoga-design-lab-1.jpg?v=1686372107
yogadesignlab-infinity-yoga-mat-5mm-night,Infinity Yoga Mat - Night,yogadesignlab,"Where elegance meets endurance. The Infinity Yoga Mat - Night is a sleek, all-black mat designed for those who flow with focus. A minimalist triangle detail at the center serves as a grounding point, guiding alignment and intention. Crafted for performance, its ultra-grippy surface keeps you steady through every pose, while its cushioned support enhances comfort. Step onto the mat and move into the night‚ bold, strong, limitless.


Premium, Eco-Friendly Material: Crafted from Natural tree rubber base + PU (polyethylene), a recyclable and non-toxic material for a sustainable choice.

Superior Grip: The textured surface ensures stability and slip-resistance during all poses.

Comfortable & Cushioned: Provides ideal support for your joints and pressure points.

Easy to Clean & Maintain: Wipe down with ease after each practice.


Carrying Strap Included: Easily transport your mat to and from class with the convenient, adjustable carrying strap. Perfect for on-the-go yogis.

Elevate your practice with the Infinity Yoga Mat - Night - a fusion of style, stability, and strength. Step into the darkness, find your center, and flow without limits.",116,116,USD,5,mm,5mm,180,cm,"71"" (180 cm) long x 24"" (61 cm) wide",61,cm,"71"" (180 cm) long x 24"" (61 cm) wide",1.9,kg,1.9kg,Natural Rubber,Textured,Eco-Friendly; Non-Slip; Alignment Marks; Premium,,1,true,7147167645855,infinity-yoga-mat-5mm-night,Yoga Design Lab,Infinity Yoga Mat,5mm; Infinity Yoga Mat; year end clearance,2021-10-19T12:20:18-04:00,2023-08-29T17:07:13-04:00,https://cdn.shopify.com/s/files/1/0507/7886/5823/files/infinity-yoga-mat-5mm-blacknight-anti-slip-yoga-mat-for-poses-and-grip-yoga-design-lab-1.jpg?v=1686372127
yogadesignlab-infinity-yoga-mat-mandala-teal,Infinity Yoga Mat - Mandala Teal,yogadesignlab,"Infuse your practice with tranquility and energy with the Mandala Teal Infinity Yoga Mat. Featuring a captivating teal mandala design, this mat blends beauty with performance. Made from eco-friendly, non-toxic materials, it offers a slip-resistant surface for stability and the right amount of cushioning for comfort. Whether you're flowing through an energetic sequence or settling into a deep stretch, the Mandala Teal mat provides the support and grip you need to stay grounded and focused.


Eco-Friendly & Sustainable: Crafted from Natural tree rubber base + PU (polyethylene), a recyclable and non-toxic material for a healthier planet.

Superior Grip: Textured surface provides excellent traction for stability in every pose.

Cushioned Comfort: Soft yet supportive cushioning for optimal joint protection and comfort.

Easy to Clean: Simply wipe down for a hassle-free post-practice cleanup.

Unique Mandala Design: The calming teal mandala pattern enhances your practice with a sense of balance and peace.

Carrying Strap Included: Easily transport your mat to and from class with the convenient, adjustable carrying strap. Perfect for on-the-go yogis.


The Mandala Teal Infinity Yoga Mat combines elegance with functionality, making it the ideal mat for those seeking harmony in their practice and their environment.",110,116,USD,3,mm,3mm,180,cm,"71"" (180 cm) long x 24"" (61 cm) wide",61,cm,"71"" (180 cm) long x 24"" (61 cm) wide",1.9,kg,1.9kg,Natural Rubber,Textured,Eco-Friendly; Non-Slip,,2,true,6997229011103,infinity-yoga-mat-mandala-teal,Yoga Design Lab,Infinity Yoga Mat,3mm; 5mm; Infinity Yoga Mat,2021-08-07T09:54:50-04:00,2024-02-27T11:27:22-05:00,https://cdn.shopify.com/s/files/1/0507/7886/5823/files/infinity-yoga-mat-5mm-mandala-teal-designed-yoga-mat-for-creative-yogis-yoga-design-lab-1.jpg?v=1686372080
yogadesignlab-combo-yoga-mat-kids-geo,Kids Combo Yoga Mat - Geo,yogadesignlab,"Make movement fun with the Kids Combo Yoga Mat - Geo from Yoga Design Lab! Designed just for little yogis, this playful mat features a bold geometric pattern that sparks creativity and keeps kids engaged. 

Sized for Kids: Perfectly scaled at 60 "" x 24 "" for smaller bodies, ensuring comfort and ease during yoga or playtime.

All-in-One Design: Say goodbye to slippery layers‚ this mat fuses a natural rubber base with a moisture-activated microfiber surface for unmatched grip and convenience.

Eco-Friendly Materials: Made with a natural rubber base and recycled PET microfiber, printed using water-based inks. Free of silicone, toxic glue, and phthalates, it‚ is a conscious choice for you and the planet.

Moisture-Activated Grip: The surface becomes grippier as you sweat, supporting your transitions and deeper poses with ease.

Perfect For All Styles: Ideal for hot yoga, vinyasa, power yoga, restorative sessions, and more, providing the support and grip needed for every flow.

Carry Strap Included: Comes with a durable strap for easy transport to and from your practice.",59,59,USD,4,mm,4mm,152,cm,"60"" (152 cm) long x 40"" (101 cm) wide",101,cm,"60"" (152 cm) long x 40"" (101 cm) wide",,,,Natural Rubber,Suede-like,Eco-Friendly; Non-Slip,,1,false,6028531204255,combo-yoga-mat-kids-geo,Yoga Design Lab,Kids Combo Yoga Mat,4mm; Kids Combo Yoga Mat; year end clearance,2020-12-25T12:53:25-05:00,2025-11-10T16:12:03-05:00,https://cdn.shopify.com/s/files/1/0507/7886/5823/files/combo-yoga-mat-2-in-1-mat-towel-kids-geo-lightweight-ultra-soft-yoga-design-lab-1.jpg?v=1686371927
yogadesignlab-infinity-yoga-mat-mandala-charcoal,Infinity Yoga Mat - Mandala Charcoal,yogadesignlab,"Elevate your practice with the Mandala Black Infinity Yoga Mat, designed for those who seek both strength and serenity. Featuring an intricate black mandala design, this mat combines aesthetic elegance with superior performance. Crafted from eco-friendly, non-toxic materials, it offers a slip-resistant surface for stable poses and a cushioned feel for ultimate comfort. Perfect for any practice, from intense flows to grounding stretches, the Mandala Black mat supports you with both style and function.


Sustainable & Eco-Friendly: Crafted from Natural tree rubber base + PU (polyethylene), a recyclable, non-toxic material.

Enhanced Grip & Stability: Textured surface prevents slipping, even during the most challenging poses.

Comfortable Cushioning: Soft yet supportive for your joints and pressure points.

Easy to Care For: Wipe clean with ease after each practice.

Timeless Mandala Design: The sleek black and white mandala adds a touch of tranquility to your space.

 Carrying Strap Included: Easily transport your mat to and from class with the convenient, adjustable carrying strap. Perfect for on-the-go yogis.

The Mandala Black Infinity Yoga Mat is your perfect balance of durability, style, and eco-consciousness. Whether you're grounding yourself in meditation or flowing through poses, this mat is built to support your every movement.",110,116,USD,3,mm,3mm,180,cm,"71"" (180 cm) long x 24"" (61 cm) wide",61,cm,"71"" (180 cm) long x 24"" (61 cm) wide",1.9,kg,1.9kg,Natural Rubber,Textured,Eco-Friendly; Non-Slip,,2,true,6997211938975,infinity-yoga-mat-mandala-charcoal,Yoga Design Lab,Infinity Yoga Mat,3mm; 5mm; Infinity Yoga Mat,2021-08-07T09:39:02-04:00,2024-01-27T23:18:03-05:00,https://cdn.shopify.com/s/files/1/0507/7886/5823/files/infinity-yoga-mat-5mm-mandala-charcoal-the-best-yoga-mat-provides-great-support-yoga-design-lab-1.jpg?v=1686372080
yogadesignlab-combo-yoga-mat-mandala-turquoise,Combo Yoga Mat - Mandala Turquoise,yogadesignlab,"Center your practice with the serene and vibrant Mandala Turquoise Combo Yoga Mat. Featuring a stunning mandala design in calming turquoise hues, this mat combines artistic beauty with performance, bringing a sense of peace and balance to every flow.


All-in-One Design: Say goodbye to slippery layers‚ this mat fuses a natural rubber base with a moisture-activated microfiber surface for unmatched grip and convenience.

Eco-Friendly Materials: Made with a natural rubber base and recycled PET microfiber, printed using water-based inks. Free of silicone, toxic glue, and phthalates, it‚ is a conscious choice for you and the planet.

Moisture-Activated Grip: The surface becomes grippier as you sweat, supporting your transitions and deeper poses with ease.

Perfect For All Styles: Ideal for hot yoga, vinyasa, power yoga, restorative sessions, and more, providing the support and grip needed for every flow.

Carry Strap Included: Comes with a durable strap for easy transport to and from your practice.

Whether you're flowing through vinyasa, grounding in restorative poses, or powering through hot yoga, the Mandala Turquoise Combo Yoga Mat provides the perfect balance of stability, style, and eco-friendly craftsmanship for every session.",83,121,USD,1.5,mm,1.5mm,178,cm,"70"" (178 cm) long x 24"" (61 cm) wide",61,cm,"70"" (178 cm) long x 24"" (61 cm) wide",3.2,kg,3.2 kg,Natural Rubber,Suede-like,Eco-Friendly; Non-Slip,,3,true,6969135497375,combo-yoga-mat-mandala-turquoise,Yoga Design Lab,Combo Yoga Mat,3.5mm; 5.5mm; combo yoga mat,2021-07-24T06:26:49-04:00,2022-09-19T16:23:20-04:00,https://cdn.shopify.com/s/files/1/0507/7886/5823/files/combo-yoga-mat-2-in-1-mat-towel-mandala-turquoise-lightweight-ultra-soft-yoga-design-lab-1.jpg?v=1686372022
yogadesignlab-combo-yoga-mat-mandala-black,Combo Yoga Mat - Mandala Black,yogadesignlab,"Channel strength and focus with the Mandala Black Combo Yoga Mat, where timeless design meets high-performance functionality. Featuring a bold mandala pattern, this mat combines a sweat-activated microfiber towel surface with a natural tree rubber base for superior grip and support, even during the most dynamic flows.


All-in-One Design: Say goodbye to slippery layers‚ this mat fuses a natural rubber base with a moisture-activated microfiber surface for unmatched grip and convenience.

Eco-Friendly Materials: Made with a natural rubber base and recycled PET microfiber, printed using water-based inks. Free of silicone, toxic glue, and phthalates, it‚ is a conscious choice for you and the planet.

Moisture-Activated Grip: The surface becomes grippier as you sweat, supporting your transitions and deeper poses with ease.

Perfect For All Styles: Ideal for hot yoga, vinyasa, power yoga, restorative sessions, and more, providing the support and grip needed for every flow.

Carry Strap Included: Comes with a durable strap for easy transport to and from your practice.

Step onto this mat and let its intricate mandala inspire balance, power, and transformation in every practice.",83,121,USD,1.5,mm,1.5mm,178,cm,"70"" (178 cm) long x 24"" (61 cm) wide",61,cm,"70"" (178 cm) long x 24"" (61 cm) wide",3.2,kg,3.2 kg,Natural Rubber,Suede-like,Eco-Friendly; Non-Slip,,3,true,6969085591711,combo-yoga-mat-mandala-black,Yoga Design Lab,Combo Yoga Mat,3.5mm; 5.5mm; combo yoga mat,2021-07-24T05:42:12-04:00,2021-09-17T14:17:41-04:00,https://cdn.shopify.com/s/files/1/0507/7886/5823/files/combo-yoga-mat-2-in-1-mat-towel-mandala-black-best-yoga-mat-for-hot-yoga-yoga-design-lab-1.jpg?v=1734637018
yogadesignlab-combo-yoga-mat-boho-glow,Combo Yoga Mat - Boho Glow,yogadesignlab,"Light up your practice‚ literally‚ with the Combo Yoga Mat - Boho Glow. Featuring an intricate bohemian-inspired design that glows in the dark, this mat adds a magical touch to your flow. Whether you're practicing under studio lights or moonlit skies, the glowing pattern inspires creativity and energy in every move.


All-in-One Design: Say goodbye to slippery layers‚ this mat fuses a natural rubber base with a moisture-activated microfiber surface for unmatched grip and convenience.

Eco-Friendly Materials: Made with a natural rubber base and recycled PET microfiber, printed using water-based inks. Free of silicone, toxic glue, and phthalates, it‚ is a conscious choice for you and the planet.

Moisture-Activated Grip: The surface becomes grippier as you sweat, supporting your transitions and deeper poses with ease.

Perfect For All Styles: Ideal for hot yoga, vinyasa, power yoga, restorative sessions, and more, providing the support and grip needed for every flow.

Carry Strap Included: Comes with a durable strap for easy transport to and from your practice.


Turn your practice into a glowing masterpiece. The Boho Glow Combo Mat is where function meets flair, guiding you to shine on and off the mat.",83,121,USD,1.5,mm,1.5mm,178,cm,"70"" (178 cm) long x 24"" (61 cm) wide",61,cm,"70"" (178 cm) long x 24"" (61 cm) wide",3.2,kg,3.2 kg,Natural Rubber,Suede-like,Eco-Friendly; Non-Slip,,3,true,10564073095327,combo-yoga-mat-boho-glow,Yoga Design Lab,Combo Yoga Mat,3.5mm; 5.5mm; combo yoga mat,2024-12-16T13:04:49-05:00,2024-12-16T13:28:01-05:00,https://cdn.shopify.com/s/files/1/0507/7886/5823/files/combo_mat_boho_glow_1.jpg?v=1734637968
yogadesignlab-combo-yoga-mat-pearl,Combo Yoga Mat - Pearl,yogadesignlab,"Unveil elegance in your practice with the Pearl Combo Yoga Mat, designed to bring both luxury and function to your flow. Featuring a soft, iridescent design that shimmers with every movement, this mat blends beauty with performance for an elevated yoga experience.


All-in-One Design: Say goodbye to slippery layers‚ this mat fuses a natural rubber base with a moisture-activated microfiber surface for unmatched grip and convenience.

Eco-Friendly Materials: Made with a natural rubber base and recycled PET microfiber, printed using water-based inks. Free of silicone, toxic glue, and phthalates, it‚ is a conscious choice for you and the planet.

Moisture-Activated Grip: The surface becomes grippier as you sweat, supporting your transitions and deeper poses with ease.

Carry Strap Included: Comes with a durable strap for easy transport to and from your practice.

The Pearl Combo Yoga Mat is a luxurious, functional companion for any yoga practice, bringing balance, style, and eco-conscious design into every session.",110,121,USD,3.5,mm,3.5mm,178,cm,"70"" (178 cm) long x 24"" (61 cm) wide",61,cm,"70"" (178 cm) long x 24"" (61 cm) wide",3.2,kg,3.2 kg,Natural Rubber,Suede-like,Eco-Friendly; Non-Slip; Premium,,2,true,7342039105695,combo-yoga-mat-pearl,Yoga Design Lab,Combo Yoga Mat,3.5mm; 5.5mm; combo yoga mat,2022-03-21T12:07:37-04:00,2024-05-01T11:15:44-04:00,https://cdn.shopify.com/s/files/1/0507/7886/5823/files/combo-yoga-mat-pearl-best-yoga-mat-for-hot-yoga-practices-yoga-design-lab-1.jpg?v=1759420800
yogadesignlab-combo-yoga-mat-kids-geo-blue,Kids Combo Yoga Mat - Geo Blue,yogadesignlab,"THE KID‚ is MAT
        
            Perfect for virtual PE classes, this extra-durable mat offers a softgrip and cushion to support your child‚ is playful yoga practice. 4.5mm of natural tree rubber is bonded to an ultra-absorbent 
                microfiber towel layer.
        
    
    
 PRO TIP
        
            For optimal grip, wet your hands or spritz a little water on your mat before practice. Sweat will also help you adhere to your mat.
        
    
    
 EARTH CONSCIOUS
        
            Natural tree rubber base, recycled PET microfiber, and water-based inks.
            Free of silicone, toxic glue, and phthalates.
        
    
    
 CARE INSTRUCTIONS
        
            Depending on the type of practice, how much you sweat, and personal preference, we recommend washing your Combo Mat every 1-3 uses. If you choose to not wash your mat, hang to dry away from direct 
                sunlight. Roll with the patterned side on the outside for storage or travel. 
            
            We recommend hand-washing to extend the life of your mat. If you choose to machine wash, please do so on a gentle cycle with a machine without a center agitator. Hang to dry away from direct sunlight.
            
        
    
    
 DETAILS
        
            4 mm of natural tree rubber base + recycled PET microfiber top layer60 in (152 cm) x 24 in (61 cm) x 4 mm, 3.5 lb (1.6 kg)
            Carrying Strap Included",59,59,USD,4,mm,4mm,152,cm,"60"" (152 cm) long x 40"" (101 cm) wide",101,cm,"60"" (152 cm) long x 40"" (101 cm) wide",1.6,kg,1.6 kg,Natural Rubber,Suede-like,Eco-Friendly; Non-Slip; Travel,,1,false,6028531105951,combo-yoga-mat-kids-geo-blue,Yoga Design Lab,Kids Combo Yoga Mat,4mm; Kids Combo Yoga Mat,2020-12-25T12:53:24-05:00,2025-11-10T16:11:32-05:00,https://cdn.shopify.com/s/files/1/0507/7886/5823/files/combo-yoga-mat-2-in-1-mat-towel-kids-geo-blue-lightweight-ultra-soft-yoga-design-lab-1.jpg?v=1686371927
yogadesignlab-combo-yoga-mat-iris,Combo Yoga Mat - Iris,yogadesignlab,"Step into your flow with the Iris Combo Yoga Mat, a breathtaking blend of function and artistry. Featuring a mesmerizing iridescent floral design, this all-in-one mat transforms every practice into a radiant experience.


All-in-One Design: Say goodbye to slippery layers‚ this mat fuses a natural rubber base with a moisture-activated microfiber surface for unmatched grip and convenience.

 Unique Iridescent Finish: The captivating design shimmers with changing colors, adding an inspiring touch to your practice.

Eco-Friendly Materials: Made with a natural rubber base and recycled PET microfiber, printed using water-based inks. Free of silicone, toxic glue, and phthalates, it‚ is a conscious choice for you and the planet.

Moisture-Activated Grip: The surface becomes grippier as you sweat, supporting your transitions and deeper poses with ease.

Perfect For All Styles: Ideal for hot yoga, vinyasa, power yoga, restorative sessions, and more, providing the support and grip needed for every flow.

Carry Strap Included: Comes with a durable strap for easy transport to and from your practice.

The Iris Combo Mat invites you to flow with confidence and brilliance, illuminating your practice with every pose. Perfect for yogis who crave both performance and visual inspiration.",83,121,USD,1.5,mm,1.5mm,178,cm,"70"" (178 cm) long x 24"" (61 cm) wide",61,cm,"70"" (178 cm) long x 24"" (61 cm) wide",3.2,kg,3.2 kg,Natural Rubber,Suede-like,Eco-Friendly; Non-Slip,,3,true,9121020248223,combo-yoga-mat-iris,Yoga Design Lab,Combo Yoga Mat,3.5mm; 5.5mm; combo yoga mat,2023-12-21T07:34:34-05:00,2024-03-04T22:17:34-05:00,https://cdn.shopify.com/s/files/1/0507/7886/5823/files/iris_895cfeb7-c44b-4ef7-9595-4b7a80c15c30.jpg?v=1734637595
yogadesignlab-cork-yoga-mat-natural-balance,Cork Yoga Mat - Natural Balance,yogadesignlab,"Find your flow with the Cork Yoga Mat - Natural Balance by Yoga Design Lab. Designed for stability and sustainability, this eco-friendly mat blends premium cork with a natural rubber base for superior grip, durability, and comfort. The minimalist geometric design inspires alignment and mindfulness, while the moisture-activated surface ensures non-slip support through every pose. Ideal for all practices, from grounding yin sessions to dynamic vinyasa flows. Elevate your practice with nature‚ is finest.


Sustainably harvested cork for a non-slip surface that gets grippier with moisture

Naturally antimicrobial to resist odors and bacteria, keeping your mat fresh

Free from PVC and toxic chemicals for a safe and eco-friendly practice

Lightweight and durable for easy transport and long-lasting performance

Biodegradable materials to reduce your environmental footprint

Carry Strap Included: Comes with a durable strap for easy transport to and from your practice.


Move with balance. Move with nature. üåø
 
 


  const observer = new MutationObserver(function (mutations) {
    mutations.forEach(function (mutation) {
      mutation.addedNodes.forEach(function (node) {
        if (node.nodeType === 1) { // ensure it's an element
          // Check if it's the image or contains the image
          const targetImg = node.matches?.('img[alt=""icon""]') 
            ? node 
            : node.querySelector?.('img[alt=""icon""]');

          if (targetImg) {
            targetImg.setAttribute(""alt"", ""recycled water bottle counter"");
          }
        }
      });
    });
  });

  observer.observe(document.body, {
    childList: true,
    subtree: true
  });",83,116,USD,1.5,mm,1.5mm,178,cm,"70"" (178 cm) long x 24"" (61 cm) wide",61,cm,"70"" (178 cm) long x 24"" (61 cm) wide",2.2,kg,2.2 kg,Cork,Grippy,Eco-Friendly; Non-Slip; Lightweight; Alignment Marks; Antimicrobial; Premium,,3,true,10711948787871,cork-yoga-mat-natural-balance,Yoga Design Lab,Cork Yoga Mat,3.5mm; 5.5mm; Cork Yoga Mat,2025-03-27T13:04:04-04:00,2025-08-26T18:32:01-04:00,https://cdn.shopify.com/s/files/1/0507/7886/5823/files/Natural-Balance-full-mat.jpg?v=1743095413
yogadesignlab-combo-yoga-mat-rose,Combo Yoga Mat - Rose,yogadesignlab,"Add a touch of elegance to your practice with the Rose Combo Yoga Mat. Featuring a delicate floral-inspired design in soft, romantic hues, this mat brings beauty and grace to your flow while providing superior functionality.


All-in-One Design: Say goodbye to slippery layers‚ this mat fuses a natural rubber base with a moisture-activated microfiber surface for unmatched grip and convenience.

Eco-Friendly Materials: Made with a natural rubber base and recycled PET microfiber, printed using water-based inks. Free of silicone, toxic glue, and phthalates, it‚ is a conscious choice for you and the planet.

Moisture-Activated Grip: The surface becomes grippier as you sweat, supporting your transitions and deeper poses with ease.

Perfect For All Styles: Ideal for hot yoga, vinyasa, power yoga, restorative sessions, and more, providing the support and grip needed for every flow.

Carry Strap Included: Comes with a durable strap for easy transport to and from your practice.

Let the Rose Combo Yoga Mat be your companion as you embrace the beauty of every pose and cultivate a practice that reflects your commitment to elegance, performance, and eco-conscious living.",83,121,USD,1.5,mm,1.5mm,178,cm,"70"" (178 cm) long x 24"" (61 cm) wide",61,cm,"70"" (178 cm) long x 24"" (61 cm) wide",3.2,kg,3.2 kg,Natural Rubber,Suede-like,Eco-Friendly; Non-Slip,,3,true,10555079229599,combo-yoga-mat-rose,Yoga Design Lab,Combo Yoga Mat,3.5mm; 5.5mm; combo yoga mat,2024-12-05T11:22:53-05:00,2024-12-06T19:51:13-05:00,https://cdn.shopify.com/s/files/1/0507/7886/5823/files/MT-Rose-Main-Tempshopify2.jpg?v=1734637924
yogadesignlab-infinity-yoga-mat-mandala-rose,Infinity Yoga Mat - Mandala Rose,yogadesignlab,"Embrace the beauty of your practice with the Mandala Rose Infinity Yoga Mat. Featuring a stunning mandala design in soft, earthy tones, this mat provides both aesthetic inspiration and superior performance. The unique Infinity surface combines durability with a soft texture, offering excellent grip and cushioning for every movement. Eco-friendly and free from harmful chemicals, it's as kind to the earth as it is to your practice. Perfect for those seeking balance, both in their yoga journey and in their environment.


Premium, Eco-Friendly Material: Crafted from Natural tree rubber base + PU (polyethylene), a recyclable and non-toxic material for a sustainable choice.

Superior Grip: The textured surface ensures stability and slip-resistance during all poses.

Comfortable & Cushioned: Provides ideal support for your joints and pressure points.

Easy to Clean & Maintain: Wipe down with ease after each practice.

Unique Mandala Design: Beautiful, hand-drawn artwork adds spiritual inspiration to your mat.

 Carrying Strap Included: Easily transport your mat to and from class with the convenient, adjustable carrying strap. Perfect for on-the-go yogis.

Whether you're flowing through a vinyasa or holding a deep stretch, the Mandala Rose Infinity Yoga Mat helps you find your center while supporting your every move.",110,116,USD,3,mm,3mm,180,cm,"71"" (180 cm) long x 24"" (61 cm) wide",61,cm,"71"" (180 cm) long x 24"" (61 cm) wide",1.9,kg,1.9kg,Natural Rubber,Textured,Eco-Friendly; Non-Slip; Premium,,2,true,6997085421727,infinity-yoga-mat-mandala-rose,Yoga Design Lab,Infinity Yoga Mat,3mm; 5mm; Infinity Yoga Mat,2021-08-07T08:02:54-04:00,2021-09-17T14:18:03-04:00,https://cdn.shopify.com/s/files/1/0507/7886/5823/files/infinity-yoga-mat-5mm-mandala-rose-the-best-yoga-mat-provides-great-support-yoga-design-lab-1.jpg?v=1686372050
yogadesignlab-combo-yoga-mat-jungle-harmony,Combo Yoga Mat - Jungle Harmony,yogadesignlab,"The Artist Series
Step into the heart of Africa with the Jungle Harmony Combo Mat, featuring stunning artwork by South African artist Mbongeni Mhlongo. This vibrant design captures the lush greenery and dynamic wildlife of Africa, immersing your practice in the raw beauty and vitality of nature.
A tribute to Africa‚ is profound connection with the earth, life, and movement, the Jungle Harmony mat transforms every pose into a journey. The intricate artwork channels the spirit of Africa‚ is landscapes, inspiring freedom, energy, and harmony in your flow.


All-in-One Design: Say goodbye to slippery layers‚ this mat fuses a natural rubber base with a moisture-activated microfiber surface for unmatched grip and convenience.

Eco-Friendly Materials: Made with a natural rubber base and recycled PET microfiber, printed using water-based inks. Free of silicone, toxic glue, and phthalates, it‚ is a conscious choice for you and the planet.

Moisture-Activated Grip: The surface becomes grippier as you sweat, supporting your transitions and deeper poses with ease.

Perfect For All Styles: Ideal for hot yoga, vinyasa, power yoga, restorative sessions, and more, providing the support and grip needed for every flow.

Carry Strap Included: Comes with a durable strap for easy transport to and from your practice.

Let the Jungle Harmony Combo Mat ground your practice in the essence of nature and connect you to the untamed energy of Africa.",110,110,USD,3.5,mm,3.5mm,178,cm,"70"" (178 cm) long x 24"" (61 cm) wide",61,cm,"70"" (178 cm) long x 24"" (61 cm) wide",3.2,kg,3.2 kg,Natural Rubber,Suede-like,Eco-Friendly; Non-Slip,,1,true,10555079655583,combo-yoga-mat-jungle-harmony,Yoga Design Lab,Combo Yoga Mat,3.5mm; combo yoga mat,2024-12-05T11:33:30-05:00,2024-12-06T19:51:15-05:00,https://cdn.shopify.com/s/files/1/0507/7886/5823/files/YDLComboMatJungleHarmonyshopify.jpg?v=1734637714
yogadesignlab-combo-yoga-mat-xl-celestial,Combo Yoga Mat XL - Celestial,yogadesignlab,"Meet the Celestial XL, Yoga Design Lab‚ is most spacious combo mat yet. Designed for yogis who crave extra room to move, stretch, and flow, this oversized mat transforms any room or studio into an elevated yoga sanctuary.
Made with our signature eco-friendly materials, the Celestial XL combines a soft microfiber top with a natural rubber base for superior grip - especially when wet. Whether you're stretching out in wide poses or practicing dynamic flows, the generous surface area gives you freedom to move without limits.
Perfect for home practice, teaching, or simply creating a sacred space that feels expansive and grounded.


All-in-One Performance: No more juggling mats and towels. The Celestial XL fuses a natural rubber base with an ultra-absorbent microfiber surface, giving you seamless grip and cushioning in one beautiful design.

Planet-Friendly Materials: Crafted from eco-conscious natural rubber and recycled PET microfiber, and printed with water-based inks. Free from silicone, toxic glues, and phthalates - good for your body and kind to the Earth.

Sweat-Activated Support: The more you sweat, the better the grip. Ideal for hot yoga, power flows, and everything in between, this mat keeps you grounded through every pose.

Versatile for Every Practice: Whether you‚  are flowing through vinyasa, unwinding in yin, or holding strong in power yoga, the Celestial XL offers stability and comfort for all styles

 Practice Without Limits: More surface area means more freedom to move - perfect for expansive poses, taller yogis, or creating a personal studio feel anywhere.",138,138,USD,3.5,mm,3.5mm,198,cm,"78"" (198 cm) long x 34"" (86 cm) wide",86,cm,"78"" (198 cm) long x 34"" (86 cm) wide",3.8,kg,3.8 kg,Natural Rubber,Suede-like,Eco-Friendly; Non-Slip,,1,true,10824910045343,combo-yoga-mat-xl-celestial,Yoga Design Lab,Combo Yoga Mat XL,combo yoga mat; combo yoga mat XL,2025-06-26T11:48:21-04:00,2025-08-26T18:31:32-04:00,https://cdn.shopify.com/s/files/1/0507/7886/5823/files/combo-yoga-mat-XL-5.jpg?v=1753123878
yogadesignlab-cork-yoga-mat-1-5mm-mandala-black,Travel Cork Yoga Mat - Mandala Black,yogadesignlab,"THE CORK MAT

Unlike most of our competition, our Cork Mat is made with a 100% natural rubber base layer topped with a renewable, sustainable cork top layer.
While natural cork provides superior wet and dry grip, it is ideal in heated and hot yoga classes because as temperatures rise, cork begins to loosen and becomes softer & easier to grip. It's also moisture-activated - becoming grippier as it gets wet. Truly nature's best solution for towel-free traction. Cork is also closed-cell and naturally anti-microbial, sealing out moisture & resisting odor and bacteria from sweat.
Our natural rubber base layer offers a unique springy ride that cushions and protects joints, while also remaining stable and supportive in any pose. Stays put on the floor better than foam base layers and provides denser cushioning.
The stunning, symmetrical pattern helps guide alignment, and is printed using a non-fade water-based ink.
Note:  The foldable 1.5mm option is excellent for yogis on the go, and also provides an excellent non-slip, natural ""topper"" to other mats.



 PRO TIP

For optimal grip, lightly spritz your mat with water before practice.



 DURABLE

Supports any practice from a high intensity workout to a gentle flow. Suitable for shoes.



 EARTH CONSCIOUS

 

Sustainable, renewable cork top layer made from the outer layer of bark from the cork oak tree. (Cork trees are the only tree in the world that regenerate stripped bark.)
Base layer is made with natural, non-Amazonian harvested tree rubber.
All of our beautiful designs are printed with water-based inks.
Phthalate, silicone and toxin-fee.




 CARE INSTRUCTIONS

To clean, wipe with a soft towel dampened with soap and water; lay flat or hang to air dry.
Roll with the colored/designed side on the outside.



 DIMENSIONS

70""(178 cm) long x 24""(61 cm) wide
1.5mm thick = 3.5 lb (1.6 kg)
Includes carrying strap",83,83,USD,1.5,mm,1.5mm,178,cm,"70""(178 cm) long x 24""(61 cm) wide",61,cm,"70""(178 cm) long x 24""(61 cm) wide",1.6,kg,1.6 kg,Cork,Grippy,Eco-Friendly; Non-Slip; Travel; Alignment Marks; Closed-Cell,,1,true,6028530155679,cork-yoga-mat-1-5mm-mandala-black,Yoga Design Lab,Travel Cork Yoga Mat,1.5mm; travel cork yoga mat,2020-12-25T12:53:11-05:00,2022-07-12T16:16:23-04:00,https://cdn.shopify.com/s/files/1/0507/7886/5823/files/travel-cork-yoga-mat-mandala-black-1-5mm-for-experienced-yogis-yoga-design-lab-1.jpg?v=1686371896
yogadesignlab-combo-yoga-mat-zenith,Combo Yoga Mat - Zenith,yogadesignlab,"Elevate your practice with the Combo Yoga Mat - Zenith, a fusion of performance and artistic expression. Inspired by celestial balance and geometric harmony, its ethereal blend of pinks, blues, and mountain textures transports you to a place of serenity and strength.


All-in-One Design: Say goodbye to slippery layers‚ this mat fuses a natural rubber base with a moisture-activated microfiber surface for unmatched grip and convenience.

Eco-Friendly Materials: Made with a natural rubber base and recycled PET microfiber, printed using water-based inks. Free of silicone, toxic glue, and phthalates, it‚ is a conscious choice for you and the planet.

Moisture-Activated Grip: The surface becomes grippier as you sweat, supporting your transitions and deeper poses with ease.

Perfect For All Styles: Ideal for hot yoga, vinyasa, power yoga, restorative sessions, and more, providing the support and grip needed for every flow.

Carry Strap Included: Comes with a durable strap for easy transport to and from your practice.


Reach new heights in your practice with Zenith - where art meets intention and movement meets mindfulness.",83,121,USD,1.5,mm,1.5mm,178,cm,"70"" (178 cm) long x 24"" (61 cm) wide",61,cm,"70"" (178 cm) long x 24"" (61 cm) wide",3.2,kg,3.2 kg,Natural Rubber,Suede-like,Eco-Friendly; Non-Slip,,3,true,10711758143647,combo-yoga-mat-zenith,Yoga Design Lab,Combo Yoga Mat,3.5mm; 5.5mm; combo yoga mat,2025-03-26T17:36:51-04:00,2025-08-26T18:31:58-04:00,https://cdn.shopify.com/s/files/1/0507/7886/5823/files/Zenith-full-mat.jpg?v=1743025037
yogadesignlab-combo-yoga-mat-earth-green,Combo Yoga Mat - Earth Green,yogadesignlab,"Reconnect with nature during your practice with the Earth Green Combo Yoga Mat. Featuring a harmonious blend of earthy tones and functional design, this mat combines a soft, sweat-absorbent microfiber towel top with a supportive natural tree rubber base.


All-in-One Design: Say goodbye to slippery layers‚ this mat fuses a natural rubber base with a moisture-activated microfiber surface for unmatched grip and convenience.

Eco-Friendly Materials: Made with a natural rubber base and recycled PET microfiber, printed using water-based inks. Free of silicone, toxic glue, and phthalates, it‚ is a conscious choice for you and the planet.

Moisture-Activated Grip: The surface becomes grippier as you sweat, supporting your transitions and deeper poses with ease.

Perfect For All Styles: Ideal for hot yoga, vinyasa, power yoga, restorative sessions, and more, providing the support and grip needed for every flow.

Carry Strap Included: Comes with a durable strap for easy transport to and from your practice.


Ideal for all yoga styles, its non-slip surface enhances grip as you move, ensuring stability and confidence from your first pose to your final savasana. Lightweight and travel-friendly, this eco-conscious mat is free from toxic materials, making it a mindful choice for your wellness journey.",110,110,USD,3.5,mm,3.5mm,178,cm,"70"" (178 cm) long x 24"" (61 cm) wide",61,cm,"70"" (178 cm) long x 24"" (61 cm) wide",3.2,kg,3.2 kg,Natural Rubber,Suede-like,Eco-Friendly; Non-Slip; Lightweight; Travel,,1,false,7341224132767,combo-yoga-mat-earth-green,Yoga Design Lab,Combo Yoga Mat,3.5mm; combo yoga mat,2022-03-21T01:15:41-04:00,2022-03-31T13:46:10-04:00,https://cdn.shopify.com/s/files/1/0507/7886/5823/files/combo-yoga-mat-2-in-1-mat-towel-earth-green-lightweight-ultra-soft-yoga-design-lab-1.jpg?v=1686372178
yogadesignlab-infinity-yoga-mat-5mm-diamond-align-navy,Infinity Yoga Mat - Diamond Align Navy,yogadesignlab,"Bring focus and elegance to your practice with the Diamond Align Navy Yoga Mat. Featuring a bold navy color paired with a geometric diamond design, this mat combines style with performance. Made from eco-friendly, non-toxic materials, it offers a slip-resistant surface for stability and ample cushioning for joint protection. Whether you're flowing through an intense vinyasa or holding a deep stretch, the Diamond Align Navy mat supports you with its durability and comfort.


Eco-Friendly & Sustainable: Crafted from Natural tree rubber base + PU (polyethylene), a recyclable and non-toxic material for a healthier environment.

Superior Grip: Textured surface ensures excellent traction, keeping you stable in every pose.

Comfortable Cushioning: Provides optimal joint support, making your practice more comfortable.

Easy to Clean: Wipe down after practice for quick maintenance.

Striking Diamond Design: The sophisticated navy color and geometric pattern add a touch of elegance to your yoga space.

Carrying Strap Included: Easily transport your mat to and from class with the convenient, adjustable carrying strap. Perfect for on-the-go yogis.


The Diamond Align Navy Yoga Mat is the perfect blend of style, comfort, and functionality, supporting you throughout your practice with every move.",116,116,USD,5,mm,5mm,180,cm,"71"" (180 cm) long x 24"" (61 cm) wide",61,cm,"71"" (180 cm) long x 24"" (61 cm) wide",1.9,kg,1.9kg,Natural Rubber,Textured,Eco-Friendly; Non-Slip,,1,true,7328051986591,infinity-yoga-mat-5mm-diamond-align-navy,Yoga Design Lab,Infinity Yoga Mat,5mm; Infinity Yoga Mat,2022-03-04T07:45:36-05:00,2022-09-30T14:49:23-04:00,https://cdn.shopify.com/s/files/1/0507/7886/5823/files/infinity-yoga-mat-5mm-diamond-align-navy-the-best-yoga-mat-for-workout-and-exercises-yoga-design-lab-1.jpg?v=1686372149
yogadesignlab-combo-yoga-mat-zen-zebra,Combo Yoga Mat - Zen Zebra,yogadesignlab,"The Artist Series
Experience the soul of Africa in your practice with our new Zen Zebra Combo Yoga Mat, featuring breathtaking artwork by Mbongeni Mhlongo, a South African artist based in Johannesburg. 
The vibrant wildlife and lush greenery evoke the untamed beauty and vitality of Africa, grounding your practice in the essence of nature. This mat is a tribute to Africa's deep connection with the earth, life, and movement. 
Every flow becomes a journey, channeling the spirit of Africa‚ is wildlife and landscapes, inviting you to embrace freedom, energy, and harmony with every pose.


All-in-One Design: Say goodbye to slippery layers‚ this mat fuses a natural rubber base with a moisture-activated microfiber surface for unmatched grip and convenience.

Eco-Friendly Materials: Made with a natural rubber base and recycled PET microfiber, printed using water-based inks. Free of silicone, toxic glue, and phthalates, it‚ is a conscious choice for you and the planet.

Moisture-Activated Grip: The surface becomes grippier as you sweat, supporting your transitions and deeper poses with ease.

Perfect For All Styles: Ideal for hot yoga, vinyasa, power yoga, restorative sessions, and more, providing the support and grip needed for every flow.

Carry Strap Included: Comes with a durable strap for easy transport to and from your practice.

Let the Zen Zebra Combo Yoga Mat transform your practice, inspiring you to connect with the wild beauty and untamed energy of Africa with every pose.",110,110,USD,3.5,mm,3.5mm,178,cm,"70"" (178 cm) long x 24"" (61 cm) wide",61,cm,"70"" (178 cm) long x 24"" (61 cm) wide",3.2,kg,3.2 kg,Natural Rubber,Suede-like,Eco-Friendly; Non-Slip,,1,true,10555079622815,combo-yoga-mat-zen-zebra,Yoga Design Lab,Combo Yoga Mat,3.5mm; combo yoga mat,2024-12-05T11:33:08-05:00,2024-12-06T19:51:15-05:00,https://cdn.shopify.com/s/files/1/0507/7886/5823/files/YDLComboMatZenZebrashopify_1.jpg?v=1734637696
yogadesignlab-combo-yoga-mat-butterfly-glow,Combo Yoga Mat - Butterfly Glow,yogadesignlab,"Let your practice shine‚ day or night‚ with the Butterfly Glow Combo Yoga Mat. This stunning mat features a delicate butterfly-inspired design that glows in the dark, creating a magical experience for evening flows, restorative sessions, or candlelit practices. The soft hues of blue, pink, and geometric details come alive, inspiring tranquility and transformation with every move.


All-in-One Design: Say goodbye to slippery layers‚ this mat fuses a natural rubber base with a moisture-activated microfiber surface for unmatched grip and convenience.

Eco-Friendly Materials: Made with a natural rubber base and recycled PET microfiber, printed using water-based inks. Free of silicone, toxic glue, and phthalates, it‚ is a conscious choice for you and the planet.

Moisture-Activated Grip: The surface becomes grippier as you sweat, supporting your transitions and deeper poses with ease.

Perfect For All Styles: Ideal for hot yoga, vinyasa, power yoga, restorative sessions, and more, providing the support and grip needed for every flow.

Carry Strap Included: Comes with a durable strap for easy transport to and from your practice.


Step onto the Butterfly Glow Combo Yoga Mat and let its radiant glow guide you through moments of strength, peace, and flow‚ any time, anywhere.",83,121,USD,1.5,mm,1.5mm,178,cm,"70"" (178 cm) long x 24"" (61 cm) wide",61,cm,"70"" (178 cm) long x 24"" (61 cm) wide",3.2,kg,3.2 kg,Natural Rubber,Suede-like,Eco-Friendly; Non-Slip; Alignment Marks,,3,true,10564073554079,combo-yoga-mat-butterfly-glow,Yoga Design Lab,Combo Yoga Mat,3.5mm; 5.5mm; combo yoga mat,2024-12-16T13:05:07-05:00,2025-08-26T18:33:21-04:00,https://cdn.shopify.com/s/files/1/0507/7886/5823/files/combo_mat_butterfly_glow_1.jpg?v=1734637997
yogadesignlab-combo-yoga-mat-1-5mm-geo,Travel Combo Yoga Mat - Geo,yogadesignlab,"Bring bold energy to your flow with the Geo Travel Mat from Yoga Design Lab. Featuring a striking geometric design, this all-in-one mat-towel combo is perfect for yogis on the go. The Geo mat is ideal for travel, hot yoga, or adding a vibrant edge to your everyday practice.


Compact and portable: Folds like a towel for effortless transport.

All-in-One Design: Say goodbye to slippery layers‚ this mat fuses a natural rubber base with a moisture-activated microfiber surface for unmatched grip and convenience.

Eco-Friendly Materials: Made with a natural rubber base and recycled PET microfiber, printed using water-based inks. Free of silicone, toxic glue, and phthalates, it‚ is a conscious choice for you and the planet.

Moisture-Activated Grip: The surface becomes grippier as you sweat, supporting your transitions and deeper poses with ease.

Perfect For All Styles: Ideal for hot yoga, vinyasa, power yoga, restorative sessions, and more, providing the support and grip needed for every flow.

Carry Strap Included: Comes with a durable strap for easy transport to and from your practice.",83,83,USD,1.5,mm,1.5mm,178,cm,"70"" (178 cm) long x 24"" (61 cm) wide",61,cm,"70"" (178 cm) long x 24"" (61 cm) wide",1.6,kg,1.6 kg,Natural Rubber,Suede-like,Eco-Friendly; Non-Slip; Lightweight; Travel,,1,true,6028531302559,combo-yoga-mat-1-5mm-geo,Yoga Design Lab,Travel Combo Yoga Mat,1.5mm; travel combo yoga mat,2020-12-25T12:53:26-05:00,2022-11-17T23:33:06-05:00,https://cdn.shopify.com/s/files/1/0507/7886/5823/files/combo-yoga-mat-2-in-1-mat-towel-1-5mm-geo-lightweight-ultra-soft-yoga-design-lab-1.jpg?v=1686371954
yogadesignlab-infinity-yoga-mat-5mm-diamond-align-coral,Infinity Yoga Mat - Diamond Align Coral,yogadesignlab,"Step into your practice with the Diamond Align Coral Yoga Mat, designed to inspire and support every movement. Featuring a vibrant coral color with a geometric diamond pattern, this mat offers both style and performance. Crafted from eco-friendly, non-toxic materials, it provides a slip-resistant surface for stability and the perfect cushioning for joint protection. Ideal for dynamic flows or restorative poses, the Diamond Align Coral mat is a bold yet balanced companion for your yoga journey.


Sustainable & Eco-Friendly: Crafted from Natural tree rubber base + PU (polyethylene), a recyclable and non-toxic material for a cleaner planet.

Enhanced Grip: Textured surface prevents slipping, providing stability in every pose.

Comfortable Cushioning: Provides optimal support for your joints, making every practice more comfortable.

Easy to Maintain: Wipe clean effortlessly after each session.

Bold Diamond Design: The striking coral color and geometric pattern bring energy and clarity to your practice.

Carrying Strap Included: Easily transport your mat to and from class with the convenient, adjustable carrying strap. Perfect for on-the-go yogis.


With the Diamond Align Coral Yoga Mat, bring focus, comfort, and vibrant energy to your practice, while staying grounded in every pose.",116,116,USD,5,mm,5mm,180,cm,"71"" (180 cm) long x 24"" (61 cm) wide",61,cm,"71"" (180 cm) long x 24"" (61 cm) wide",1.9,kg,1.9kg,Natural Rubber,Textured,Eco-Friendly; Non-Slip,,1,true,7328051822751,infinity-yoga-mat-5mm-diamond-align-coral,Yoga Design Lab,Infinity Yoga Mat,5mm,2022-03-04T07:45:28-05:00,2022-09-30T14:49:19-04:00,https://cdn.shopify.com/s/files/1/0507/7886/5823/files/infinity-yoga-mat-5mm-diamond-align-coral-best-non-slip-yoga-mat-yoga-design-lab-1.jpg?v=1686372149
yogadesignlab-combo-yoga-mat-crystal,Combo Yoga Mat - Crystal,yogadesignlab,"Bring clarity and balance to your practice with the Crystal Combo Yoga Mat. Inspired by the ethereal beauty of crystals, this mat features a serene, gem-like design that invites calm and focus to your flow.


All-in-One Design: Say goodbye to slippery layers‚ this mat fuses a natural rubber base with a moisture-activated microfiber surface for unmatched grip and convenience.

Eco-Friendly Materials: Made with a natural rubber base and recycled PET microfiber, printed using water-based inks. Free of silicone, toxic glue, and phthalates, it‚ is a conscious choice for you and the planet.

Moisture-Activated Grip: The surface becomes grippier as you sweat, supporting your transitions and deeper poses with ease.

Perfect For All Styles: Ideal for hot yoga, vinyasa, power yoga, restorative sessions, and more, providing the support and grip needed for every flow.

Carry Strap Included: Comes with a durable strap for easy transport to and from your practice.

Whether you're grounding in meditation or flowing through a challenging sequence, the Crystal Combo Yoga Mat empowers your practice with stability, style, and a connection to mindful living.",83,121,USD,1.5,mm,1.5mm,178,cm,"70"" (178 cm) long x 24"" (61 cm) wide",61,cm,"70"" (178 cm) long x 24"" (61 cm) wide",3.2,kg,3.2 kg,Natural Rubber,Suede-like,Eco-Friendly; Non-Slip,,3,true,10555078541471,combo-yoga-mat-crystal,Yoga Design Lab,Combo Yoga Mat,3.5mm; 5.5mm; combo yoga mat,2024-12-05T11:18:42-05:00,2024-12-06T19:51:12-05:00,https://cdn.shopify.com/s/files/1/0507/7886/5823/files/MT-Crystal-Main-Tempshopify2.jpg?v=1734637931
yogadesignlab-infinity-yoga-mat-eternal,Infinity Yoga Mat - Eternal,yogadesignlab,"Embrace limitless possibilities with the Infinity Yoga Mat - Eternal. This sleek black mat features a striking infinity symbol at its center, symbolizing the endless journey of growth and self-discovery through your practice. Designed for yogis who seek balance and depth, the mat‚ is minimalistic yet powerful design offers a modern, timeless aesthetic.


Sleek & Stylish: A bold infinity symbol stands out on a deep black backdrop, representing an eternal flow of energy and mindfulness.

Durable & Supportive: Made with high-quality materials, providing stability and cushioning for all your poses, from warrior to downward dog.

Eco-Conscious Construction: Crafted from eco-friendly materials, offering a sustainable practice with every movement.

Non-Slip Surface: The textured surface ensures a secure grip, giving you confidence during your practice.

Carrying Strap Included: Easily transport your mat to and from class with the convenient, adjustable carrying strap. Perfect for on-the-go yogis.


Elevate your practice with the Eternal Infinity Yoga Mat, where the symbol of infinity meets the flow of your yoga journey.",116,116,USD,5,mm,5mm,180,cm,"71"" (180 cm) long x 24"" (61 cm) wide",61,cm,"71"" (180 cm) long x 24"" (61 cm) wide",1.9,kg,1.9kg,Natural Rubber,Textured,Eco-Friendly; Non-Slip,,1,true,10560358351007,infinity-yoga-mat-eternal,Yoga Design Lab,Infinity Yoga Mat,5mm; Infinity Yoga Mat,2024-12-11T16:48:53-05:00,2024-12-11T17:34:03-05:00,https://cdn.shopify.com/s/files/1/0507/7886/5823/files/YDL-Infinity-Mat-Eternal-1.jpg?v=1734637773
yogadesignlab-kids-combo-yoga-mat-jungle,Kids Combo Yoga Mat - Jungle,yogadesignlab,"Let your little adventurer explore the wild with the Kids Combo Yoga Mat - Glow-in-the-Dark Jungle. Featuring adorable animals like playful zebras, meditating frogs, and cheerful leopards, this vibrant mat glows in the dark to add an extra layer of fun and wonder.

Sized for Kids: Perfectly scaled at 60 "" x 24 "" for smaller bodies, ensuring comfort and ease during yoga or playtime.

Glow-in-the-Dark Design: A fun and captivating feature that adds excitement to yoga, mindfulness, or bedtime stretches.

All-in-One Design: Say goodbye to slippery layers‚ this mat fuses a natural rubber base with a moisture-activated microfiber surface for unmatched grip and convenience.

Eco-Friendly Materials: Made with a natural rubber base and recycled PET microfiber, printed using water-based inks. Free of silicone, toxic glue, and phthalates, it‚ is a conscious choice for you and the planet.

Moisture-Activated Grip: The surface becomes grippier as you sweat, supporting your transitions and deeper poses with ease.

Perfect For All Styles: Ideal for hot yoga, vinyasa, power yoga, restorative sessions, and more, providing the support and grip needed for every flow.

Carry Strap Included: Comes with a durable strap for easy transport to and from your practice.

Whether it‚ is yoga, stretching, or imaginative play, this mat turns every session into a glowing jungle escape!",59,59,USD,4,mm,4mm,152,cm,"60"" (152 cm) long x 40"" (101 cm) wide",101,cm,"60"" (152 cm) long x 40"" (101 cm) wide",,,,Natural Rubber,Suede-like,Eco-Friendly; Non-Slip,,1,true,10560115671199,kids-combo-yoga-mat-jungle,Yoga Design Lab,Kids Combo Yoga Mat,4mm; Kids Combo Yoga Mat,2024-12-11T16:04:49-05:00,2024-12-11T17:11:53-05:00,https://cdn.shopify.com/s/files/1/0507/7886/5823/files/kids-combo-jungle.png?v=1734637730
yogadesignlab-travel-combo-yoga-mat-celestial,Travel Combo Yoga Mat - Celestial,yogadesignlab,"Channel the cosmos with the Yoga Design Lab Combo Yoga Mat - Celestial. This stunning mat combines a mesmerizing celestial-inspired design with high-performance functionality, elevating your practice to new heights.
Crafted with a sweat-activated microfiber towel surface and a natural rubber base, this mat delivers exceptional grip, stability, and style. Whether in hot yoga, restorative flows, or daily practice, it offers a grounding experience that aligns with your inner universe.


Compact and portable: Folds like a towel for effortless transport.

All-in-One Design: Say goodbye to slippery layers‚ this mat fuses a natural rubber base with a moisture-activated microfiber surface for unmatched grip and convenience.

Eco-Friendly Materials: Made with a natural rubber base and recycled PET microfiber, printed using water-based inks. Free of silicone, toxic glue, and phthalates, it‚ is a conscious choice for you and the planet.

Moisture-Activated Grip: The surface becomes grippier as you sweat, supporting your transitions and deeper poses with ease.

Perfect For All Styles: Ideal for hot yoga, vinyasa, power yoga, restorative sessions, and more, providing the support and grip needed for every flow.

Carry Strap Included: Comes with a durable strap for easy transport to and from your practice.

Let the Celestial Mat inspire your flow with a touch of the divine, grounding you in every pose while connecting you to the infinite.",83,83,USD,1.5,mm,1.5mm,178,cm,"70"" (178 cm) long x 24"" (61 cm) wide",61,cm,"70"" (178 cm) long x 24"" (61 cm) wide",1.6,kg,1.6 kg,Natural Rubber,Suede-like,Eco-Friendly; Non-Slip; Lightweight; Travel,,1,false,10561076822175,travel-combo-yoga-mat-celestial,Yoga Design Lab,Travel Combo Yoga Mat,1.5mm; celestial; travel combo yoga mat,2024-12-12T13:48:06-05:00,2024-12-13T13:27:44-05:00,https://cdn.shopify.com/s/files/1/0507/7886/5823/files/ydl-combo-travel-yoga-mat-2-in-1-mat-towel-best-for-travel-yoga-design-lab-19.jpg?v=1734637851
yogadesignlab-combo-yoga-mat-1-5mm-tribeca-sand,Travel Combo Yoga Mat - Tribeca Sand,yogadesignlab,"Meet your new travel yoga essential: the Geo Combo Mat from Yoga Design Lab. Designed for yogis on the move, this ultra-lightweight mat combines a luxe, sweat-activated microfiber towel top with a natural rubber base for unbeatable grip and stability - even in the hottest flows. The bold, geometric print energizes your practice while the eco-friendly materials (including recycled plastic bottles and water-based inks) support the planet. 


Compact and portable: Folds like a towel for effortless transport.

All-in-One Design: Say goodbye to slippery layers‚ this mat fuses a natural rubber base with a moisture-activated microfiber surface for unmatched grip and convenience.

Eco-Friendly Materials: Made with a natural rubber base and recycled PET microfiber, printed using water-based inks. Free of silicone, toxic glue, and phthalates, it‚ is a conscious choice for you and the planet.

Moisture-Activated Grip: The surface becomes grippier as you sweat, supporting your transitions and deeper poses with ease.

Perfect For All Styles: Ideal for hot yoga, vinyasa, power yoga, restorative sessions, and more, providing the support and grip needed for every flow.

Carry Strap Included: Comes with a durable strap for easy transport to and from your practice.",83,83,USD,1.5,mm,1.5mm,178,cm,"70"" (178 cm) long x 24"" (61 cm) wide",61,cm,"70"" (178 cm) long x 24"" (61 cm) wide",1.6,kg,1.6 kg,Natural Rubber,Suede-like,Eco-Friendly; Non-Slip; Lightweight; Travel,,1,true,6028532121759,combo-yoga-mat-1-5mm-tribeca-sand,Yoga Design Lab,Travel Combo Yoga Mat,1.5mm; travel combo yoga mat,2020-12-25T12:53:40-05:00,2023-02-23T11:09:20-05:00,https://cdn.shopify.com/s/files/1/0507/7886/5823/files/travel-combo-yoga-mat-2-in-1-mat-towel-tribeca-sand-1-5mm-yoga-design-lab-1.jpg?v=1686371955
yogadesignlab-combo-yoga-mat-1-5mm-mandala-turquoise,Travel Combo Yoga Mat - Mandala Turquoise,yogadesignlab,"Elevate your practice anywhere with the Mandala Turquoise Travel Mat from Yoga Design Lab. Inspired by sacred symmetry and soothing coastal hues, this ultra-light mat is made for movement - whether you're flowing in a studio or stretching under the sun.


Compact and portable: Folds like a towel for effortless transport.

All-in-One Design: Say goodbye to slippery layers‚ this mat fuses a natural rubber base with a moisture-activated microfiber surface for unmatched grip and convenience.

Eco-Friendly Materials: Made with a natural rubber base and recycled PET microfiber, printed using water-based inks. Free of silicone, toxic glue, and phthalates, it‚ is a conscious choice for you and the planet.

Moisture-Activated Grip: The surface becomes grippier as you sweat, supporting your transitions and deeper poses with ease.

Perfect For All Styles: Ideal for hot yoga, vinyasa, power yoga, restorative sessions, and more, providing the support and grip needed for every flow.

Carry Strap Included: Comes with a durable strap for easy transport to and from your practice.",83,83,USD,1.5,mm,1.5mm,178,cm,"70"" (178 cm) long x 24"" (61 cm) wide",61,cm,"70"" (178 cm) long x 24"" (61 cm) wide",1.6,kg,1.6 kg,Natural Rubber,Suede-like,Eco-Friendly; Non-Slip; Lightweight; Travel,,1,true,6028531761311,combo-yoga-mat-1-5mm-mandala-turquoise,Yoga Design Lab,Travel Combo Yoga Mat,1.5mm; travel combo yoga mat,2020-12-25T12:53:34-05:00,2023-02-23T11:09:22-05:00,https://cdn.shopify.com/s/files/1/0507/7886/5823/files/travel-combo-yoga-mat-2-in-1-mat-towel-mandala-turquoise-1-5-mm-yoga-design-lab-1.jpg?v=1686371955
yogadesignlab-combo-yoga-mat-1-5mm-mandala-black,Travel Combo Yoga Mat - Mandala Black,yogadesignlab,"Ground your practice in strength and stillness with the Mandala Black Travel Mat from Yoga Design Lab. Designed for the mindful mover, this sleek 1.5mm mat features a sacred mandala design in bold black tones, symbolizing balance, unity, and inner focus. Lightweight and foldable, it‚ is the perfect mat for travel, hot yoga, or minimalist practice.


Compact and portable: Folds like a towel for effortless transport.

All-in-One Design: Say goodbye to slippery layers‚ this mat fuses a natural rubber base with a moisture-activated microfiber surface for unmatched grip and convenience.

Eco-Friendly Materials: Made with a natural rubber base and recycled PET microfiber, printed using water-based inks. Free of silicone, toxic glue, and phthalates, it‚ is a conscious choice for you and the planet.

Moisture-Activated Grip: The surface becomes grippier as you sweat, supporting your transitions and deeper poses with ease.

Perfect For All Styles: Ideal for hot yoga, vinyasa, power yoga, restorative sessions, and more, providing the support and grip needed for every flow.

Carry Strap Included: Comes with a durable strap for easy transport to and from your practice.",83,83,USD,1.5,mm,1.5mm,178,cm,"70"" (178 cm) long x 24"" (61 cm) wide",61,cm,"70"" (178 cm) long x 24"" (61 cm) wide",1.6,kg,1.6 kg,Natural Rubber,Suede-like,Eco-Friendly; Non-Slip; Lightweight; Travel,,1,true,6028531597471,combo-yoga-mat-1-5mm-mandala-black,Yoga Design Lab,Travel Combo Yoga Mat,1.5mm; travel combo yoga mat,2020-12-25T12:53:31-05:00,2022-11-17T23:45:07-05:00,https://cdn.shopify.com/s/files/1/0507/7886/5823/files/combo-yoga-mat-2-in-1-mat-towel-mandala-black-best-yoga-mat-for-hot-yoga-yoga-design-lab-1.jpg?v=1734637018
yogadesignlab-combo-yoga-mat-1-5mm-breathe,Travel Combo Yoga Mat - Breathe,yogadesignlab,"Find calm wherever you roam with the Breathe Travel Combo Mat from Yoga Design Lab. This ultra-light mat features a serene, nature-inspired design that invites you to pause, center, and connect. With a built-in microfiber towel top and natural rubber base, it delivers steady grip and soft support‚ especially in sweaty practices. Eco-conscious and foldable, it‚ is crafted from recycled plastic bottles and non-toxic materials, making it as gentle on the planet as it is on your practice.


Compact and portable: Folds like a towel for effortless transport.

All-in-One Design: Say goodbye to slippery layers‚ this mat fuses a natural rubber base with a moisture-activated microfiber surface for unmatched grip and convenience.

Eco-Friendly Materials: Made with a natural rubber base and recycled PET microfiber, printed using water-based inks. Free of silicone, toxic glue, and phthalates, it‚ is a conscious choice for you and the planet.

Moisture-Activated Grip: The surface becomes grippier as you sweat, supporting your transitions and deeper poses with ease.

Perfect For All Styles: Ideal for hot yoga, vinyasa, power yoga, restorative sessions, and more, providing the support and grip needed for every flow.

Carry Strap Included: Comes with a durable strap for easy transport to and from your practice.",83,83,USD,1.5,mm,1.5mm,178,cm,"70"" (178 cm) long x 24"" (61 cm) wide",61,cm,"70"" (178 cm) long x 24"" (61 cm) wide",1.6,kg,1.6 kg,Natural Rubber,Suede-like,Eco-Friendly; Non-Slip; Lightweight; Travel,,1,true,7017878716575,combo-yoga-mat-1-5mm-breathe,Yoga Design Lab,Travel Combo Yoga Mat,1.5mm; travel combo yoga mat,2021-08-18T10:26:39-04:00,2024-12-12T13:24:33-05:00,https://cdn.shopify.com/s/files/1/0507/7886/5823/files/combo-travel-yoga-mat-2-in-1-mat-towel-1-5mm-breathe-yoga-design-lab-1.jpg?v=1686372079
yogadesignlab-travel-combo-yoga-mat-butterfly-glow,Travel Combo Yoga Mat - Butterfly Glow,yogadesignlab,"Travel light, flow bright with the Butterfly Glow Combo Travel Yoga Mat. This ultra-portable, 1.5mm mat features a stunning butterfly-inspired design that glows in the dark, adding a touch of magic to your practice wherever you go. The soft blue and pink hues radiate tranquility, while the glowing patterns come to life in low-light settings, making every session feel special.
Despite its slim profile, this travel-friendly mat doesn't compromise on comfort or performance. The microfiber top provides a super-absorbent, non-slip surface, while the natural rubber base offers excellent grip for a stable practice, even in intense sessions.


Compact and portable: Folds like a towel for effortless transport.

All-in-One Design: Say goodbye to slippery layers‚ this mat fuses a natural rubber base with a moisture-activated microfiber surface for unmatched grip and convenience.

Eco-Friendly Materials: Made with a natural rubber base and recycled PET microfiber, printed using water-based inks. Free of silicone, toxic glue, and phthalates, it‚ is a conscious choice for you and the planet.

Moisture-Activated Grip: The surface becomes grippier as you sweat, supporting your transitions and deeper poses with ease.

Perfect For All Styles: Ideal for hot yoga, vinyasa, power yoga, restorative sessions, and more, providing the support and grip needed for every flow.

Carry Strap Included: Comes with a durable strap for easy transport to and from your practice.

Take the Butterfly Glow Combo Travel Yoga Mat with you wherever your practice leads‚ its radiant glow and ultra-light design make it the perfect companion for yoga on the movePair your Butterfly Glow Travel Yoga Mat with a yoga block for added support or a strap to deepen stretches and enhance your practice wherever you go.",83,83,USD,1.5,mm,1.5mm,178,cm,"70"" (178 cm) long x 24"" (61 cm) wide",61,cm,"70"" (178 cm) long x 24"" (61 cm) wide",1.6,kg,1.6 kg,Natural Rubber,Suede-like,Eco-Friendly; Non-Slip; Lightweight; Travel,,1,true,10564078076063,travel-combo-yoga-mat-butterfly-glow,Yoga Design Lab,Travel Combo Yoga Mat,1.5mm; travel combo yoga mat,2024-12-16T13:08:37-05:00,2025-08-26T18:33:22-04:00,https://cdn.shopify.com/s/files/1/0507/7886/5823/files/combo_mat_butterfly_glow_1.jpg?v=1734637997
yogadesignlab-travel-combo-yoga-mat-iris,Travel Combo Yoga Mat - Iris,yogadesignlab,"Brighten your journey with the Yoga Design Lab Combo Travel Yoga Mat - Iris. This ultra-lightweight 1.5mm mat features a shimmering iridescent design that adds a touch of magic to your practice, wherever your travels take you.
Designed for performance and portability, the Iris Travel Mat combines a sweat-activated microfiber towel top with a natural rubber base, delivering excellent grip and stability in a foldable, travel-friendly format.


Compact and portable: Folds like a towel for effortless transport.

All-in-One Design: Say goodbye to slippery layers‚ this mat fuses a natural rubber base with a moisture-activated microfiber surface for unmatched grip and convenience.

Eco-Friendly Materials: Made with a natural rubber base and recycled PET microfiber, printed using water-based inks. Free of silicone, toxic glue, and phthalates, it‚ is a conscious choice for you and the planet.

Moisture-Activated Grip: The surface becomes grippier as you sweat, supporting your transitions and deeper poses with ease.

Perfect For All Styles: Ideal for hot yoga, vinyasa, power yoga, restorative sessions, and more, providing the support and grip needed for every flow.

Carry Strap Included: Comes with a durable strap for easy transport to and from your practice.

Take your flow on the road with the Iris Travel Mat, a blend of elegance and functionality made for yogis on the go.",83,83,USD,1.5,mm,1.5mm,178,cm,"70"" (178 cm) long x 24"" (61 cm) wide",61,cm,"70"" (178 cm) long x 24"" (61 cm) wide",1.6,kg,1.6 kg,Natural Rubber,Suede-like,Eco-Friendly; Non-Slip; Lightweight; Travel,,1,true,10561077805215,travel-combo-yoga-mat-iris,Yoga Design Lab,Travel Combo Yoga Mat,1.5mm; travel combo yoga mat,2024-12-12T13:53:50-05:00,2024-12-13T13:27:45-05:00,https://cdn.shopify.com/s/files/1/0507/7886/5823/files/combo_mat_butterfly_glow_1_6d09921c-71a5-452f-8e60-6e4884f830d4.jpg?v=1734637865
yogadesignlab-combo-yoga-mat-mandala-sapphire,Combo Yoga Mat - Mandala Sapphire,yogadesignlab,"THE COMBO MAT

The Combo Mat was designed to be the ultimate hot yoga and sweaty companion. An ultra-absorbent and colorful microfiber towel top layer, bonded to a natural tree rubber base.
Perfect for a sweaty grip or for added balance stability; No more towel bunching, as this is an ALL-in-ONE product.



 PRO TIP

For optimal grip, wet your hands or spritz a little water on your mat before practice. Sweat will also help you adhere to your mat.



 EARTH CONSCIOUS

Natural tree rubber base, recycled PET microfiber, and water-based inks. Free of silicone, toxic glue, and phthalates.



 CARE INSTRUCTIONS

Depending on the type of practice, how much you sweat, and personal preference, we recommend washing your Combo Mat every 1-3 uses. If you choose to not wash your mat, hang to dry away from direct sunlight. Roll with the patterned side on the outside for storage or travel.
We recommend hand-washing to extend the life of your mat. If you choose to machine wash, please do so on a gentle cycle with a machine without a center agitator. Hang to dry away from direct sunlight.



 DETAILS

3.5 mm of natural tree rubber + recycled PET microfiber top layer70 in (178 cm) x 24 in (61 cm) x 3.5 mm, 4.9 lb (2.2 kg)Includes carrying strap",110,110,USD,3.5,mm,3.5 mm,178,cm,"70"" (178 cm) long x 24"" (61 cm) wide",61,cm,"70"" (178 cm) long x 24"" (61 cm) wide",2.2,kg,2.2 kg,Natural Rubber,Suede-like,Eco-Friendly; Non-Slip; Travel,,1,false,6026276012191,combo-yoga-mat-mandala-sapphire,Yoga Design Lab,Combo Yoga Mat,3.5mm; combo yoga mat,2020-12-24T18:08:10-05:00,2023-07-27T03:51:52-04:00,https://cdn.shopify.com/s/files/1/0507/7886/5823/products/YDLMandala-Sapphire-main-flat-gray-bg_eb2e01f7-b80f-472b-819b-28f22ac17094.jpg?v=1676834222
yogadesignlab-travel-combo-yoga-mat-zenith,Travel Combo Yoga Mat - Zenith,yogadesignlab,"Take your practice anywhere with the Travel Combo Yoga Mat - Zenith, a lightweight, foldable, and ultra-versatile mat designed for yogis on the go. Featuring a stunning blend of celestial hues and geometric symmetry, this mat brings inspiration and balance to every movement.
With a moisture-activated microfiber surface fused to natural rubber, it delivers exceptional grip as you sweat, making it ideal for hot yoga, vinyasa, and travel-friendly flows.


Compact and portable: Folds like a towel for effortless transport.

All-in-One Design: Say goodbye to slippery layers‚ this mat fuses a natural rubber base with a moisture-activated microfiber surface for unmatched grip and convenience.

Eco-Friendly Materials: Made with a natural rubber base and recycled PET microfiber, printed using water-based inks. Free of silicone, toxic glue, and phthalates, it‚ is a conscious choice for you and the planet.

Moisture-Activated Grip: The surface becomes grippier as you sweat, supporting your transitions and deeper poses with ease.

Perfect For All Styles: Ideal for hot yoga, vinyasa, power yoga, restorative sessions, and more, providing the support and grip needed for every flow.

Carry Strap Included: Comes with a durable strap for easy transport to and from your practice.

Stay grounded wherever you go with Zenith - designed for movement, made for adventure.



  const observer = new MutationObserver(function (mutations) {
    mutations.forEach(function (mutation) {
      mutation.addedNodes.forEach(function (node) {
        if (node.nodeType === 1) { // ensure it's an element
          // Check if it's the image or contains the image
          const targetImg = node.matches?.('img[alt=""icon""]') 
            ? node 
            : node.querySelector?.('img[alt=""icon""]');

          if (targetImg) {
            targetImg.setAttribute(""alt"", ""recycled water bottle counter"");
          }
        }
      });
    });
  });

  observer.observe(document.body, {
    childList: true,
    subtree: true
  });",83,83,USD,1.5,mm,1.5mm,178,cm,"70"" (178 cm) long x 24"" (61 cm) wide",61,cm,"70"" (178 cm) long x 24"" (61 cm) wide",1.6,kg,1.6 kg,Natural Rubber,Suede-like,Eco-Friendly; Non-Slip; Lightweight; Travel,,1,true,10711759519903,travel-combo-yoga-mat-zenith,Yoga Design Lab,Travel Combo Yoga Mat,1.5mm; travel combo yoga mat,2025-03-26T17:43:32-04:00,2025-08-26T18:32:00-04:00,https://cdn.shopify.com/s/files/1/0507/7886/5823/files/Zenith-full-mat.jpg?v=1743025037
yogadesignlab-travel-combo-yoga-mat-boho-glow,Travel Combo Yoga Mat - Boho Glow,yogadesignlab,"Light up your practice with the Boho Glow Combo Travel Yoga Mat. Featuring a bohemian-inspired design that glows in the dark, this mat adds a burst of energy to your practice, no matter where you are. The intricate geometric patterns and vibrant colors transform your mat into a radiant work of art that shines in low-light conditions, inspiring creativity and flow.
With its 1.5mm thickness, this travel mat is designed for yogis on the go. The microfiber surface provides superior grip as you sweat, while the natural rubber base ensures stability in every pose. Compact, lightweight, and easy to carry, it‚ is perfect for taking your practice anywhere.


Compact and portable: Folds like a towel for effortless transport.

All-in-One Design: Say goodbye to slippery layers‚ this mat fuses a natural rubber base with a moisture-activated microfiber surface for unmatched grip and convenience.

Eco-Friendly Materials: Made with a natural rubber base and recycled PET microfiber, printed using water-based inks. Free of silicone, toxic glue, and phthalates, it‚ is a conscious choice for you and the planet.

Moisture-Activated Grip: The surface becomes grippier as you sweat, supporting your transitions and deeper poses with ease.

Perfect For All Styles: Ideal for hot yoga, vinyasa, power yoga, restorative sessions, and more, providing the support and grip needed for every flow.

Carry Strap Included: Comes with a durable strap for easy transport to and from your practice.

The Boho Glow Combo Travel Yoga Mat is your perfect partner for a practice that‚ is as free-spirited and radiant as you are. Travel light, flow bright, and embrace your journey.",83,83,USD,1.5,mm,1.5mm,178,cm,"70"" (178 cm) long x 24"" (61 cm) wide",61,cm,"70"" (178 cm) long x 24"" (61 cm) wide",1.6,kg,1.6 kg,Natural Rubber,Suede-like,Eco-Friendly; Non-Slip; Lightweight; Travel,,1,true,10564082466975,travel-combo-yoga-mat-boho-glow,Yoga Design Lab,Travel Combo Yoga Mat,1.5mm; travel combo yoga mat,2024-12-16T13:11:53-05:00,2025-08-26T18:33:23-04:00,https://cdn.shopify.com/s/files/1/0507/7886/5823/files/combo_mat_boho_glow_1.jpg?v=1734637968
yogadesignlab-travel-combo-yoga-mat-crystal,Travel Combo Yoga Mat - Crystal,yogadesignlab,"Discover clarity and balance on the go with the Yoga Design Lab Combo Travel Yoga Mat - Crystal. This ultra-lightweight 1.5mm mat is designed for portability and performance, combining a sweat-activated microfiber towel surface with a natural rubber base for exceptional grip and stability.
Compact and foldable, the Crystal Travel Mat easily fits into your bag, making it the perfect companion for studio sessions, outdoor flows, or your next adventure.


Compact and portable: Folds like a towel for effortless transport.

All-in-One Design: Say goodbye to slippery layers‚ this mat fuses a natural rubber base with a moisture-activated microfiber surface for unmatched grip and convenience.

Eco-Friendly Materials: Made with a natural rubber base and recycled PET microfiber, printed using water-based inks. Free of silicone, toxic glue, and phthalates, it‚ is a conscious choice for you and the planet.

Moisture-Activated Grip: The surface becomes grippier as you sweat, supporting your transitions and deeper poses with ease.

Perfect For All Styles: Ideal for hot yoga, vinyasa, power yoga, restorative sessions, and more, providing the support and grip needed for every flow.

Carry Strap Included: Comes with a durable strap for easy transport to and from your practice.

Bring a sense of purity and focus to your practice with the Crystal Travel Mat, designed to support your flow wherever life leads you.",83,83,USD,1.5,mm,1.5mm,178,cm,"70"" (178 cm) long x 24"" (61 cm) wide",61,cm,"70"" (178 cm) long x 24"" (61 cm) wide",1.6,kg,1.6 kg,Natural Rubber,Suede-like,Eco-Friendly; Non-Slip; Lightweight; Travel,,1,true,10561078689951,travel-combo-yoga-mat-crystal,Yoga Design Lab,Travel Combo Yoga Mat,1.5mm; travel combo yoga mat,2024-12-12T13:58:22-05:00,2024-12-13T13:27:46-05:00,https://cdn.shopify.com/s/files/1/0507/7886/5823/files/YDLComboMatCelestialshopify.jpg?v=1734637876
yogadesignlab-kids-combo-yoga-mat-celestial,Kids Combo Yoga Mat - Celestial,yogadesignlab,"Take your little yogi on a journey through the stars with the Kids Combo Yoga Mat - Celestial. Designed to spark creativity and focus, this mat features a dreamy celestial-inspired design with constellations and a soft galaxy backdrop.


Sized for Kids: Perfectly scaled at 60 "" x 24 "" for smaller bodies, ensuring comfort and ease during yoga or playtime.

All-in-One Design: Say goodbye to slippery layers‚ this mat fuses a natural rubber base with a moisture-activated microfiber surface for unmatched grip and convenience.

Eco-Friendly Materials: Made with a natural rubber base and recycled PET microfiber, printed using water-based inks. Free of silicone, toxic glue, and phthalates, it‚ is a conscious choice for you and the planet.

Moisture-Activated Grip: The surface becomes grippier as you sweat, supporting your transitions and deeper poses with ease.

Perfect For All Styles: Ideal for hot yoga, vinyasa, power yoga, restorative sessions, and more, providing the support and grip needed for every flow.

Carry Strap Included: Comes with a durable strap for easy transport to and from your practice.

Whether they‚  are mastering a downward dog or simply dreaming among the stars, this mat is the perfect companion for kids to explore movement, mindfulness, and a little magic.",59,59,USD,4,mm,4mm,152,cm,"60"" (152 cm) long x 40"" (101 cm) wide",101,cm,"60"" (152 cm) long x 40"" (101 cm) wide",,,,Natural Rubber,Suede-like,Eco-Friendly; Non-Slip,,1,true,10560124715167,kids-combo-yoga-mat-celestial,Yoga Design Lab ,Kids Combo Yoga Mat,4mm; celestial; Kids Combo Yoga Mat,2024-12-11T16:06:45-05:00,2024-12-11T17:08:57-05:00,https://cdn.shopify.com/s/files/1/0507/7886/5823/files/kids-combo-celestial.png?v=1734637749
yogadesignlab-combo-yoga-mat-3-5mm-monaco,Combo Yoga Mat - Monaco,yogadesignlab,"Step onto luxury with the Combo Yoga Mat - Monaco, a fusion of beauty and performance. Featuring a Moroccan-inspired watercolor design with pink, blue, and gold hues, this mat blends a soft microfiber towel top with a natural rubber base for ultimate grip and cushioning. Sweat-activated for stability, it‚ is perfect for hot yoga, vinyasa, and restorative flows. It‚ is your all-in-one mat for style and support.


All-in-One Design: Say goodbye to slippery layers‚ this mat fuses a natural rubber base with a moisture-activated microfiber surface for unmatched grip and convenience.

Eco-Friendly Materials: Made with a natural rubber base and recycled PET microfiber, printed using water-based inks. Free of silicone, toxic glue, and phthalates, it‚ is a conscious choice for you and the planet.

Moisture-Activated Grip: The surface becomes grippier as you sweat, supporting your transitions and deeper poses with ease.

Perfect For All Styles: Ideal for hot yoga, vinyasa, power yoga, restorative sessions, and more, providing the support and grip needed for every flow.

Carry Strap Included: Comes with a durable strap for easy transport to and from your practice.

Flow in style. Move with ease. Elevate your practice. ‚ú®",83,110,USD,1.5,mm,1.5mm,178,cm,"70"" (178 cm) long x 24"" (61 cm) wide",61,cm,"70"" (178 cm) long x 24"" (61 cm) wide",3.2,kg,3.2 kg,Natural Rubber,Suede-like,Eco-Friendly; Non-Slip,,2,true,6028535496863,combo-yoga-mat-3-5mm-monaco,Yoga Design Lab,Combo Yoga Mat,3.5mm; combo yoga mat,2020-12-25T12:54:41-05:00,2025-03-28T15:54:20-04:00,https://cdn.shopify.com/s/files/1/0507/7886/5823/files/YDL-Combo-Mat-Monaco-1.png?v=1743096836
yogadesignlab-travel-combo-yoga-mat-rose,Travel Combo Yoga Mat - Rose,yogadesignlab,"Add elegance to your hot yoga or yoga for beginners practice with the Yoga Design Lab Combo Travel Yoga Mat - Rose. This 1.5mm mat blends beauty and function, featuring a sweat-activated microfiber towel surface and a natural rubber base for superior grip.
Lightweight and foldable, it fits seamlessly into your routine, whether you're at the studio, exploring the outdoors, or traveling the world. 


Compact and portable: Folds like a towel for effortless transport.

All-in-One Design: Say goodbye to slippery layers‚ this mat fuses a natural rubber base with a moisture-activated microfiber surface for unmatched grip and convenience.

Eco-Friendly Materials: Made with a natural rubber base and recycled PET microfiber, printed using water-based inks. Free of silicone, toxic glue, and phthalates, it‚ is a conscious choice for you and the planet.

Moisture-Activated Grip: The surface becomes grippier as you sweat, supporting your transitions and deeper poses with ease.

Perfect For All Styles: Ideal for hot yoga, vinyasa, power yoga, restorative sessions, and more, providing the support and grip needed for every flow.

Carry Strap Included: Comes with a durable strap for easy transport to and from your practice.

Graceful and practical, the Rose Travel Mat brings a touch of sophistication to your yoga journey.",83,83,USD,1.5,mm,1.5mm,178,cm,"70"" (178 cm) long x 24"" (61 cm) wide",61,cm,"70"" (178 cm) long x 24"" (61 cm) wide",1.6,kg,1.6 kg,Natural Rubber,Suede-like,Eco-Friendly; Non-Slip; Lightweight; Travel,,1,true,10561079050399,travel-combo-yoga-mat-rose,Yoga Design Lab,Travel Combo Yoga Mat,1.5mm; travel combo yoga mat,2024-12-12T14:00:41-05:00,2024-12-13T13:27:47-05:00,https://cdn.shopify.com/s/files/1/0507/7886/5823/files/YDLComboMatRoseshopify_86ef75e2-bbbb-4bc9-9a70-7002ee322f51.jpg?v=1734637889
yogadesignlab-combo-yoga-mat-1-5mm-monaco,Travel Combo Yoga Mat - Monaco,yogadesignlab,"Unroll elegance with the Travel Combo Yoga Mat - Monaco, where artistry meets functionality. Designed for yogis on the go, this ultra-light 1.5mm mat combines a soft microfiber towel top with a natural rubber base for superior grip - activated by sweat. The dreamy Moroccan-inspired pattern blends pinks, blues, and gold accents, adding a touch of luxury to your flow. Foldable and lightweight, it‚ is perfect for travel, hot yoga, or studio sessions.


Compact and portable: Folds like a towel for effortless transport.

All-in-One Design: Say goodbye to slippery layers‚ this mat fuses a natural rubber base with a moisture-activated microfiber surface for unmatched grip and convenience.

Eco-Friendly Materials: Made with a natural rubber base and recycled PET microfiber, printed using water-based inks. Free of silicone, toxic glue, and phthalates, it‚ is a conscious choice for you and the planet.

Moisture-Activated Grip: The surface becomes grippier as you sweat, supporting your transitions and deeper poses with ease.

Perfect For All Styles: Ideal for hot yoga, vinyasa, power yoga, restorative sessions, and more, providing the support and grip needed for every flow.

Carry Strap Included: Comes with a durable strap for easy transport to and from your practice.

Travel light. Flow freely. Shine boldly. ‚ú®",83,83,USD,1.5,mm,1.5mm,178,cm,"70"" (178 cm) long x 24"" (61 cm) wide",61,cm,"70"" (178 cm) long x 24"" (61 cm) wide",1.6,kg,1.6 kg,Natural Rubber,Suede-like,Eco-Friendly; Non-Slip; Lightweight; Travel,,1,true,6028535529631,combo-yoga-mat-1-5mm-monaco,Yoga Design Lab,Travel Combo Yoga Mat,1.5mm; travel combo yoga mat,2020-12-25T12:54:42-05:00,2025-03-28T15:54:13-04:00,https://cdn.shopify.com/s/files/1/0507/7886/5823/files/YDL-Combo-Mat-Monaco-1.png?v=1743096836
yogadesignlab-combo-yoga-mat-rainbow,Combo Yoga Mat - Rainbow,yogadesignlab,"Celebrate love, diversity, and self-expression with the Rainbow Combo Yoga Mat. Created to honor Pride Month, this vibrant design showcases the full spectrum of colors, symbolizing inclusivity and unity. It‚ is more than a mat‚ it‚ is a statement of pride and empowerment for every yogi.


All-in-One Design: Say goodbye to slippery layers‚ this mat fuses a natural rubber base with a moisture-activated microfiber surface for unmatched grip and convenience.

Eco-Friendly Materials: Made with a natural rubber base and recycled PET microfiber, printed using water-based inks. Free of silicone, toxic glue, and phthalates, it‚ is a conscious choice for you and the planet.

Moisture-Activated Grip: The surface becomes grippier as you sweat, supporting your transitions and deeper poses with ease.

Perfect For All Styles: Ideal for hot yoga, vinyasa, power yoga, restorative sessions, and more, providing the support and grip needed for every flow.

Carry Strap Included: Comes with a durable strap for easy transport to and from your practice.

Practice with purpose and pride. The Rainbow Combo Yoga Mat is a celebration of individuality and community, inspiring you to move with love and authenticity every time you step on the mat.",110,110,USD,3.5,mm,3.5mm,178,cm,"70"" (178 cm) long x 24"" (61 cm) wide",61,cm,"70"" (178 cm) long x 24"" (61 cm) wide",3.2,kg,3.2 kg,Natural Rubber,Suede-like,Eco-Friendly; Non-Slip,,1,true,10555079262367,combo-yoga-mat-rainbow,Yoga Design Lab,Combo Yoga Mat,3.5mm; combo yoga mat,2024-12-05T11:26:41-05:00,2024-12-06T19:51:14-05:00,https://cdn.shopify.com/s/files/1/0507/7886/5823/files/YDLComboMatPRIDERainbow1shopify.jpg?v=1734637678
yogadesignlab-travel-cork-yoga-mat-natural-balance,Travel Cork Yoga Mat - Natural Balance,yogadesignlab,"Lightweight, foldable, and designed for yogis on the move, the Travel Cork Yoga Mat - Natural Balance offers the perfect blend of portability and performance. Crafted from sustainable cork and natural rubber, this ultra-thin mat delivers a moisture-activated grip for stability wherever your practice takes you. The minimalist geometric design encourages alignment, while its compact build fits easily into any bag. Ideal for travel, hot yoga, and layering over studio mats.


Sustainably harvested cork for a non-slip surface that gets grippier with moisture

Naturally antimicrobial to resist odors and bacteria, keeping your mat fresh

Free from PVC and toxic chemicals for a safe and eco-friendly practice

Lightweight and durable for easy transport and long-lasting performance

Biodegradable materials to reduce your environmental footprint

Carry Strap Included: Comes with a durable strap for easy transport to and from your practice.

Pack light, move freely, and stay grounded anywhere. üåø



  const observer = new MutationObserver(function (mutations) {
    mutations.forEach(function (mutation) {
      mutation.addedNodes.forEach(function (node) {
        if (node.nodeType === 1) { // ensure it's an element
          // Check if it's the image or contains the image
          const targetImg = node.matches?.('img[alt=""icon""]') 
            ? node 
            : node.querySelector?.('img[alt=""icon""]');

          if (targetImg) {
            targetImg.setAttribute(""alt"", ""recycled water bottle counter"");
          }
        }
      });
    });
  });

  observer.observe(document.body, {
    childList: true,
    subtree: true
  });",83,83,USD,1.5,mm,1.5mm,178,cm,"70"" (178 cm) long x 24"" (61 cm) wide",61,cm,"70"" (178 cm) long x 24"" (61 cm) wide",1.6,kg,1.6 kg,Cork,Grippy,Eco-Friendly; Non-Slip; Lightweight; Travel; Alignment Marks; Antimicrobial,,1,true,10711950491807,travel-cork-yoga-mat-natural-balance,Yoga Design Lab,Travel Cork Yoga Mat,1.5mm; travel cork yoga mat,2025-03-27T13:14:12-04:00,2025-08-26T18:32:03-04:00,https://cdn.shopify.com/s/files/1/0507/7886/5823/files/Natural-Balance-full-mat.jpg?v=1743095413
yogakargha-organic-cotton-mat-mediation-mat-for-yoga-pilates-16657,Organic Cotton Undyed Natural White Yoga Mat With Antiskid,yogakargha,"Product
      Organic Cotton Yoga Mat — Natural Color, Minimalist & Travel-Friendly
    
    
      Dimensions
      72"" × 28"" (approx. 183 × 71 cm)
    
    
      Thickness
      3–3.5 mm (thin and foldable)
    
    
      Material
      100% Organic Cotton • Optional Natural Rubber Coating (anti-skid)
    
    
      Color
      Natural undyed cotton — no bleach, no chemicals
    
    
      Weight
      Approx. 800 grams (lightweight and travel-ready)
    
    
      Finish Options
      
        All-Natural Cotton Mat: Best for carpeted or soft surfaces, latex-free.
        Anti-Skid Coated Mat: Pre-applied natural rubber coating for firm floor grip.
      
    
    
      Includes
      Organic cotton yoga bag
    
    
      Best For
      Travel • Hatha • Vinyasa • Iyengar • Meditation • Hot Yoga
    
    
      Origin
      Made in India • YogaKargha by Abhinehkrafts
    
  



About the Product

The Natural Organic Cotton Yoga Mat is simplicity redefined — pure, breathable, and rooted in India’s yogic tradition. Handwoven from unbleached organic cotton, it provides a chemical-free surface that connects you to your practice and the earth.


Choose between an all-cotton finish for purists or the anti-skid rubber-coated version for greater stability on hard floors. Its lightweight weave makes it perfect for travel, studio use, or layering over another mat. With time, the cotton softens, becoming more absorbent and grippy — a mat that evolves with your journey.



✨ Key Highlights

  
Pure & Minimalist: Unbleached organic cotton — soft, breathable, and eco-safe.
  
Lightweight & Portable: Easy to fold and carry for travel or outdoor yoga.
  
Anti-Skid Option: Kerala-sourced natural rubber coating adds floor grip.
  
Versatile: Works for yoga, meditation, and fitness on all surfaces.
  
Timeless Craft: Handwoven over three days by skilled artisans.



🧺 Wash & Care

  Handwash recommended; machine wash on gentle cycle if needed.
  Use mild detergent; avoid tumble drying.
  Sun or shade dry naturally.
  Natural rubber coating may lighten slightly after wash — a mark of authenticity.
  Cotton may shrink marginally during the first wash.



🌍 Sustainability

  Made from 100% organic cotton — biodegradable and toxin-free.
  Natural rubber coating from sustainable Kerala plantations.
  Supports slow, ethical production and artisan livelihoods in India.


Handwoven with intention and care — a mat that honors purity, presence, and planet.",170,320,USD,3.5,mm,3.5 mm,183,cm,183 × 71 cm,71,cm,183 × 71 cm,0.8,kg,800 grams,Cotton,Grippy,Eco-Friendly; Non-Slip; Lightweight; Travel,,4,true,6587456323771,organic-cotton-mat-mediation-mat-for-yoga-pilates-16657,Yoga Kargha,Yoga & Pilates Mats,anti bacterial mat; anti odor odorless; best yoga mat; eco-friendly mat; hot yoga; mats; Organic cotton mats; slip free anti slip; white grey mat; woven mat; yoga accessories; yoga cotton mat; yoga gift gifts; yoga mat bag,2021-03-19T16:56:53+05:30,2021-03-19T16:56:53+05:30,https://cdn.shopify.com/s/files/1/0003/2119/1955/products/il_fullxfull.1954401623_o0uf_0bd362fb-30ed-41eb-bb8b-01930b66c2a5.jpg?v=1660824845
yogakargha-anti-skid-mats-yogakargha,Organic Cotton Yoga Mat | 6mm Thick Weave | Handwoven & Eco-Friendly,yogakargha,"Product

Organic Cotton Yoga Mat – Natural Color | 6mm Thick Weave | Handwoven & Eco-Friendly



Dimensions

80” × 28” (approx. 203 × 71 cm)



Thickness

6 mm – Thick weave for comfort & grounding



Material

100% Organic Cotton • Optional Natural Rubber Coating (Anti-Skid Backing)



Color

Natural undyed cotton (earthy beige tone)



Weight

Approx. 1.2 kg



Includes

Complimentary cotton carry bag



Backing Option

Plain woven mat • OR • Anti-skid version with Kerala natural rubber coating



Best For

Hatha • Vinyasa • Iyengar • Bikram • Restorative • Hot Yoga • Meditation



Origin

Made in India • YogaKargha by Abhinehkrafts




About the Product
Discover the essence of traditional yoga with our Organic Cotton Yoga Mat – Natural Color, 6mm Thick Weave. Handwoven over three days by our partner artisans, this mat combines the simplicity of natural cotton with the durability and comfort of a thicker weave. Each piece carries the touch of human craftsmanship, designed for breath, sweat, and mindful stillness.
Made entirely from organic cotton, this mat is eco-friendly, anti-odor, and incredibly breathable. Choose the optional natural rubber coating for added grip and anti-skid functionality—perfect for intense or hot yoga routines. Its neutral color and grounding texture make it equally suited for your yoga practice, meditation, or home décor space.

✨ Key Highlights


Organic & Handwoven: Each mat is woven using sustainable cotton yarns on traditional looms.

Thick Weave (6mm): Provides natural cushioning for joints without losing stability.

Optional Anti-Skid: Natural rubber base derived from Kerala’s rubber plantations.

Breathable & Sweat Absorbent: Ideal for hot yoga or humid environments.

Eco-Friendly & Plastic-Free: 100% biodegradable and kind to your skin and the planet.

Generously Sized: At 80” × 28”, this mat gives extra length and width for movement and balance.


🧺 Wash & Care

Hand wash only; machine wash (gentle, cold) at user’s discretion.
Air dry in sunlight or shade; avoid tumble drying.
Natural rubber coating may slightly wear off with repeated washing.
Expect slight shrinkage on first wash — characteristic of pure cotton fibers.


🌍 Sustainability

Crafted from 100% natural fibers, biodegradable and free from synthetics or microplastics.
Supports heritage handloom weaving and ethical employment for rural artisans.
Low-impact dye-free process preserves the raw beauty of cotton.

Handwoven with love in our Ghaziabad studio — an invitation to slow down, breathe deeply, and return to natural practice.",180,210,USD,6,mm,6mm,203,cm,203 × 71 cm,71,cm,203 × 71 cm,1.2,kg,1.2 kg,Cotton,Textured,Eco-Friendly; Non-Slip,,2,true,7742799511788,anti-skid-mats-yogakargha,Yoga Kargha,Yoga & Pilates Mats,anti bacterial mat; anti odor odorless; best yoga mat; eco-friendly mat; hot yoga; Mats; Organic cotton mats; slip free anti slip; white grey mat; woven mat; yoga accessories; yoga cotton mat; yoga gift gifts; yoga mat bag,2022-08-27T16:22:17+05:30,2022-08-27T16:22:12+05:30,https://cdn.shopify.com/s/files/1/0003/2119/1955/products/il_fullxfull.4054968500_8vkl.jpg?v=1661597537
yogakargha-organic-cotton-yoga-mat-pilates-mat-yogakargha,Organic Cotton Amrit Yoga Mat - Handwoven • Machine Washable • Optional Anti-Skid Backing,yogakargha,"Product

Amrit (Nectar) Yoga Mat — Handwoven Organic Cotton, Vibrant Colors, Eco-Friendly



Dimensions

80"" × 28"" (approx. 203 × 71 cm)



Thickness

4 mm (without backing) • 5–6 mm (with anti-skid felt backing)



Material

Organic Cotton • Azo-free dyes • Optional felt anti-skid backing (rubber-dotted)



Color Options

Multiple vibrant colors — dyed naturally using Azo-free pigments



Weight

Approx. 1.5 kg (lightweight and easy to roll)



Includes

Complimentary organic cotton yoga bag



Finish Options


1. All-Natural Cotton Back — soft, foldable, latex-free2. Anti-Skid Felt Back — better traction on smooth floors3. Double Layer — enhanced cushioning and comfort



Best For

Yoga • Pilates • Meditation • Fitness • Home Décor



Origin

Made in India • YogaKargha by Abhinehkrafts




About the Product
The Amrit Yoga Mat — named after the Sanskrit word for “nectar” — is designed to bring color, joy, and consciousness to your daily practice. Handwoven from pure organic cotton and dyed with Azo-free, non-toxic pigments, each mat carries the calm rhythm of India’s traditional looms and the vibrance of its heritage.
With its extra-long and thick weave, the Amrit Mat is perfect for all yoga styles, pilates, fitness, or meditation. Its tactile surface enhances your connection to the floor, while the optional anti-skid felt backing adds stability for dynamic flows. Use it indoors, outdoors, or as a stunning accent rug at home.

✨ Key Highlights


Handwoven & Hand-Dyed: Every mat takes 3 days to weave and finish using age-old artisanal methods.

Eco-Friendly: Organic cotton + Azo-free dyes = earth-safe and toxin-free.

Extra Large & Thick: 80"" × 28"", 4–6 mm — comfort for every posture.

Dual Purpose: Yoga mat or home décor — beautiful in both form and function.

Includes: Free cotton yoga bag for easy carry and storage.


🧺 Wash & Care

Handwash recommended; machine wash on gentle settings if preferred.
Use mild detergent only; avoid bleach or harsh chemicals.
Air dry naturally in sun or shade.
Color variations or small weaving knots are part of the handmade beauty.


🌍 Sustainability

Crafted from 100% biodegradable cotton and Azo-free natural dyes.
Supports slow, fair trade production in India’s artisan communities.
Plastic-free packaging and eco-conscious shipping.

Handwoven in our Ghaziabad studio — a mat that nourishes body, earth, and soul.",170,180,USD,4,mm,4 mm,203,cm,203 × 71 cm,71,cm,203 × 71 cm,1.5,kg,1.5 kg,Cotton,Smooth,Eco-Friendly; Lightweight; Travel,Daisy White; Latte Tan; Mocha Tan; Indian Marigold; IndianBrinjal Purple; Bluish Steel Grey; Sugar Plum/Wine; Holy Orange; Navy Blue; Sugar Cookie; Forest Green; Silky Sky; Feels Like Fuschia,26,true,6551303159995,organic-cotton-yoga-mat-pilates-mat-yogakargha,Yoga kargha,Yoga & Pilates Mats,anti bacterial mat; anti slip yoga mat; best yoga mat; Couple Yoga Mat; eco-friendly mat; Extra Long yoga mat; Extra thick yoga mat; handmade area rug; handwoven cotton rug; mats; Meditation Mat; Organic Cotton Mat; Prayer Mat; Yoga Cotton Mat,2021-03-03T18:13:35+05:30,2021-12-27T23:44:06+05:30,https://cdn.shopify.com/s/files/1/0003/2119/1955/files/IMG_4846.jpg?v=1700321281
yogakargha-premium-organic-cotton-seven-chakra-45907,Organic Cotton Seven Chakra Embroidered Mat for Yoga and Meditation,yogakargha,"Product

Grey Chakra Yoga Mat — Handwoven Organic Cotton with Yellow Base & 7 Chakra Symbols



Material

100% Organic Cotton • Naturally Dyed • Felt Anti-Skid Backing with Rubber Dots



Dimensions

73"" × 24"" (approx. 185 × 61 cm)



Thickness

Approx. 5–7 mm — supportive for yoga and meditation



Weight

Approx. 1.6 kg



Includes

Complimentary cotton carry bag for easy travel and storage



Origin

Handcrafted in India • YogaKargha by Abhinehkrafts




About the Product
The Grey Chakra Yoga Mat embodies the perfect blend of color, consciousness, and craft. Handwoven from organic cotton, it features seven chakra motifs carefully dyed in grey tones across a golden yellow base — a reflection of balance between light and grounding energy.
Each mat is hand-dyed and woven by artisans using Azo-free, plant-safe dyes. The anti-skid felt backing ensures excellent grip, making it perfect for Hatha, Vinyasa, or Hot Yoga sessions. Designed for those who seek to align their practice with nature and intention.

✨ Key Highlights


Organic Cotton Weave: Breathable, durable, and biodegradable.

7 Chakra Design: Symbolizes energy alignment and mindfulness.

Anti-Skid Felt Backing: Keeps the mat steady even on smooth floors.

Eco-Friendly Dyes: Azo-free, chemical-free, and safe for skin.

Comfortable Dimensions: 73"" × 24"", 5–7 mm thick for soft yet stable practice.

Carry Bag Included: Organic cotton sling bag for easy transport.


🧺 Wash & Care

Hand wash gently with mild soap; avoid bleach.
Dry flat in shade; avoid harsh sunlight.
Natural dyes may bleed slightly — wash separately.


🌿 Sustainability

Made with 100% organic cotton and natural dyes.
Plastic-free, biodegradable, and artisan-crafted.
Supports rural weaving communities in India.

Align your energy and practice with the handmade grace of the Grey Chakra Yoga Mat — where art, tradition, and mindfulness meet.",180,180,USD,7,mm,7 mm,185,cm,185 × 61 cm,61,cm,185 × 61 cm,1.6,kg,1.6 kg,Cotton,Grippy,Eco-Friendly; Non-Slip; Travel; Alignment Marks,Gray; Yellow; White,3,true,6235750203579,premium-organic-cotton-seven-chakra-45907,Yoga Kargha,Yoga & Pilates Mats,anti bacterial mat; anti odor odorless; best yoga mat; eco-friendly mat; hot yoga; mats; Organic cotton mats; slip free anti slip; white grey mat; woven mat; yoga accessories; yoga cotton mat; yoga gift gifts; yoga mat bag,2021-02-05T17:23:16+05:30,2021-02-05T17:23:16+05:30,https://cdn.shopify.com/s/files/1/0003/2119/1955/files/il_fullxfull.6819051134_fu5j.jpg?v=1760017446
yogakargha-grip-mat-handblock-mat-for-yoga,Hand-Block Printed Antiskid Sweat Absorbent Yoga Mat,yogakargha,"Product
      Hand Block Printed Cotton Yoga Mat — Eco-Friendly, Anti-Skid & Multi-Purpose Rug
    
    
      Dimensions
      75"" × 26"" (approx. 190 × 66 cm)
    
    
      Thickness
      ~6 mm (woven cotton surface with optional anti-skid backing)
    
    
      Material
      100% Cotton (handwoven) • Optional Felt Backing with Rubber Dots (anti-skid)
    
    
      Design
      Geometric Hand Block Print using Natural Dyes
    
    
      Weight
      Approx. 1.5 kg (lightweight & easy to roll)
    
    
      Includes
      Complimentary hand-stitched cotton yoga bag (subject to availability)
    
    
      Best For
      Yoga • Meditation • Fitness • Home Décor • Travel
    
    
      Origin
      Made in India • YogaKargha by Abhinehkrafts
    
  



About the Product

Celebrate tradition and conscious design with our Hand Block Printed Cotton Yoga Mat. Woven from pure cotton on traditional looms and manually block printed by artisans, each piece embodies mindful craft and natural beauty. The result — a yoga mat that’s breathable, anti-skid, and aesthetically timeless.


Use it for yoga, meditation, or as a beautiful dhurrie to enhance your living space. The optional anti-skid felt backing with natural rubber dots provides extra grip for advanced postures, while the soft woven top ensures comfort in every pose.



✨ Key Highlights

  
Hand Block Printed: Geometric patterns applied using traditional wooden blocks.
  
Eco-Friendly: 100% cotton — breathable, natural, and biodegradable.
  
Anti-Skid Base: Felt backing with rubber dots keeps the mat steady on any surface.
  
Multi-Use: Functions as a yoga mat, runner, area rug, or décor accent.
  
Unique Character: Variations in print or tone celebrate the handmade process.



🧺 Wash & Care

  Handwash separately using mild detergent; rinse in cold water with salt on first wash.
  Air dry flat in shade; avoid prolonged direct sunlight.
  Do not bleach; machine wash only on gentle settings at your discretion.
  Expect minor shrinkage or tone variation — a hallmark of natural fiber.



🌍 Sustainability

  Plastic-free, toxin-free, biodegradable product.
  Supports heritage block printing and handloom weaving communities in India.
  Crafted in small batches under ethical, slow production practices.


Lovingly handmade in our Ghaziabad studio — where every mat is a celebration of craft, culture, and conscious living.",170,180,USD,6,mm,6 mm,190,cm,190 × 66 cm,66,cm,190 × 66 cm,1.5,kg,1.5 kg,Cotton,Grippy,Eco-Friendly; Non-Slip; Lightweight; Travel,,12,true,7088848175291,grip-mat-handblock-mat-for-yoga,Yoga Kargha,Yoga & Pilates Mats,anti bacterial mat; anti slip yoga mat; anti-skid; artisan made; best yoga mat; biodegradable; eco-friendly; eco-friendly mat; Extra Long yoga mat; Extra thick yoga mat; geometric print; hand block printed; handmade; hot yoga; Indigo Mat; made in india; mats; natural dye; Organic Cotton Mat; slip free yoga mat; washable; yoga accessories; Yoga Cotton Mat; Yoga mat Bag,2021-09-01T22:45:55+05:30,2021-09-01T22:45:55+05:30,https://cdn.shopify.com/s/files/1/0003/2119/1955/files/Hand_block_Mat-_Non_White-Photoroom.jpg?v=1759894071
yogakargha-organic-mat-knitted-pattern-mat-for-yoga-pilates,"Organic Cotton Yoga Mat | Knotted Handwoven, Anti-Skid & Extra Large | Eco-Friendly, Washable, Biodegradable |",yogakargha,"Product
      Bright Orange / Red Organic Cotton Yoga Mat — Handwoven with Black Grip Stripes
    
    
      Dimensions
      80"" × 28"" (approx. 203 × 71 cm) – wider and longer than standard mats
    
    
      Thickness
      5–7 mm (with felt anti-skid backing)
    
    
      Material
      100% Organic Cotton • Optional Felt Anti-Skid Backing with Rubber Dots
    
    
      Design
      Vibrant Orange or Red base with Black Knotted Grip Stripes
    
    
      Weight
      Approx. 1.6 kg (lightweight and easy to carry)
    
    
      Includes
      Complimentary organic cotton carry bag
    
    
      Finish Options
      
        All-Natural Cotton Mat: Best for carpeted surfaces, latex-free.
        Anti-Skid Felt Backing: Added grip and thickness for all surfaces.
      
    
    
      Best For
      Yoga • Meditation • Stretching • Beach Practice • Home Décor
    
    
      Origin
      Made in India • YogaKargha by Abhinehkrafts
    
  



About the Product

Infuse your practice with color and tradition. The Bright Organic Cotton Yoga Mat is handwoven over three days by our partner artisans in India, using pure cotton yarns and black knotted grip stripes that add traction and texture. The vibrant hue—available in Bright Orange or Red—awakens warmth and focus, turning your practice into a celebration of vitality.


Choose between a fully natural cotton mat or the anti-skid felt backing version for extra stability on hard floors. Breathable, biodegradable, and easy to maintain, this mat grows softer and more connected with every session.



✨ Key Highlights

  
Handwoven Organic Cotton: Breathable, biodegradable, and softens with time.
  
Knotted Grip Stripes: Woven black vertical lines improve texture and stability.
  
Extra Large Size: 80"" × 28"" gives room for expansion in every asana.
  
Anti-Skid Option: Felt backing with natural rubber dots for firm floor grip.
  
Machine Washable: Gentle cycle; sun or shade dry naturally.



🧺 Wash & Care

  Machine wash on gentle cycle with mild detergent.
  Air dry flat in shade or indirect sunlight.
  Do not bleach or use harsh cleaners.
  Mat softens and improves in grip over time with practice.



🌍 Sustainability

  Made from 100% organic cotton — biodegradable and plastic-free.
  Supports fair, small-batch production and artisan livelihoods in India.
  Natural alternative to microfiber or foam mats that shed microplastics.


Handwoven with love in our Ghaziabad studio — where every thread carries the rhythm of breath and the color of energy.",170,180,USD,7,mm,7 mm,203,cm,203 × 71 cm,71,cm,203 × 71 cm,1.6,kg,1.6 kg,Cotton,Suede-like,Eco-Friendly; Non-Slip; Lightweight,Royal Blue; Coca Cola; Burnt Umber; Turmeric Yellow; Grey; Mahroon; Orange,14,true,6840830886075,organic-mat-knitted-pattern-mat-for-yoga-pilates,AbhinehKrafts,Yoga & Pilates Mats,anti bacterial mat; anti slip yoga mat; anti-skid; artisan made; best yoga mat; biodegradable; blue pink orange mat; bright orange; cotton; eco-friendly; eco-friendly mat; extra large; Extra Long yoga mat; Extra thick yoga mat; handwoven; hot yoga; made in india; mats; organic cotton; Organic Cotton Mat; red yoga mat; slip free yoga mat; washable; yoga accessories; Yoga Cotton Mat; Yoga mat Bag,2021-05-17T09:49:33+05:30,2021-05-17T09:49:33+05:30,https://cdn.shopify.com/s/files/1/0003/2119/1955/files/il_fullxfull.6837082046_3if6.jpg?v=1759908407
yogakargha-organic-cotton-mat-organic-yoga-mat-yogakargha,"Organic Cotton Yoga Mat | Handwoven, Anti-Skid & Extra Long | All-Season Bestseller",yogakargha,"Product
      Organic Cotton Yoga Mat — Solid Colors, All-Season Bestseller
    
    
      Dimensions
      80"" × 28"" (approx. 203 × 71 cm)
    
    
      Thickness
      6 mm (approx.) with natural rubber backing; 4–5 mm without
    
    
      Material
      100% Handwoven Cotton • Optional Natural Rubber Coating (derived from Kerala plantations)
    
    
      Weight
      Approx. 1.3 kg — lightweight and travel-ready
    
    
      Colors
      Solid seasonal shades — available year-round
    
    
      Finish Options
      
        All-Natural Cotton Mat: Soft and foldable; best for carpeted surfaces.
        Rubber-Coated Backing: Extra grip and sturdiness for smooth floors.
      
    
    
      Includes
      Complimentary cotton yoga bag
    
    
      Best For
      Hatha • Vinyasa • Ashtanga • Hot Yoga • Meditation • Fitness
    
    
      Origin
      Made in India • YogaKargha™ by Abhinehkrafts®
    
  



About the Product

The All-Season Organic Cotton Yoga Mat is our most-loved classic — timeless, functional, and beautifully handcrafted. Each mat is woven from pure, breathable cotton over three days on traditional Indian looms. The firm, natural weave provides excellent traction and absorbs sweat, making it ideal for all climates and yoga styles.


Choose between an all-natural cotton finish or a rubber-coated backing derived from Kerala plantations for extra grip on hard surfaces. Unisex, durable, and consciously made, this mat is built for years of practice and connection.



✨ Key Highlights

  
All-Season Bestseller: Reliable comfort and performance year-round.
  
Natural Fiber Grip: Handwoven cotton texture improves traction as you sweat.
  
Eco-Friendly Construction: 100% biodegradable materials — no plastics or microfibers.
  
Extra Large Size: 80"" × 28"" offers generous space for movement.
  
Adaptable: Perfect for hot yoga, meditation, or general fitness routines.



🧺 Wash & Care

  Machine washable on gentle cycle or handwash with mild detergent.
  Air dry under sunlight or shade.
  Do not bleach; avoid tumble drying.
  Natural rubber coating may lighten with repeated wash — a mark of authentic material.



🌍 Sustainability

  Natural cotton + plant-based rubber — biodegradable and planet-safe.
  Supports heritage weaving and fair artisan livelihoods in India.
  Plastic-free and toxin-free production process.


Lovingly woven in our Ghaziabad studio — your mat, your mindful connection to Earth and craft.",170,180,USD,6,mm,6 mm,203,cm,203 × 71 cm,71,cm,203 × 71 cm,1.3,kg,1.3 kg,Cotton,Textured,Eco-Friendly; Non-Slip; Lightweight; Travel,Coca Brown; Navy Blue; Solid Grey; Grey & Beige,8,true,6840828854459,organic-cotton-mat-organic-yoga-mat-yogakargha,Yoga Kargha,Yoga & Pilates Mats,Anti bacterial Mat; anti slip Yoga Mat; Best Yoga Mat; Blue Pink Grey; Eco-friendly Mat; Extra Long Yoga Mat; Extra Thick Yoga Mat; Hot Yoga; mats; Organic Cotton Mats; Slip Free Yoga MAt; Yoga Accessories; Yoga Cotton Mat; Yoga Mat bag,2021-05-17T09:48:51+05:30,2021-05-17T09:48:51+05:30,https://cdn.shopify.com/s/files/1/0003/2119/1955/products/il_fullxfull.3076468312_dkbv.jpg?v=1655747269
yogakargha-premium-natural-banana-fiber-mat-for-21121,Handwoven Premium Natural Banana Fiber Antiskid Mat for Yoga and Meditation,yogakargha,"Product
      Handwoven Banana Fiber Yoga Mat — Eco-Friendly, Anti-Slip & Lightweight
    
    
      Dimensions
      72"" × 27"" (approx. 183 × 69 cm)
    
    
      Thickness
      ~3 mm (textured natural fiber weave)
    
    
      Material
      Banana Fiber (handwoven) • Natural Rubber Coating (anti-slip) • Cotton carry bag
    
    
      Weight
      Approx. 1.5 kg (lightweight & travel-friendly)
    
    
      Features
      Breathable • Anti-slip • Hypoallergenic • Plastic-free • Biodegradable
    
    
      Best For
      Hatha • Vinyasa • Ashtanga • Hot Yoga • Yin • Restorative • Meditation • Outdoor practice
    
    
      Origin
      Made in India • YogaKargha by Abhinehkrafts
    
  



About the Product

Your natural practice, elevated. The Banana Fiber Yoga Mat is handwoven by our partner artisans using strong, breathable banana fibers, then finished with a plant-derived natural rubber coating for confident grip. It’s a lightweight, travel-ready mat that feels grounded underfoot and kind to the planet.


The textured weave supports balance and flow, while the slim profile (~3 mm) keeps you connected to the floor—ideal for standing sequences, meditation, and outdoor sessions from beach to forest trail. Each mat includes a complimentary cotton carry bag for easy pack-and-go.



✨ Key Highlights

  
Natural & Breathable: Handwoven banana fiber—plastic-free and gentle on skin.
  
Anti-Slip Stability: Natural rubber coating increases grip during sweaty or dynamic movement.
  
Lightweight & Portable: Approx. 1.5 kg; rolls easily for travel and daily commute.
  
Multi-Purpose: Yoga, meditation, picnics, prayer/pooja, forest bathing, beach practice.
  
Earth-Friendly: Recyclable & biodegradable materials crafted in small batches.



🧺 Wash & Care

  Do not machine wash or soak. Brush off debris or wipe with a damp cloth.
  Air dry completely before rolling; store in a cool, dry place.
  Avoid prolonged direct sunlight and excess moisture.



🌍 Sustainability

  Natural fibers and plant-derived rubber—no microfibers, no plastic shedding.
  Supports heritage weaving and fair, artisan-led production in India.


Slow-made in our Ghaziabad studio—crafted for mindful movement and conscious living.",250,250,USD,3,mm,3 mm,183,cm,183 × 69 cm,69,cm,183 × 69 cm,1.5,kg,1.5 kg,Cotton,Textured,Eco-Friendly; Non-Slip; Lightweight; Travel; Premium,,1,true,7709402759404,premium-natural-banana-fiber-mat-for-21121,Yoga Kargha,Yoga & Pilates Mats,anti bacterial mat; anti slip yoga mat; best yoga mat; blue pink orange mat; eco-friendly mat; Extra Long yoga mat; Extra thick yoga mat; hot yoga; mats; Organic Cotton Mat; slip free yoga mat; yoga accessories; Yoga Cotton Mat; Yoga mat Bag,2022-07-24T22:48:08+05:30,2022-08-03T13:45:13+05:30,https://cdn.shopify.com/s/files/1/0003/2119/1955/files/il_fullxfull.6865214685_fgf9.jpg?v=1759816917
yogakargha-anti-skid-indigo-yoga-mat-non-slip-mat-for-yoga,"Handwoven Indigo Cotton Yoga Mat | Anti-Skid, Eco-Friendly Mat for Yoga, Pilates & Meditation | Vegan, Natural Dyed Rug",yogakargha,"Product

Indigo Handwoven Cotton Yoga Mat — Anti-Skid Option • Vegan • Naturally Dyed



Size

Standard



Dimensions




71” × 28” (approx. 180 × 71 cm)





Thickness

3–3.5 mm (no backing) • 4–5 mm (with anti-skid felt backing)



Material

Handwoven Cotton • Optional Cotton Felt with Natural Rubber Dots (Vegan)



Color

Indigo on Natural Cotton (Plant-based natural dye)



Weight

800–1000 g (lightweight, travel friendly)



Includes

Organic Cotton Yoga Mat Bag



Origin

Made in India • YogaKargha by Abhinehkrafts




About the Product
Meet the Indigo Handwoven Cotton Yoga Mat — a breathable, naturally dyed mat that carries the soul of Indian craft. Each piece is handwoven and hand block-printed with plant-based indigo, so the patterns are authentically unique. Choose a light, roll-and-go rug for carpeted spaces, or opt for our anti-skid felt backing (with natural rubber dots) for confident grip on wood, marble, or tile.

✨ Key Highlights


Handwoven & Hand-Printed: Traditional block printing creates one-of-a-kind indigo geometry.

Natural & Vegan: Cotton base, plant-based indigo, and optional vegan anti-skid backing.

Breathable Comfort: Cotton softens with use yet stays sturdy for daily practice.

Indoor/Outdoor Friendly: Lightweight, folds/rolls easily, and travels well.

Complete Set: Comes with an organic cotton carry bag for storage and commute.


Recommended Uses

Hatha • Vinyasa • Iyengar • Restorative • Yoga Nidra • Meditation • Pilates
As a serene dhurrie / area rug / runner for a mindful corner at home


Choose Your Backing


No Backing: Best on carpeted floors or as a décor rug/runner.

Anti-Skid Felt Backing: Small natural rubber dots on felt keep the mat steady on hard floors.


🧺 Wash & Care

Handwash separately; first rinse in cold salted water. Line dry in shade.
Natural indigo may bleed slightly in initial washes — a hallmark of genuine plant dye.
No tumble dry. Gentle machine wash is at user’s discretion.
Cotton may shrink a little on first wash, as is natural for pure fibers.


🌍 Sustainability

High sustainability quotient: natural fibers and dyes, artisan-made, plastic-free.
Minor shade/print variations and fold marks are part of the handmade process.

Crafted with care in our Ghaziabad studio — every YogaKargha mat is a quiet celebration of breath, movement, and mindful living.",170,180,USD,3.5,mm,3.5 mm,180,cm,180 × 71 cm,71,cm,180 × 71 cm,,,,Cotton,Grippy,Eco-Friendly; Non-Slip; Lightweight; Travel,,14,true,7088849191099,anti-skid-indigo-yoga-mat-non-slip-mat-for-yoga,Yoga Kargha,Yoga & Pilates Mats,anti bacterial mat; anti slip yoga mat; best yoga mat; eco-friendly mat; Extra Long yoga mat; Extra thick yoga mat; hot yoga; Indigo Mat; mats; Organic Cotton Mat; slip free yoga mat; yoga accessories; Yoga Cotton Mat; Yoga mat Bag,2021-09-01T22:46:21+05:30,2021-09-01T22:46:21+05:30,https://cdn.shopify.com/s/files/1/0003/2119/1955/products/il_fullxfull.3348869749_npip.jpg?v=1659613546
yogakargha-natural-yoga-mat-natural-vetiver-mat-yogakargha,"Vetiver (Khus) Grass Yoga Mat | Handwoven, Aromatic & Anti-Skid | Eco-Friendly",yogakargha,"Product
      Vetiver (Khus) Grass Yoga Mat — Handwoven, Aromatic & Eco-Friendly with Anti-Skid Coating
    
    
      Dimensions
      72” × 26” (approx. 183 × 66 cm)
    
    
      Thickness
      ~3 mm (natural grass weave with rubberized anti-skid base)
    
    
      Material Composition
      Primary: Vetiver (Khus) fiber • Secondary: Cotton handloom base • Backing: Natural rubber coating
    
    
      Weight
      Approx. 1.5 kg (lightweight, rolls easily)
    
    
      Includes
      Complimentary cotton carry bag
    
    
      Features
      Aromatic • Anti-skid • Breathable • Plastic-free • Biodegradable
    
    
      Best For
      Meditation • Relaxation • Gentle yoga • Breathwork • Ritual/Prayer
    
    
      Origin
      Made in India • YogaKargha by Abhinehkrafts
    
  



About the Product

Rooted in India’s summer traditions, the Vetiver (Khus) Grass Yoga Mat carries the calm of cooling vetiver blinds and the earthy scent of fresh rain. Handwoven from naturally harvested vetiver fibers and finished by our partner artisans, this mat offers a gently textured, aromatic surface that supports slow, mindful practice.


A thin natural rubber anti-skid coating stabilizes the mat on smooth floors while preserving its plastic-free composition. Vetiver’s subtle, grounding aroma creates a serene ambience for meditation, yoga nidra, breathwork, or restorative movement—indoors or outdoors.



✨ Key Highlights

  
Handwoven Heritage: Naturally harvested vetiver fibers on a cotton base.
  
Grounding Aroma: Soft, earthy fragrance adds a calming sensory layer.
  
Anti-Skid Grip: Natural rubber coating helps prevent slipping on hard floors.
  
All-Natural Build: Plastic-free, biodegradable materials; skin-kind and breathable.
  
Portable: Rolls easily and includes a cotton carry bag.



Recommended Uses

  Meditation, relaxation, gentle stretching, beach yoga, forest bathing, ritual/pooja, aromatherapy corners.



🧺 Wash & Care

  Do not machine wash or soak. Brush off dust or wipe gently with a damp cloth.
  Air dry completely before rolling; store in a cool, dry place.
  Avoid prolonged direct sunlight and excess moisture.



🌍 Sustainability & Notes

  Composed of natural vetiver grass, cotton, and natural rubber—biodegradable and recyclable where facilities exist.
  Handmade piece: slight variations in color/texture are part of authentic craft.


Crafted with care in our Ghaziabad studio—where Indian artisanry meets mindful, earth-kind practice.",200,200,USD,3,mm,3 mm,183,cm,183 × 66 cm,66,cm,183 × 66 cm,1.5,kg,1.5 kg,Cotton,Textured,Eco-Friendly; Non-Slip; Lightweight,,1,true,7709408657644,natural-yoga-mat-natural-vetiver-mat-yogakargha,Yoga Kargha,Yoga & Pilates Mats,anti bacterial mat; anti slip yoga mat; best yoga mat; blue pink orange mat; eco-friendly mat; Extra Long yoga mat; Extra thick yoga mat; hot yoga; mats; Organic Cotton Mat; slip free yoga mat; yoga accessories; Yoga Cotton Mat; Yoga mat Bag,2022-07-24T23:08:15+05:30,2022-08-03T13:45:14+05:30,https://cdn.shopify.com/s/files/1/0003/2119/1955/products/il_fullxfull.4032766958_7u4v.jpg?v=1663938459
yogakargha-premium-natural-fiber-mats-for-yoga-57190,"Banana Fiber Yoga Mat | Handwoven, Eco-Friendly & Anti-Skid | Made in India",yogakargha,"Product

Banana Fiber Yoga Mat — Handwoven, Eco-Friendly, Natural Grip & Anti-Skid



Material

Natural Banana Fiber • Optional Natural Rubber Coating for Grip



Dimensions

70” × 25” (approx. 183 × 71 cm)



Thickness

Approx. 5 mm with rubber coating



Weight

Approx. 1.3 kg — lightweight and travel-friendly



Surface Grip

Natural Rubber Coating for anti-slip performance and firm stability



Design Detail

Handwoven with knotted edge finish for an artisanal touch



Origin

Handcrafted in India • YogaKargha by Abhinehkrafts




About the Product
The Banana Fiber Yoga Mat embodies strength, sustainability, and simplicity. Handwoven from the natural fibers of the banana plant, this mat offers a stable and earthy foundation for your yoga or meditation practice.
Each mat is crafted by Indian artisans over several days using traditional looms. The banana fibers lend a slightly textured surface that provides excellent grip and breathability. The natural rubber coating ensures that your mat stays anchored through every pose, from Hatha to Hot Yoga.

✨ Key Highlights


Natural Fiber Construction: Handwoven from pure banana fiber for durability and breathability.

Eco-Friendly & Biodegradable: 100% plant-based, plastic-free, and sustainable.

Hypoallergenic: Safe for sensitive skin and naturally odor-resistant.

Elegant Finish: Knotted bead detailing at the ends for an artisanal aesthetic.

Versatile Use: Suitable for yoga, meditation, pilates, or mindful relaxation.

Travel Friendly: Lightweight, easy to roll, and simple to maintain.


🧺 Wash & Care

Wipe with a damp cloth or use a mild detergent if required.
Do not machine wash; air dry thoroughly after cleaning.
Avoid harsh sunlight or extended moisture exposure.


🌿 Sustainability

Made from renewable banana fiber — a natural agricultural by-product.
Supports artisan communities through fair-trade weaving.
Zero synthetic materials, plastic packaging, or microfibers.

Handwoven with love and purpose — a mat that connects your practice to nature and tradition.",199,199,USD,5,mm,5 mm,183,cm,183 × 71 cm,71,cm,183 × 71 cm,1.3,kg,1.3 kg,Cotton,Textured,Eco-Friendly; Non-Slip; Lightweight; Travel,,1,true,6235754201275,premium-natural-fiber-mats-for-yoga-57190,Yoga Kargha,Yoga & Pilates Mats,anti bacterial mat; anti slip yoga mat; best yoga mat; blue pink orange mat; eco-friendly mat; Extra Long yoga mat; Extra thick yoga mat; hot yoga; mats; Organic Cotton Mat; slip free yoga mat; yoga accessories; Yoga Cotton Mat; Yoga mat Bag,2021-02-05T17:32:59+05:30,2021-10-28T11:10:10+05:30,https://cdn.shopify.com/s/files/1/0003/2119/1955/products/il_fullxfull.2103977776_d68d.jpg?v=1759919867
yogakargha-organic-natural-cotton-mat-yogakargha,Natural Cotton Mat for Yoga and Meditation - Anti Skid,yogakargha,"Product
      Classic Thick & Long Organic Cotton Yoga Mat — Handwoven, Eco-Friendly, Anti-Skid
    
    
      Dimensions
      74–76"" (length) × 28"" (width)
    
    
      Thickness
      Approx. 6 mm with natural rubber backing • 5 mm with felt backing
    
    
      Material
      100% Organic Cotton • Optional Natural Rubber Coating or Felt Anti-Skid Back
    
    
      Weight
      Approx. 1.3 kg — lightweight yet sturdy
    
    
      Finish Options
      
        1. Natural Rubber Coating — firm grip on hard floors.
        2. Anti-Skid Felt Backing — soft, rubber-dotted base ideal for carpeted or mixed surfaces.
      
    
    
      Includes
      Complimentary cotton yoga bag
    
    
      Best For
      Hatha • Vinyasa • Ashtanga • Hot Yoga • Restorative • Meditation
    
    
      Origin
      Made in India • YogaKargha by Abhinehkrafts
    
  



About the Product

The Classic Thick & Long Organic Cotton Yoga Mat is built for comfort, stability, and connection. Handwoven from pure cotton over three days, it offers natural grip, breathability, and grounding energy that enhances every posture.


Choose between our Natural Rubber Coating for superior hold on smooth floors, or our Felt Anti-Skid Backing for a cushioned, carpet-friendly version. Either way, you’re investing in a mat that’s kind to your body and the earth.



✨ Key Highlights

  
Extra Long & Wide: Spacious 74–76” × 28” dimensions for unrestricted movement.
  
Natural Fiber Grip: Handwoven texture improves traction as you sweat.
  
Eco-Friendly: 100% biodegradable materials with natural rubber derived from Kerala plantations.
  
Adaptable: Suitable for all yoga styles and practice levels.
  
Unisex & Durable: Designed for comfort, strength, and long-term use.



🧺 Wash & Care

  Handwash recommended; machine wash on gentle cycle with mild detergent.
  Do not bleach; avoid tumble drying.
  Air dry flat under sunlight or shade.
  Rubber coating may lighten with wash — a natural mark of authenticity.



🌍 Sustainability

  Organic cotton + plant-based rubber = fully biodegradable mat.
  Supports traditional handloom weaving and fair artisan wages.
  Plastic-free, toxin-free, and crafted in small batches.


Handwoven in our Ghaziabad studio — where strength meets softness, and practice meets purpose.",60,170,USD,6,mm,6 mm,193.04,cm,76” × 28” ,71.12,cm,76” × 28” ,1.3,kg,1.3 kg,Cotton,Textured,Eco-Friendly; Non-Slip; Lightweight,,3,true,6264753389755,organic-natural-cotton-mat-yogakargha,Yoga Kargha,Yoga & Pilates Mats,anti bacterial mat; anti slip yoga mat; best yoga mat; blue pink orange mat; eco-friendly mat; Extra Long yoga mat; Extra thick yoga mat; hot yoga; mats; Organic Cotton Mat; slip free yoga mat; yoga accessories; Yoga Cotton Mat; Yoga mat Bag,2021-02-18T22:16:53+05:30,2021-05-17T09:59:57+05:30,https://cdn.shopify.com/s/files/1/0003/2119/1955/products/il_fullxfull.3128736333_cc5x.jpg?v=1663931291
yogakargha-premium-grass-fiber-mat-for-yoga-43271,Handwoven Premium Grass Fiber Restorative Antiskid Mat for Yoga and Meditation - Meas,yogakargha,"Product

Elephant Grass Yoga Mat — Handwoven Natural Grass & Cotton Blend, Eco-Friendly & Anti-Skid



Material

Elephant Grass (Indian Reed-Mace / Typha) + Organic Cotton Base • Natural Rubber Coating



Dimensions

70"" × 25"" 



Thickness

Approx. 4–4.5 mm — ideal for balanced cushioning and support



Weight

Approx. 1.3 kg — lightweight and travel-ready



Grip

Natural Rubber Coating — slip-resistant and stable on smooth surfaces



Origin

Handwoven in India • YogaKargha by Abhinehkrafts




About the Product
Discover the essence of mindful craftsmanship with the Elephant Grass Yoga Mat — a beautiful blend of natural fibers and ancient weaving heritage. Made from Indian Reed-Mace (Typha) and organic cotton, this mat offers the earthy texture and grounding energy of traditional Indian mats with the comfort of modern design.
Each mat is handwoven by skilled artisans using renewable grass fibers native to South India. Finished with a light natural rubber coating, it stays firm and non-slip even during intense yoga or meditation sessions.

✨ Key Highlights


Natural Grass & Cotton Weave: Combines breathability, strength, and softness.

Eco-Friendly & Biodegradable: 100% plant-based, zero microplastics or synthetics.

Natural Rubber Grip: Keeps your mat stable on hard floors.

Comfortable Thickness: 4–4.5 mm cushioning for restorative and meditative practices.

Handcrafted in India: Each mat reflects traditional weaving wisdom and slow production methods.

Lightweight & Travel-Friendly: Easy to roll, carry, and clean.


🧺 Wash & Care

Wipe with a soft damp cloth to clean.
Optionally, use essential oils for gentle freshness.
Air dry fully before rolling or storing.
Keep away from excess moisture and direct sunlight.


🌿 Sustainability

Made from naturally renewable Elephant Grass (Typha) fibers.
Supports traditional weaver communities in South India.
Fully biodegradable, plastic-free, and toxin-free.

Rooted in India’s natural heritage — a mat that brings nature’s rhythm and artisan skill to your everyday practice.",199,199,USD,4.5,mm,4.5 mm,177.8,cm,"70"" × 25"" 



",63.5,cm,"70"" × 25"" 



",1.3,kg,1.3 kg,Cotton,Textured,Eco-Friendly; Non-Slip; Lightweight; Travel; Premium,,1,true,6235750400187,premium-grass-fiber-mat-for-yoga-43271,Yoga Kargha,Yoga & Pilates Mats,anti bacterial mat; anti slip yoga mat; best yoga mat; blue pink orange mat; eco-friendly mat; Extra Long yoga mat; Extra thick yoga mat; hot yoga; mats; Organic Cotton Mat; slip free yoga mat; yoga accessories; Yoga Cotton Mat; Yoga mat Bag,2021-02-05T17:24:14+05:30,2021-02-05T17:24:14+05:30,https://cdn.shopify.com/s/files/1/0003/2119/1955/files/il_fullxfull.6834252679_dxp8.jpg?v=1759920740
yogakargha-ak04-punja-kyoto-yogakargha-cotton-handwoven-mat-for-yoga-pilates-fitness-prayer-meditation-or-home-decor-kyoto,YogaKargha Cotton Handwoven Mat for Yoga and Meditation- Sydney,yogakargha,"Product

YogaKargha Cotton Handwoven Mat for Yoga, Pilates, Fitness, Prayer, Meditation or Home Decor - Sydney



Size

Standard



Dimension

27 x 80 (inch)



Color

Solid Color (Multiple Color Option Available)



Age/Gender 

Adult/Unisex



Country of Origin


India




Brand


Yoga Kargha




 
About the Product

Handwoven mats crafted on traditional looms that imbibe the magic of cotton grown and cultivated in India.
Suitable for both outdoor and indoor practice.
These mats can be used for both indoor and outdoor practices.
No more worrying about the mat storage. Our mats ship with a complimentary yoga mat carrier/bag.
This collection of mat is excellent for modern home decor (living room runner or entry way carpet).
Wash & Care: We recommend handwash for all cotton products however, the mats can be cleaned in a washer with gentle settings and gentle cleanser.",150,180,USD,,,,203.2,cm,27 x 80 ,68.58,cm,27 x 80 ,,,,Cotton,,Eco-Friendly,,2,false,7808982221036,ak04-punja-kyoto-yogakargha-cotton-handwoven-mat-for-yoga-pilates-fitness-prayer-meditation-or-home-decor-kyoto,Yoga kargha,Yoga & Pilates Mats,anti slip yoga mat; best yoga mat; Couple Yoga Mat; eco-friendly mat; Extra Long yoga mat; Extra thick yoga mat; handmade area rug; handwoven cotton rug; mats; Meditation Mat; Organic Cotton Mat; slip free yoga mat; Yoga Cotton Mat; Yoga mat Bag,2022-11-02T11:48:20+05:30,2022-11-02T11:48:09+05:30,https://cdn.shopify.com/s/files/1/0003/2119/1955/products/il_fullxfull.4253265019_qxt7.jpg?v=1667369900
yogakargha-ak03-punja-amsterdam-yogakargha-cotton-handwoven-mat-for-yoga-pilates-fitness-prayer-meditation-or-home-decor-amsterdam,Handwoven Cotton Mat for Yoga and Meditation or Home Decor - Kyoto,yogakargha,"Product

YogaKargha Cotton Handwoven Mat for Yoga, Pilates, Fitness, Prayer, Meditation or Home Decor - Kyoto



Size

Standard



Dimension

27 x 80 (inch)



Thickness

3-4 mm



Age/Gender 

Adult/Unisex



Country of Origin


India




Brand


Yoga Kargha




 
About the Product

Handwoven mats crafted on traditional looms that imbibe the magic of cotton grown and cultivated in India.

These mats can be used for both indoor and outdoor practices. They weigh only 1.1 Kilograms and can be easily rolled and carried.

These mats can be used for both indoor and outdoor practices.
No more worrying about the mat storage. Our mats ship with a complimentary yoga mat carrier/bag.

This collection of mat is excellent for modern home decor (living room runner or entry way carpet).

Wash & Care: We recommend handwash for all cotton products however, the mats can be cleaned in a washer with gentle settings and gentle cleanser.",150,180,USD,4,mm,4 mm,203.2,cm,27 x 80 ,68.58,cm,27 x 80 ,,,,Cotton,,Eco-Friendly,,2,true,7808982417644,ak03-punja-amsterdam-yogakargha-cotton-handwoven-mat-for-yoga-pilates-fitness-prayer-meditation-or-home-decor-amsterdam,Yoga kargha,Yoga & Pilates Mats,anti slip yoga mat; best yoga mat; Couple Yoga Mat; eco-friendly mat; Extra Long yoga mat; Extra thick yoga mat; handmade area rug; handwoven cotton rug; mats; Meditation Mat; Organic Cotton Mat; slip free yoga mat; Yoga Cotton Mat; Yoga mat Bag,2022-11-02T11:48:28+05:30,2022-11-02T11:48:22+05:30,https://cdn.shopify.com/s/files/1/0003/2119/1955/products/il_fullxfull.4205606184_talg.jpg?v=1667369908
yogakargha-ak02-punja-chicago-yogakargha-cotton-handwoven-mat-for-yoga-pilates-fitness-prayer-meditation-or-home-decor-chicago,Handwoven Cotton Mat for Yoga and Meditation or Home Decor - Amsterdam,yogakargha,"Product

YogaKargha Cotton Handwoven Mat for Yoga, Pilates, Fitness, Prayer, Meditation or Home Decor - Amsterdam



Size

Standard



Dimension

27 x 80 (inch)



Age/Gender 

Adult/Unisex



Country of Origin


India




Brand


Yoga Kargha




 
About the Product

Handwoven mats crafted on traditional looms that imbibe the magic of cotton grown and cultivated in India.
No more worrying about the mat storage. Our mats ship with a complimentary yoga mat carrier/bag.
These mats can be used for both indoor and outdoor practices.
This collection of mat is excellent for modern home decor (living room runner or entry way carpet).
About the anti-skid backing - Small rubber dots embedded on a felt fabric layer roll have been embedded with the woven cotton layer
 Wash & Care: We recommend handwash for all cotton products however, the mats can be cleaned in a washer with gentle settings and gentle cleanser.",150,180,USD,,,,203.2,cm,27 x 80 ,68.58,cm,27 x 80 ,,,,Cotton,,Eco-Friendly,,2,true,7808982581484,ak02-punja-chicago-yogakargha-cotton-handwoven-mat-for-yoga-pilates-fitness-prayer-meditation-or-home-decor-chicago,Yoga kargha,Yoga & Pilates Mats,anti slip yoga mat; best yoga mat; Couple Yoga Mat; eco-friendly mat; Extra Long yoga mat; Extra thick yoga mat; handmade area rug; handwoven cotton rug; mats; Meditation Mat; Organic Cotton Mat; slip free yoga mat; Yoga Cotton Mat; Yoga mat Bag,2022-11-02T11:48:36+05:30,2022-11-02T11:48:30+05:30,https://cdn.shopify.com/s/files/1/0003/2119/1955/products/il_fullxfull.4205603608_1a6k.jpg?v=1667369916
yogakargha-ak01-punja-miami-yogakargha-cotton-handwoven-mat-for-yoga-pilates-fitness-prayer-meditation-or-home-decor-miami,Handwoven Cotton Mat for Yoga and Meditation or Home Decor - Chicago,yogakargha,"Product

YogaKargha Cotton Handwoven Mat for Yoga, Pilates, Fitness, Prayer, Meditation or Home Decor - Chicago



Size

Standard



Dimension

27 x 80 (inch)



Thickness

3-4 mm



Age/Gender 

Adult/Unisex



Country of Origin


India




Brand


Yoga Kargha




 
About the Product

Handwoven mats crafted on traditional looms that imbibe the magic of cotton grown and cultivated in India.
 These mats weight approximately 1.1 Kilo and can be easily rolled/folded and carried so they are ideal to be used as travel yoga mat.
These mats can be used for both indoor and outdoor practices.
No more worrying about the mat storage. Our mats ship with a complimentary yoga mat carrier/bag.
This collection of mat is excellent for modern home decor (living room runner or entry way carpet).
Wash & Care: We recommend handwash for all cotton products however, the mats can be cleaned in a washer with gentle settings and gentle cleanser.",150,180,USD,4,mm,4 mm,203.2,cm,27 x 80 ,68.58,cm,27 x 80 ,,,,Cotton,,Eco-Friendly; Travel,,2,true,7808982679788,ak01-punja-miami-yogakargha-cotton-handwoven-mat-for-yoga-pilates-fitness-prayer-meditation-or-home-decor-miami,Yoga kargha,Yoga & Pilates Mats,anti slip yoga mat; best yoga mat; Couple Yoga Mat; eco-friendly mat; Extra Long yoga mat; Extra thick yoga mat; handmade area rug; handwoven cotton rug; mats; Meditation Mat; Organic Cotton Mat; slip free yoga mat; Yoga Cotton Mat; Yoga mat Bag,2022-11-02T11:48:44+05:30,2022-11-02T11:48:38+05:30,https://cdn.shopify.com/s/files/1/0003/2119/1955/products/il_fullxfull.4205601524_3p1y.jpg?v=1667369924
yogakargha-ak-yogamats-travelmatbundle-natural-cotton-yoga-mat-bundle-set-of-two-couple-yoga-mat-set-3-4-mm-yoga-travel-mat-beach-mat,"Handwoven Cotton Mat for Yoga, Meditation or Home Decor - Miami",yogakargha,"Product

YogaKargha Cotton Handwoven Mat for Yoga, Pilates, Fitness, Prayer, Meditation or Home Decor - Miami



Size

Standard



Dimension

25 x 75 (inch)



Thickness

3-4 mm



Age/Gender 

Adult/Unisex



Country of Origin


India




Brand


Yoga Kargha




 
About the Product

Handwoven Cotton Yoga Mat Bundle - When you order, it comes as a set of two (One light pink and One bright purple)
 These mats weight approximately 1.1 Kilo and can be easily rolled/folded and carried so they are ideal to be used as travel yoga mat.
These mats can be used for both indoor and outdoor practices.
No backing means they are light and easy to wash. You can use them over your existing rubber/PVC/TPE yoga mat as well.
Both mats will come with a Yoga carry strap - so no need to worry about a carrier.
Wash care: Machine Washable on gentle cycle. Hand-wash preferred for longevity ( Recommended). The colors in the mat can bleed so never mix and wash your mat with any other textile. Note: Cotton yarn has a tendency to shrink.",150,180,USD,4,mm,4 mm,190.5,cm,25 x 75 ,63.5,cm,25 x 75 ,,,,Cotton,,Eco-Friendly; Travel,,2,true,7808982778092,ak-yogamats-travelmatbundle-natural-cotton-yoga-mat-bundle-set-of-two-couple-yoga-mat-set-3-4-mm-yoga-travel-mat-beach-mat,Yoga Kargha,Yoga & Pilates Mats,anti slip yoga mat; best yoga mat; Couple Yoga Mat; eco-friendly mat; Extra Long yoga mat; Extra thick yoga mat; handmade area rug; handwoven cotton rug; mats; Meditation Mat; Organic Cotton Mat; slip free yoga mat; Yoga Cotton Mat; Yoga mat Bag,2022-11-02T11:48:53+05:30,2022-11-02T11:48:47+05:30,https://cdn.shopify.com/s/files/1/0003/2119/1955/products/il_fullxfull.4205587148_g6zy.jpg?v=1667369933
yogakargha-ak-yogamats-amrit-sugarcookie-organic-cotton-handwoven-mat-for-yoga-pilates-fitness-prayer-meditation-or-home-decor-design-amrit-nectar-sugarcookie,"Handwoven Organic Cotton Travel Yoga Mat | Lightweight, Foldable & Eco-Friendly | Anti-Skid, Washable, Handmade in India",yogakargha,"Product
      Handwoven Organic Cotton Travel Yoga Mat — Lightweight, Foldable & Earth-Friendly
    
    
      Color
      Purple with White Stripes (minimal, grounding)
    
    
      Dimensions
      75"" × 24"" (approx. 190 × 61 cm)
    
    
      Thickness
      ~3 mm (cotton weave) • Optional anti-skid version ~4–5 mm
    
    
      Weight
      ≈ 1 kg (travel-friendly, folds/rolls easily)
    
    
      Material
      100% Handwoven Cotton • Optional cotton felt with natural rubber dots (vegan)
    
    
      Includes
      Complimentary cotton carry pouch
    
    
      Backing Options
      No backing (best on carpet) • Anti-skid felt backing (grip on hard floors)
    
    
      Origin
      Made in India • YogaKargha by Abhinehkrafts
    
  



About the Product

Meet your go-anywhere practice companion. Our Handwoven Organic Cotton Travel Yoga Mat is light in the bag and gentle on the planet — crafted by artisans who weave breathability, softness, and strength into every thread. The foldable profile slips easily into a suitcase or daypack, so your flow can follow you from studio to sunrise beach to mountain retreat.


Choose the anti-skid felt backing (with natural rubber dots) for confident grip on wood, tile, or marble, or keep it backing-free for carpeted spaces and minimalist travel. Cotton’s natural handfeel is absorbent and washable, softening beautifully with use.



✨ Key Highlights

  
Handwoven & Earth-Friendly: 100% cotton — breathable, biodegradable, and plastic-free.
  
Travel-Ready Design: Lightweight, folds or rolls neatly into your carry-on.
  
Calm Aesthetic: Purple with white stripes for a minimal, grounded look.
  
Optional Anti-Skid: Vegan felt backing with rubber dots enhances stability on hard floors.
  
Authentically Handmade: Small knots or thread variations are signs of craft — not flaws.



Recommended Uses

  Meditation, Hatha, Restorative, gentle Vinyasa, stretching, travel practice, picnics, outdoor sessions.



🧺 Wash & Care

  Handwash strongly recommended for longest life; wash separately.
  Machine wash on gentle, cold cycle at user’s discretion. No tumble dry.
  Air dry in shade; cotton may shrink slightly on first wash (natural fibre).



🌱 Sustainability

  Natural fibre, plastic-free, artisan-made. No microfibre shedding, kinder to skin and oceans.


Crafted with love in our Ghaziabad studio — where slow living and mindful movement meet.",160,180,USD,3,mm,3 mm,190,cm,190 × 61 cm,61,cm,190 × 61 cm,1,kg,1 kg,Cotton,Grippy,Eco-Friendly; Non-Slip; Lightweight; Travel,Pink; Purple,4,true,7808982974700,ak-yogamats-amrit-sugarcookie-organic-cotton-handwoven-mat-for-yoga-pilates-fitness-prayer-meditation-or-home-decor-design-amrit-nectar-sugarcookie,Yoga kargha,Yoga & Pilates Mats,Anti bacterial Mat; Beach Yoga; Best Yoga Mat; Blue Pink Grey; Eco-friendly Mat; Extra Long Yoga Mat; Hot Yoga; mats; Organic Cotton Mats; Slip Free Yoga MAt; Travel Yoga Mat; Yoga Accessories; Yoga Cotton Mat; Yoga Mat bag,2022-11-02T11:49:06+05:30,2022-11-02T11:48:57+05:30,https://cdn.shopify.com/s/files/1/0003/2119/1955/files/il_fullxfull.6894690593_e459.jpg?v=1759661695
yogakargha-ak-yogamats-corkgardenof5senses-anti-skid-sweat-absorbent-cork-yoga-mat-for-sustainable-comfortable-yoga-pilates-fitness-and-meditation-garden-of-five-senses,Hand Block Printed Cork Yoga Mat – Garden of Five Senses,yogakargha,"Product

Cork Yoga Mat – Garden of Five Senses | Hand Block Printed | Eco-Friendly & Anti-Skid



Dimensions

72” × 24” (approx. 183 × 61 cm)



Thickness

6 mm – balanced cushioning for comfort and stability



Material

Natural Cork (top) • Natural Rubber (base)



Design

“Garden of Five Senses” Floral Motif – Hand Block Printed by Studio AbhinehKrafts



Features

Eco-friendly • Sweat-absorbent • Anti-skid • Antimicrobial • Washable



Includes

Complimentary cotton yoga mat bag / carrier



Best For

Yoga • Pilates • Functional Training • General Fitness



Origin

Made in India • YogaKargha by Abhinehkrafts




About the Product
Bring the grounding energy of nature into your practice with our Cork Yoga Mat – Garden of Five Senses. Each mat is a labor of love, hand block printed by skilled artisans at Studio AbhinehKrafts using traditional wooden blocks and natural, skin-safe pigments. The floral design symbolizes harmony and sensory awareness, inviting mindfulness into every movement.
Made from sustainably harvested cork and backed with natural rubber, this mat offers a firm, slip-resistant foundation and gentle cushioning for your joints. Cork’s unique cellular structure repels moisture and bacteria, keeping your surface fresh and odor-free—even through hot yoga or long practice sessions.

✨ Key Highlights


Eco-Conscious: Cork and rubber are renewable, biodegradable, and plastic-free.

Hand Block Printed: Every mat is a one-of-a-kind artwork crafted with centuries-old Indian printing techniques.

Perfect Grip: The natural rubber base ensures stability on studio or home floors.

Sweat-Resistant Surface: Cork naturally resists moisture, making it ideal for hot yoga or high-intensity sessions.

Gift Ready: Comes with a complimentary cotton carry bag for easy transport.


Recommended Uses

Yoga, Pilates, Core Training, Meditation, and General Fitness.
Perfect for both indoor studios and outdoor practice spaces.


🧺 Wash & Care

Clean gently with a damp cloth or yoga mat cleaner.
Air dry completely before rolling; avoid prolonged sunlight.
Do not machine wash or submerge in water.


🌍 Sustainability

Made from renewable cork oak bark and natural rubber—no trees are harmed in harvest.
Zero-plastic, toxin-free production supporting artisan livelihoods in India.

Handmade with love in our Ghaziabad studio — blending conscious materials with the artistry of Indian hand printing.",180,180,USD,6,mm,6 mm,183,cm,183 × 61 cm,61,cm,183 × 61 cm,,,,Cork,Grippy,Eco-Friendly; Non-Slip; Antimicrobial,,1,true,7808978059500,ak-yogamats-corkgardenof5senses-anti-skid-sweat-absorbent-cork-yoga-mat-for-sustainable-comfortable-yoga-pilates-fitness-and-meditation-garden-of-five-senses,Yoga kargha,Yoga & Pilates Mats,Anti bacterial Mat; anti slip Yoga Mat; anti-skid; artisan made; Best Yoga Mat; Blue Pink Grey; cork yoga mat; eco-friendly; Eco-friendly Mat; Extra Long Yoga Mat; Extra Thick Yoga Mat; fitness; floral design; gift for yogi; hand block printed; handmade in india; Hot Yoga; mats; natural rubber; Organic Cotton Mats; pilates; Slip Free Yoga MAt; sustainable; sweat-resistant; Yoga Accessories; Yoga Cotton Mat; Yoga Mat bag,2022-11-02T11:43:53+05:30,2022-11-02T11:43:44+05:30,https://cdn.shopify.com/s/files/1/0003/2119/1955/products/il_fullxfull.4062550454_hiie.jpg?v=1667369634
yogakargha-ak-yogamats-greengrass-dhyana-darbha-kusha-grass-fiber-mat-for-yoga-pilates-fitness-and-meditation-handwoven-anti-skid-color-natural-green-design-dhyana,Handwoven Anti Skid Darbha Grass Fiber Mat for Yoga and Meditation,yogakargha,"Product

Darbha Grass Yoga Mat — Sacred Vedic Meditation Mat | Handwoven, Eco-Friendly & Anti-Skid



Dimensions

70” × 24” (approx. 178 × 61 cm)



Thickness

3–4 mm (natural grass weave with rubberized anti-skid coating)



Material Composition

Primary: Darbha Grass Fiber • Secondary: Cotton Handloom Base • Backing: Natural Rubber Coating



Color

Natural Olive-Green / Yellow-Green (color deepens and softens with age)



Weight

Approx. 1 kg (lightweight and easy to roll)



Features

Anti-skid, breathable, hypoallergenic, sustainable



Best For

Meditation • Restorative Yoga • Yoga Nidra • Spiritual & Vedic Practice



Origin

Made in India • YogaKargha by Abhinehkrafts




About the Product
Rooted in India’s ancient wisdom, the Darbha Grass Yoga Mat is more than a yoga prop — it’s a bridge to tradition. Handwoven from Desmotachya bipinnata, a sacred tropical grass mentioned in the Vedas and the Bhagavad Gita, this mat carries purifying energy believed to enhance meditation and focus.
Each mat is crafted slowly by artisans, preserving the natural texture and fragrance of Darbha grass. The subtle earthy hue deepens over time, reflecting its organic origin. A thin natural rubber backing ensures stability on hard floors while maintaining a completely plastic-free composition.

✨ Key Highlights


Sacred & Sustainable: Made from Darbha grass — a Vedic material known to generate positive energy.

Handwoven Heritage: Each mat takes days of weaving and finishing by Indian artisans.

Natural Insulator: Perfect for meditation and restorative yoga, maintaining comfort indoors and outdoors.

Anti-Skid Grip: Coated with natural rubber to prevent slipping on smooth floors.

Hypoallergenic & Eco-Friendly: Free of toxins, dyes, and synthetics.


🧺 Care & Maintenance

Wipe gently with a damp cloth; air dry completely before rolling.
Store rolled in a cool, dry place away from direct sunlight and moisture.
Do not machine wash or soak. Avoid harsh cleaners.


🌍 Sustainability & Heritage

Made using locally sourced natural grass and cotton — biodegradable and compostable.
Supports traditional handloom communities and promotes slow, ethical production.
Every mat is unique — slight variations in texture or tone are a hallmark of handmade authenticity.

Crafted with devotion in our Ghaziabad studio — each Darbha mat honors the stillness, strength, and sacredness of practice.",180,180,USD,4,mm,4 mm,178,cm,178 × 61 cm,61,cm,178 × 61 cm,1,kg,1 kg,Cotton,Textured,Eco-Friendly; Non-Slip; Lightweight,,1,true,7808979173612,ak-yogamats-greengrass-dhyana-darbha-kusha-grass-fiber-mat-for-yoga-pilates-fitness-and-meditation-handwoven-anti-skid-color-natural-green-design-dhyana,Yoga Kargha,Yoga & Pilates Mats,anti bacterial mat; anti slip yoga mat; best yoga mat; blue pink orange mat; eco-friendly mat; Extra Long yoga mat; Extra thick yoga mat; hot yoga; mats; Organic Cotton Mat; slip free yoga mat; yoga accessories; Yoga Cotton Mat; Yoga mat Bag,2022-11-02T11:45:00+05:30,2022-11-02T11:44:52+05:30,https://cdn.shopify.com/s/files/1/0003/2119/1955/files/il_fullxfull.7305737261_knis.jpg?v=1759726187
yogakargha-wool-cotton-premium-yoga-mat-and-zafu-74659,Wool & Cotton Premium Yoga Mat and Zafu Yoga Meditation Cushion Set - Maroon,yogakargha,"Product

Wool & Cotton Premium Yoga Mat and Zafu Yoga Meditation Cushion Set - Maroon



Size

Standard



Dimension

Width: 28 Inches, Length: 75 Inches



Thickness

 6-8 mm



Color

Maroon




Age/Gender 

Adult/Unisex



Country of Origin


India




Brand


Yoga Kargha




 
About the Product

Handwoven and Handmade Yoga Mat and Zafu Cushion Set. You have an option to choose the set of cushion and mat OR the mat alone.
Material: Cotton Handwoven Mat, Handwoven Woolen weave fabric for both cushion and mat. The cushion comes with a removable cover and filling of your choice.
These mats can be used for both indoor and outdoor practices.
 Comes with a FREE yoga mat strap/or a cotton tote Bag (depending on availability) so that it is easier to carry.
Ecofriendly, earth friendly, biodegradable, recyclable, sustainable mat for your daily yoga and meditation practice.
Care Instructions: Delicate wash recommended, dry bio wash cleaning if possible - Sun dry. Your mat comes pre-washed and is ready to use.",190,250,USD,8,mm,8 mm,190.5,cm,Length: 75 Inch,71.12,cm,Width: 28 Inch,,,,Cotton,,Eco-Friendly; Premium,,4,true,7901473177836,wool-cotton-premium-yoga-mat-and-zafu-74659,Yoga Kargha,Yoga & Pilates Mats,anti slip Yoga Mat; Best Yoga Mat; Eco Friendly Mat; Extra Long Yoga Mat; Extra Thick Yoga Mat; Hot Yoga; mats; Organic Cotton Mats; Slip Free Yoga Mat; stylish Yoga Mat; Wool Mat rug; Woolen Rug; Yoga Accessories; Yoga Mat bag,2023-03-28T22:21:31+05:30,2023-03-28T22:21:31+05:30,https://cdn.shopify.com/s/files/1/0003/2119/1955/products/il_fullxfull.3839111546_kn03_ceee7681-5e95-4877-bb18-3886aae2e012.jpg?v=1680022291
yogakargha-wool-cotton-premium-yoga-mat-and-zafu-83450,Wool & Cotton Premium Yoga Mat and Zafu Yoga Meditation Cushion Set - Neel Padam,yogakargha,"Product

Wool & Cotton Premium Yoga Mat and Zafu Yoga Meditation Cushion Set - Neel Padam



Size

Standard



Dimension

Width: 28 Inches, Length: 75 Inches



Thickness

 6-8 mm



Color

Neel Padam



Age/Gender 

Adult/Unisex



Country of Origin


India




Brand


Yoga Kargha




 
About the Product

Handwoven and Handmade Yoga Mat and Zafu Cushion Set. You have an option to choose the set of cushion and mat OR the mat alone.
Material: Cotton Handwoven Mat, Handwoven Woolen weave fabric for both cushion and mat. The cushion comes with a removable cover and filling of your choice.
These mats can be used for both indoor and outdoor practices.
 Comes with a FREE yoga mat strap/or a cotton tote Bag (depending on availability) so that it is easier to carry.
Ecofriendly, earth friendly, biodegradable, recyclable, sustainable mat for your daily yoga and meditation practice.
Care Instructions: Delicate wash recommended, dry bio wash cleaning if possible - Sun dry. Your mat comes pre-washed and is ready to use.",190,250,USD,8,mm,8 mm,190.5,cm,Length: 75 Inch,71.12,cm,Width: 28 Inch,,,,Cotton,,Eco-Friendly; Premium,,4,true,7901473046764,wool-cotton-premium-yoga-mat-and-zafu-83450,YogaKargha,Yoga & Pilates Mats,anti slip Yoga Mat; Best Yoga Mat; Eco Friendly Mat; Extra Long Yoga Mat; Extra Thick Yoga Mat; Hot Yoga; mats; Organic Cotton Mats; Slip Free Yoga Mat; stylish Yoga Mat; Wool Mat rug; Woolen Rug; Yoga Accessories; Yoga Mat bag,2023-03-28T22:21:12+05:30,2023-03-28T22:21:12+05:30,https://cdn.shopify.com/s/files/1/0003/2119/1955/products/il_fullxfull.3839115458_ih9x_517dc076-0d45-4ffd-938c-9b11e1b251cc.jpg?v=1680022272
yogakargha-hand-block-printed-non-slip-indigo-yoga-meditation-mat,Hand-Block Printed Non Slip Indigo Travel Yoga & Meditation Mat,yogakargha,"Product

Indigo Handwoven Cotton Yoga Mat — Anti-Skid Option • Vegan • Naturally Dyed



Size

Standard



Dimensions




70” × 24” 





Thickness

3–3.5 mm (no backing) • 4–5 mm (with anti-skid felt backing)



Material

Handwoven Cotton • Optional Cotton Felt with Natural Rubber Dots (Vegan)



Color

Indigo on Natural Cotton (Plant-based natural dye)



Weight

800–1000 g (lightweight, travel friendly)



Includes

Organic Cotton Yoga Mat Bag



Origin

Made in India • YogaKargha by Abhinehkrafts




About the Product
Meet the Indigo Handwoven Cotton Yoga Mat — a breathable, naturally dyed mat that carries the soul of Indian craft. Each piece is handwoven and hand block-printed with plant-based indigo, so the patterns are authentically unique. Choose a light, roll-and-go rug for carpeted spaces, or opt for our anti-skid felt backing (with natural rubber dots) for confident grip on wood, marble, or tile.

✨ Key Highlights


Handwoven & Hand-Printed: Traditional block printing creates one-of-a-kind indigo geometry.

Natural & Vegan: Cotton base, plant-based indigo, and optional vegan anti-skid backing.

Breathable Comfort: Cotton softens with use yet stays sturdy for daily practice.

Indoor/Outdoor Friendly: Lightweight, folds/rolls easily, and travels well.

Complete Set: Comes with an organic cotton carry bag for storage and commute.


Recommended Uses

Hatha • Vinyasa • Iyengar • Restorative • Yoga Nidra • Meditation • Pilates
As a serene dhurrie / area rug / runner for a mindful corner at home


Choose Your Backing


No Backing: Best on carpeted floors or as a décor rug/runner.

Anti-Skid Felt Backing: Small natural rubber dots on felt keep the mat steady on hard floors.


🧺 Wash & Care

Handwash separately; first rinse in cold salted water. Line dry in shade.
Natural indigo may bleed slightly in initial washes — a hallmark of genuine plant dye.
No tumble dry. Gentle machine wash is at user’s discretion.
Cotton may shrink a little on first wash, as is natural for pure fibers.


🌍 Sustainability

High sustainability quotient: natural fibers and dyes, artisan-made, plastic-free.
Minor shade/print variations and fold marks are part of the handmade process.

Crafted with care in our Ghaziabad studio — every YogaKargha mat is a quiet celebration of breath, movement, and mindful living.",150,160,USD,3.5,mm,3.5 mm,177.8,cm,"70” × 24” 





",60.96,cm,"70” × 24” 





",,,,Cotton,Grippy,Eco-Friendly; Non-Slip; Lightweight; Travel,,6,true,7957929427180,hand-block-printed-non-slip-indigo-yoga-meditation-mat,Yoga Kargha,Yoga & Pilates Mats,anti bacterial mat; anti slip yoga mat; best yoga mat; eco-friendly mat; Extra Long yoga mat; Extra thick yoga mat; hot yoga; Indigo Mat; mats; Organic Cotton Mat; slip free yoga mat; yoga accessories; Yoga Cotton Mat; Yoga mat Bag,2023-08-03T02:24:37+05:30,2023-08-03T02:27:49+05:30,https://cdn.shopify.com/s/files/1/0003/2119/1955/files/Untitled2.png?v=1759660234
yogakargha-restorative-organic-cotton-yoga-mat-2-in-1,Restorative Organic Cotton Yoga Mat – 2-in-1 Multifunctional Mat for Joint & Knee Support,yogakargha,"Product

Restorative Multifunctional Organic Cotton Yoga Mat – Padded 2-in-1 Mat for Joint & Knee Support



Size

Standard



Dimensions



White Mat (without alignment): 80” × 27” (203.2 × 68.6 cm)
Coloured Alignment Mats: 75” × 24” (190.5 × 61 cm)





Thickness

4–5 mm (mat only) | 10–12 mm (with removable zabuton padding)



Material

Organic Cotton • Cotton Felt • Natural Rubber (Vegan & Biodegradable)



Weight

1.1–1.5 kg (without padding) | 3.5–4 kg (with padding)



Color Options

Natural (no alignment) and Coloured Mats with Alignment Lines



Brand

YogaKargha by Abhinehkrafts



Country of Origin

India




About the Product
Our Restorative Organic Cotton Yoga Mat is where mindful design meets heartfelt craftsmanship. Handwoven by artisans in India, this 2-in-1 multifunctional mat combines beauty, comfort, and thoughtful innovation. Designed especially for practitioners who need extra cushioning and stability, it gently supports your knees, joints, and spine through every flow and stillness.
The removable cotton zabuton padding offers the luxury of softness when you need it — during restorative yoga, meditation, or recovery — and can be unzipped for a lighter, travel-friendly mat for your daily practice. The anti-skid felt backing with natural rubber dots ensures a sturdy, slip-free foundation, even on wooden or marble floors.
Every piece is crafted slowly and consciously — from organic cotton threads dyed in natural hues to the hand-finished edges that carry the warmth of human touch. Whether you’re practicing yoga, reading, or simply pausing to breathe, this mat holds space for your stillness.

✨ Key Highlights

Handwoven from organic cotton — breathable, soft, and durable.

Removable padded layer for extra joint and knee comfort.

Anti-skid felt base with natural rubber dots for secure grip.
Ideal for restorative, prenatal, meditation, and yoga nidra practices.

Vegan and eco-friendly — crafted with zero synthetic blends.
Includes complimentary cotton carry straps for easy storage and travel.


🧺 Care & Maintenance

Remove the padding occasionally and air/sun dry like a mattress.
Mat can be handwashed gently and sun-dried. Machine wash at user’s discretion.
Store in a cool, dry place away from direct moisture.


🚚 Shipping & Returns

Free worldwide shipping via FedEx/DHL.
Due to handcrafted nature and product weight, returns/exchanges are not applicable.
Minor variations in weave and colour are natural signs of authenticity.

Made with care in our Ghaziabad studio — where every YogaKargha mat carries the spirit of handmade comfort and mindful living.",200,420,USD,5,mm,5 mm,203.2,cm,203.2 × 68.6 cm,68.6,cm,203.2 × 68.6 cm,1.5,kg,1.5 kg,Cotton,Grippy,Eco-Friendly; Non-Slip; Travel; Alignment Marks,,11,true,8015191048428,restorative-organic-cotton-yoga-mat-2-in-1,Yoga Kargha,Yoga & Pilates Mats,mats,2023-09-27T12:58:03+05:30,2024-08-05T18:30:02+05:30,https://cdn.shopify.com/s/files/1/0003/2119/1955/files/IMG_1125.jpg?v=1695799689
yogakargha-best-non-slip-yoga-mat,Handwoven Organic Cotton Yoga & Meditation Mat- Just Like a Rainbow,yogakargha,"Product
      Just Like a Rainbow Yoga Mat — Handwoven Organic Cotton, Eco-Friendly, Vibrant & Anti-Skid
    
    
      Dimensions
      79"" × 26"" (approx. 200 × 66 cm)
    
    
      Thickness
      Approx. 5 mm with anti-skid felt backing
    
    
      Material
      100% Organic Cotton • Azo-Free Dyes • Optional Natural Rubber or Felt Anti-Skid Backing
    
    
      Weight
      Approx. 1.5 kg — lightweight yet stable
    
    
      Includes
      Complimentary cotton yoga mat carry bag
    
    
      Finish Options
      
        1. Natural Rubber Coating — excellent grip for smooth floors.
        2. Anti-Skid Felt Backing — dotted felt layer for secure, soft traction on any surface.
      
    
    
      Best For
      Yoga • Pilates • Meditation • Stretching • Home Décor Accent
    
    
      Origin
      Made in India • YogaKargha by Abhinehkrafts
    
  



About the Product

Brighten up your yoga journey with the “Just Like a Rainbow” Yoga Mat — a radiant, handmade mat woven from pure organic cotton. Designed to reflect the vibrance of the chakras, it uplifts your mood while grounding your body in natural comfort.


Each mat is handwoven by Indian artisans over three days and dyed using Azo-free, eco-friendly colors. The rainbow palette symbolizes energy balance, harmony, and mindful expression — perfect for hot yoga, restorative sessions, or simply brightening your sacred space.



✨ Key Highlights

  
Organic Cotton: Breathable, biodegradable, and soft on skin.
  
Signature Rainbow Weave: Exclusive YogaKargha pattern representing balance and joy.
  
Anti-Skid Options: Choose between Kerala-sourced natural rubber or dotted felt backing.
  
Extra Thick & Long: 79” × 26”, 5 mm — more comfort and freedom of movement.
  
Includes: Free cotton carry bag for easy travel and storage.



🧺 Wash & Care

  Handwash preferred; machine wash on gentle cycle if needed.
  Use mild detergent only; avoid bleach and tumble drying.
  Air dry in shade and store in a cool, dry place.



🌍 Sustainability

  Made from 100% organic, renewable cotton fibers.
  Dyes are Azo-free and water-conscious.
  Supports rural artisan livelihoods through fair trade production.
  Plastic-free packaging and zero synthetic components.


Handwoven with care in India — where color meets consciousness, and practice meets joy.",160,180,USD,5,mm,5 mm,200,cm,200 × 66 cm,66,cm,200 × 66 cm,1.5,kg,1.5 kg,Cotton,Grippy,Eco-Friendly; Non-Slip; Lightweight; Travel,,3,true,6235754332347,best-non-slip-yoga-mat,Yoga Kargha,Yoga & Pilates Mats,anti slip yoga mat; best yoga mat; Couple Yoga Mat; eco-friendly mat; Extra Long yoga mat; Extra thick yoga mat; handmade area rug; handwoven cotton rug; mats; Meditation Mat; Organic Cotton Mat; slip free yoga mat; Yoga Cotton Mat; Yoga mat Bag,2021-02-05T17:33:20+05:30,2021-02-05T17:33:20+05:30,https://cdn.shopify.com/s/files/1/0003/2119/1955/files/il_fullxfull.6818650658_emrf.jpg?v=1759919400
yogakargha-ak-yogamats-amrit-royalblue-organic-cotton-handwoven-mat-for-yoga-pilates-fitness-prayer-meditation-or-home-decor-design-amrit-nectar-royalblue,"Moon Light Organic Cotton Yoga Mat | Handwoven, Anti-Skid Option | Celestial Moon Phases, Mustard or Black | Eco-Friendly & Gift Ready",yogakargha,"Product

Moon Light Organic Cotton Yoga Mat — Handwoven with Celestial Moon Phases (Mustard or Black)



Dimensions

80"" × 28"" (approx. 203 × 71 cm)



Thickness

Up to 7–8 mm with felt anti-skid backing



Material

100% Organic Cotton (Azo-free dyes) • Optional felt anti-skid layer with natural rubber dots



Color Options

Mustard Yellow with White/Beige moons • Black with White/Beige moons



Includes

Matching organic cotton carry bag



Backing Style

Felt-based anti-skid (grey) bonded to cotton weave for enhanced grip on hard floors



Origin

Made in India • YogaKargha by Abhinehkrafts




About the Product
Immerse in lunar calm. The Moon Light Yoga Mat is handwoven from organic cotton and adorned with a serene moon phases motif to anchor your gaze and breath. Designed for grounding practices—meditation, yoga nidra, slow flows—and beautiful enough to live as a runner or altar rug when not in use.
Choose Mustard Yellow for warmth or Black for quiet focus. The optional felt anti-skid backing with subtle rubber dots offers steady grip on wood, tile, or marble, while the breathable cotton surface remains kind to skin and the planet.

✨ Key Highlights


Handwoven • Handmade: Crafted on traditional looms; hand-dyed with Azo-free colors.

Celestial Centerline: Moon cycle (crescent to full) adds a mindful focal path.

Eco-Kind Materials: Organic cotton, plastic-free, biodegradable.

Optional Anti-Skid: Felt layer with rubber dots enhances stability on hard floors.

Carry Bag Included: Matching organic cotton bag for storage and commute.


Recommended Uses

Meditation • Yoga Nidra • Restorative • Hatha • Gentle Vinyasa • Ritual practice
Also works beautifully as a mindful home runner or altar rug


🧺 Care Instructions

Hand wash preferred; wash separately. Air dry in shade.
Machine wash on gentle, cold cycle at user’s discretion. No bleach. No harsh detergents.
Avoid prolonged direct sunlight to preserve color depth.


🌍 Sustainability & Notes

Slow-made by partner artisans; minor color or weave variation is natural and part of the charm.
Photos shot in natural and studio light; display settings may affect perceived shade.

Crafted with intention in our Ghaziabad studio — a quiet celebration of slow living and sacred practice.",190,250,USD,8,mm,8 mm,203,cm,203 × 71 cm,71,cm,203 × 71 cm,,,,Cotton,Grippy,Eco-Friendly; Non-Slip,,2,true,7808981532908,ak-yogamats-amrit-royalblue-organic-cotton-handwoven-mat-for-yoga-pilates-fitness-prayer-meditation-or-home-decor-design-amrit-nectar-royalblue,Yoga kargha,Yoga & Pilates Mats,anti bacterial mat; anti slip yoga mat; best yoga mat; Couple Yoga Mat; eco-friendly mat; Extra Long yoga mat; Extra thick yoga mat; handmade area rug; handwoven cotton rug; mats; Meditation Mat; Organic Cotton Mat; Prayer Mat; Yoga Cotton Mat,2022-11-02T11:47:45+05:30,2022-11-02T11:47:37+05:30,https://cdn.shopify.com/s/files/1/0003/2119/1955/files/Standing_moon_mat-Photoroom_8f930b64-32b6-4825-a8fb-6ca770dccf51.jpg?v=1759663041
yogamatters-yogamatters-eco-flow-yoga-mat,Yogamatters Eco Flow Yoga Mat,yogamatters,"Meet the Eco Flow Yoga Mat with unrivalled grip and strong eco credentials. 
The Eco Flow Yoga Mat supports your practice with a smooth surface that doesn't compromise on grip. The more you sweat the harder this mat works to keep you flowing. 
Made in Spain from sustainably harvested natural tree rubber, free from toxic chemicals and dyes, and produced with the highest respect for legal environmental and labour standards, this mat is perfect for the eco-conscious yogi.

made from 100% sustainably harvested natural tree rubber
superior grip with smooth finish
certified OEKO-TEX Standard 100, made with the highest respect for legal environmental and labour standards
recyclable & biodegradable
free from toxic chemicals and dyes
fresh and natural colours inspired from nature
made in Spain

To complete your kit, shop our other eco-friendly props here.
The Eco Flow Yoga mat may have initially a rubber smell, but this smell will fade over a short period of time. Due to the natural properties of this product, the colour may change a little over time. 
Store your mat rolled up. Do not leave exposed to direct sunlight or roll mat when still wet. Do not machine wash, submerge in water or use any soap or other chemicals to clean.
This product is not suitable for people with a rubber allergy.",110,110,USD,4,mm,4mm,183,cm,183cm x 61cm    ,61,cm,183cm x 61cm    ,2.5,kg,2.5kg,Natural Rubber,Grippy,Eco-Friendly; Non-Slip,Oceana; Coral; Midnight; Purple,4,true,6720198607023,yogamatters-eco-flow-yoga-mat,ZAHONE01,Mat,Bundle | 8 | single; Collection: all-christmas-2022; Collection: best-selling-yoga-mats; Collection: Buy-one-give-one; Collection: christmas_sleep; Collection: christmas_yoga_at_home; Collection: discountable_feb_2022; Collection: eco-yoga-mats; Collection: full-price; Collection: full-price-inc-kits; collection: mat_summer_offer; Collection: mats-and-bags; Collection: Mood-enhancers; Collection: performance-yoga-mats; Collection: promotion-mats; Collection: seasonal-offers-2022; Collection: sustainable-bestsellers; Collection: vip-sale-july-2023; Collection: yoga; Collection: yoga-mats; Collection:Spring_22_Promotion; DiscountBand: ymexclusive-mats; KeyFeatures: sustainable-materials; Manufacturer: yogamatters; matrix:8|70; ProductSubCategory: mat; ProductSubCollection: gifts-for-him; Promotion: Mats; TaxClass: taxable-goods; Thickness: 4mm,2021-05-20T15:51:40+01:00,2024-06-10T15:15:03+01:00,https://cdn.shopify.com/s/files/1/0278/7259/1939/files/eco-flow-yoga-mat-purple.jpg?v=1767955853
yogamatters-yogamatters-eco-everyday-yoga-mat,Yogamatters Eco Everyday Yoga Mat,yogamatters,"Our best-selling eco-friendly yoga mat, the ‘Eco Everyday’ is made from natural tree rubber which has been sustainably harvested. Designed with a wave-like textured surface for unrivalled grip and cushioned to give comfort to knees and joints, our ‘Eco Everyday’ is the perfect yoga mat for your daily practice. 

Made from sustainably harvested natural tree rubber and recycled materials certified by Recycled Claim Standard (RCS), an innovative solution to environmental waste
Biodegradable
4mm thickness offering support and cushioning for knees and joints
A textured practice surface for superior grip 
Free from toxic chemicals and dyes

Due to the natural properties of this product, the colour of this mat may change a little over time.  The mat initially has a strong rubber smell, this smell will fade over a short period of time.  Store your mat rolled up. Do not leave exposed to direct sunlight or roll mat when still wet. Do not machine wash, submerge in water or use any soap or other chemicals to clean.
As this mat is made from natural rubber 99% latex free, this product is not suitable for anyone with a rubber allergy.",80,80,USD,4,mm,4mm,183,cm,183cm x 61cm    ,61,cm,183cm x 61cm    ,2.5,kg,2.5kg,Natural Rubber,Textured,Eco-Friendly; Non-Slip; Alignment Marks,Midnight; Ocean Green; Slate Grey; Berry; Purple; Sage,6,true,4515268362307,yogamatters-eco-everyday-yoga-mat,DIVER01,Mat,Bundle | 6 | single; Collection: best-selling-yoga-mats; Collection: discountable_feb_2022; Collection: eco-yoga-mats; Collection: fathers-day-gifts; Collection: full-price; Collection: full-price-inc-kits; collection: mat_summer_offer; Collection: mats-and-bags; Collection: mens-yoga-mats; Collection: Mood-enhancers; Collection: new_year; Collection: seasonal-offers-2022; Collection: sustainable-bestsellers; Collection: yoga; Collection: yoga-mat-buyers-guide; Collection: yoga-mat-buyers-guide--beginners-yoga; Collection: yoga-mat-buyers-guide--eco-friendly-yoga; Collection: yoga-mat-buyers-guide--home-practice; Collection: yoga-mats; Collection: yogamatters; Collection:Spring_22_Promotion; ColourName:|Blue; ColourName:|Green; ColourName:|Grey; ColourName:|Purple; DiscountBand: ymexclusive-mats; feed-cl1-yogamatters; feed-cl2-mat; Manufacturer: yogamatters; matrix:6|70; ProductSubCategory: mat; ProductSubCollection: best-selling-yoga-mats; ProductSubCollection: eco-yoga-mats; ProductSubCollection: father-s-day-gifts; ProductSubCollection: gifts-for-the-eco-warrior; ProductSubCollection: yoga-gifts-for-him; Promotion: Mats; Size: 183cm-x-61cm; TaxClass: taxable-goods; Thickness: 4mm,2020-07-14T00:24:40+01:00,2020-09-15T13:14:00+01:00,https://cdn.shopify.com/s/files/1/0278/7259/1939/files/Yogamatters-Eco-Everyday-Yoga-Mat-5.jpg?v=1767956859
yogamatters-yogamatters-aqua-evolve-yoga-mat,Yogamatters Aqua Evolve Yoga Mat,yogamatters,"Sustainability innovation at its best - a yoga mat that actually helps to clean the environment!
The Yogamatters Aqua Evolve yoga mat is made from a unique combination of EVA foam and algae from lakes and ponds. 
Algae blooms pose a major problem for communities around the world causing eco-systems to become out of balance. They are caused by factors such as climate change, water pollution from agriculture, industry and society.
Our partners at BLOOM have found an innovative way of helping the environment by turning algae blooms into eco-foams for use in products. 
During algae harvesting, the algae is separated from the water and the clean, filtered and oxygenated water is returned back into the environment. Helping to restore the eco-system. Algae also absorbs and traps CO2 from the atmosphere through the process of photosynthesis. When the algae is harvested, the CO2 comes along with it, which means cleaner air too!
For every mat, 64 litres of cleaned water are returned to the local habitat as well as 40 cubic metres of clean air. 

Uses reclaimed/recycled materials certified by the Global Recycling Standard (GRS) 
Eco-friendly
Vegan
Lightweight and portable at 750 grams
Free from latex, PVC, toxic chemicals and dyes
5mm thickness for super cushioning
Made in Spain

Please keep the mat out of direct sunlight and hot places. Store in a cool, dry place.",87,87,USD,5,mm,5mm,190,cm,60cm x 190cm    ,60,cm,60cm x 190cm    ,0.8,kg,0.8kg,PVC,,Eco-Friendly; Lightweight; Travel; Alignment Marks,,1,true,5981154214063,yogamatters-aqua-evolve-yoga-mat,CAUCHO01,Mat,Collection: all-christmas-2022; Collection: best-selling-yoga-mats; Collection: christmas-wellbeing-gifts; Collection: christmas_yoga_at_home; Collection: discountable_feb_2022; Collection: eco-yoga-mats; Collection: full-price; Collection: full-price-inc-kits; collection: mat_summer_offer; Collection: mats-and-bags; Collection: new_year; Collection: pride-collection; Collection: promotion-mats; Collection: seasonal-offers-2022; Collection: staycation-edit; collection: summer-brights; Collection: sustainable-bestsellers; Collection: sustainable-edit; Collection: travel-yoga-mats; Collection: yoga; Collection: yoga-mat-buyers-guide; Collection: yoga-mat-buyers-guide--eco-friendly-yoga; Collection: yoga-mat-buyers-guide--home-practice; Collection: yoga-mats; ColourName:|Green; DiscountBand: ymexclusive-mats; feed-cl1-yogamatters; feed-cl2-mat; Manufacturer: yogamatters; matrix:8|70; ProductSubCategory: mat; Promotion: Mats; TaxClass: taxable-goods; Thickness: 5mm,2020-10-26T11:48:01+00:00,2020-11-27T14:28:10+00:00,https://cdn.shopify.com/s/files/1/0278/7259/1939/products/Aqua-Evolve-Yoga-Mat_Lifestyle-01.gif?v=1767956634
yogamatters-yogamatters-eco-everyday-rise-yoga-mat,Yogamatters Eco Rise Yoga Mat,yogamatters,"Our top pick for an eco-friendly yoga mat with a stylish flair, the Yogamatters Eco Rise Yoga Mat, is made from natural materials and comes in a selection of soft colours. The unique cotton-blend mesh surface gives the ‘Eco Rise’ superior grip & durability.
Made from natural tree rubber which has been sustainably harvested, our earth-friendly yoga mat is the ideal place to start your day. 
Designed to match perfectly with props from the Organic Cotton Yoga Collection. 

Made from sustainably harvested natural tree rubber
Biodegradable
Free from toxic chemicals and dyes
Fresh and natural colours
Cotton blend mesh surface for strong grip
3mm thickness gives moderate cushioning. For more cushioning see Eco Everyday Yoga Mat

The Eco Everyday Rise Yoga Mat  initially has a strong rubber smell, this smell will fade over a short period of time.  
Due to the natural properties of this product, the colour may change a little over time.  
This product is not suitable for people with a rubber allergy (99% latex free)
The Eco Everyday Rise Yoga Mat is also part of the Yogamatters Beginners Eco Yoga Kit",66,66,USD,3,mm,3mm,183,cm,183cm length x 61cm width,61,cm,183cm length x 61cm width,2.3,kg,2.3kg,Cotton,Grippy,Eco-Friendly; Non-Slip; Travel; Alignment Marks,Wisteria; Grey Ice; Wild Sage; Eucalyptus; Natural; Rose Quartz; Deep Taupe,7,true,4515304046659,yogamatters-eco-everyday-rise-yoga-mat,DIVER01,Mat,Collection: all-christmas-2022; Collection: best-selling-yoga-mats; Collection: Buy-one-give-one; Collection: calming-yoga-equipment; Collection: christmas_sleep; Collection: christmas_wild_thing; Collection: christmas_yoga_at_home; Collection: discountable_feb_2022; Collection: eco-yoga-mats; Collection: full-price; Collection: full-price-inc-kits; Collection: loved-by-you; Collection: mats-and-bags; Collection: monochrome; Collection: Mood-enhancers; Collection: new_year; Collection: organic-cotton-collection; Collection: promotion-mats; Collection: seasonal-offers-2022; Collection: sustainable-bestsellers; Collection: sustainable-edit; Collection: the-september-edit; Collection: yoga; Collection: yoga-mat-buyers-guide; Collection: yoga-mat-buyers-guide--beginners-yoga; Collection: yoga-mat-buyers-guide--home-practice; Collection: yoga-mat-buyers-guide--yoga-studio; Collection: yoga-mats; Collection: yogamatters; collection:edit-2; Collection:Spring_22_Promotion; ColourName:|Green; ColourName:|Grey; ColourName:|Natural; ColourName:|Purple; DiscountBand: ymexclusive-mats; feed-cl1-yogamatters; feed-cl2-mat; Manufacturer: yogamatters; matrix:6|70; ProductSubCategory: mat; ProductSubCollection: eco-yoga-mats; ProductSubCollection: travel-yoga-mats; Promotion: Mats; TaxClass: taxable-goods; Thickness: 3mm,2020-07-14T01:27:23+01:00,2020-09-16T07:10:43+01:00,https://cdn.shopify.com/s/files/1/0278/7259/1939/files/eco-rise-natural.png?v=1767954920
yogamatters-yogamatters-lightweight-exercise-mat-black,Yogamatters Ultra Lightweight Exercise Mat - Black,yogamatters,"The Yogamatters Ultra Lightweight Mat is a lightweight multi-functional exercise mat that will take you from the gym to yoga and everywhere in between.  
Made from complete NBR foam and post-production materials,  the Ultra Lightweight is cushioned, lightweight and functional. And at 10mm thick, provides a soft but stable base to work out from and with a textured finish enhances grip in dry and wet conditions.
The Ultra is made with a closed cell structure and contains an antibacterial formula both components stopping bacteria from growing or odours developing. Finished with bevelled edges which blend into the floor so movement can seamlessly extend beyond the body of the mat.

A multipurpose mat
Closed cell structure
Contains a hygienic antibacterial formula
Contains post-production materials
Softly cushioned
Lightweight",100,100,USD,10,mm,10mm,180,cm,180cm x 60cm ,60,cm,180cm x 60cm ,1.3,kg,1.3kg,Natural Rubber,Textured,Eco-Friendly; Non-Slip; Lightweight; Travel; Alignment Marks; Antimicrobial; Closed-Cell,,1,true,6162979848367,yogamatters-lightweight-exercise-mat-black,GELTEC01,Mat,Bundle | 6 | single; Collection: all-christmas-2022; Collection: discountable_feb_2022; Collection: full-price; Collection: full-price-inc-kits; collection: mat_summer_offer; Collection: mats-and-bags; Collection: mens-yoga-mats; Collection: monochrome; Collection: performance-yoga-mats; Collection: pilates-equipment; Collection: pilates-gifts; Collection: promotion-mats; Collection: reclaim-collection; Collection: staycation-edit; Collection: thick-yoga-mats; Collection: travel-yoga-mats; Collection: yoga; Collection: yoga-mat-buyers-guide; Collection: yoga-mat-buyers-guide--general-gym-work; Collection: yoga-mat-buyers-guide--home-practice; Collection: yoga-mats; ColourName:|Black; DiscountBand: ymexclusive-mats; KeyFeatures: recycled-materials; Manufacturer: yogamatters; matrix:6|70; ProductSubCategory: mat; Promotion: Mats; TaxClass: taxable-goods; Thickness: 10mm,2020-12-18T15:52:30+00:00,2024-07-19T09:21:32+01:00,https://cdn.shopify.com/s/files/1/0278/7259/1939/products/Ultra-Lightweight-Fitness-matt_Wave.jpg?v=1747210957
yogamatters-yogamatters-thrive-pu-yoga-mat,Yogamatters Thrive PU Yoga Mat,yogamatters,"Designed to support your practice with purpose, the Yogamatters PU Yoga Mat offers exceptional grip, cushioning and stability so you can move with confidence from first sun salutation to final savasana.
Crafted with a high-performance PU (polyurethane) surface, this mat responds to heat and moisture, delivering a non-slip experience even in the sweatiest of sessions. At 4.5mm thick, it provides just the right balance of comfort and connection. It is soft enough to cushion joints, yet firm enough to keep you grounded through every pose.

Premium PU top layer for superior grip in all conditions
Natural rubber base for stability and support
Open-cell structure to absorb moisture and enhance traction
4.5mm thickness for enhanced comfort
Free from PVC and harmful chemicals


*PU yoga mats are naturally absorbent and may develop marks or stains with regular use. To maintain your mat’s quality, please follow the care instructions carefully. Please note Yogamatters Mat Cleaners are not suitable for cleaning the Thrive PU Mat. Avoid applying lotions or creams before practice, as they can cause buildup on the surface. Do not soak or fully submerge the mat in water.",87,87,USD,4.5,mm,4.5mm,183,cm,183cm x 68cm    ,68,cm,183cm x 68cm    ,2.8,kg,2.8kg,Natural Rubber,Grippy,Non-Slip; Premium,Dark Navy; Deep Taupe; Evergreen; Sage,4,true,15064534909313,yogamatters-thrive-pu-yoga-mat,LIFENG01,Mat,Collection: best-selling-yoga-mats; Collection: christmas-wellbeing-gifts; Collection: christmas_yoga_at_home; collection: mat_summer_offer; Collection: mats-and-bags; Collection: yoga-mats; DiscountBand: ymexclusive-mats; Gender: unisex; Manufacturer: yogamatters; ProductSubCategory: mat; TaxClass: taxable-goods; Thickness: 4-5mm,2025-04-30T13:04:23+01:00,2025-09-11T09:26:29+01:00,https://cdn.shopify.com/s/files/1/0278/7259/1939/files/Yogamatters-PU-Mat-Deep-Taupe-0069.jpg?v=1767956943
yogamatters-yogamatters-eco-cork-yoga-mat,Yogamatters Eco Cork Yoga Mat - Green,yogamatters,"The earth-friendly Eco Cork Yoga Mat is made from cork of Oak trees and natural rubber from sustainable rubber farms. At 4mm thick, the Eco Cork mat offers a smooth practice surface with excellent cushioning and comfort.
Cork bark is naturally anti-bacterial, eradicating germs and bacteria that cause bad odours, so you can breathe easy knowing that your cork yoga mat isn’t home to any nasties. The grip improves as you get into your practice and start to sweat, you can speed this up by spraying the mat with water before starting your practice. 

Vegan

Made from the cork of the cork Oak tree & sustainably harvested natural tree rubber
Recyclable & biodegradable
Free from toxic chemicals and dyes
Grip improves as you sweat, spritz mat with water to speed this up
4mm thickness offering good cushioning

 This product is not suitable for people with a rubber allergy (99% latex-free)
This mat may have initially a rubber smell, this smell will fade over a short period of time. 
Shop the full Yogamatters Eco Cork Collection here.",92,92,USD,4,mm,4mm,183,cm,183cm x 61cm    ,61,cm,183cm x 61cm    ,2.5,kg,2.5kg,Cork,Grippy,Eco-Friendly; Non-Slip; Alignment Marks,,1,true,6992897769647,yogamatters-eco-cork-yoga-mat,DIVER01,Mat,Bundle | 6 | single; Collection: all-christmas-2022; Collection: best-selling-yoga-mats; Collection: Buy-one-give-one; Collection: christmas-wellbeing-gifts; Collection: christmas_gifts_for_him; Collection: christmas_yoga_at_home; Collection: discountable_feb_2022; Collection: eco-yoga-mats; Collection: full-price; Collection: full-price-inc-kits; Collection: gifts-for-him; Collection: loved-by-you; Collection: mats-and-bags; Collection: mens-yoga-mats; Collection: new_year; Collection: promotion-mats; Collection: seasonal-offers-2022; Collection: sustainable-bestsellers; Collection: sustainable-edit; Collection: the-september-edit; Collection: vip-sale-july-2023; Collection: yoga; Collection: yoga-and-running; Collection: yoga-mat-buyers-guide; Collection: yoga-mat-buyers-guide--eco-friendly-yoga; Collection: yoga-mat-buyers-guide--home-practice; Collection: yoga-mats; Collection: yogamatters; Collection:Spring_22_Promotion; ColourName:|Green; DiscountBand: ymexclusive-mats; feed-cl1-yogamatters; feed-cl2-mat; KeyFeatures: sustainable-materials; Manufacturer: yogamatters; Material: Cork; ProductSubCategory: mat; ProductSubCollection: best-selling-yoga-mats; ProductSubCollection: eco-yoga-mats; ProductSubCollection: gifts-for-him; Promotion: Mats; TaxClass: taxable-goods; Thickness: 4mm,2021-10-12T11:08:28+01:00,2021-10-13T08:53:46+01:00,https://cdn.shopify.com/s/files/1/0278/7259/1939/files/Yoga-Mats---March-202307204-web.jpg?v=1683808352
yogamatters-yogamatters-everyday-studio-mat,Yogamatters Signature Studio Yoga Mat,yogamatters,"Engineered for performance, the Yogamatters Signature Studio Yoga Mat with its unrivalled grip, incredible durability and easy to clean closed cell structure, makes this our top pick for yoga studios.
At 5.5mm thick, the ‘Studio’ mat is the perfect yoga mat for yoga studios, providing just the right amount of cushioning and comfort without compromising stability in your yoga pose. 
Designed to be reversible to accommodate different styles of yoga.  The smooth side is perfect for a gentle Hatha, Restorative or Yin practice and the dotted side provides a stable grip for a dynamic practice making it a versatile option for a yoga studio. 
Our Studio Yoga Mat is also available as a wholesale box ideal for yoga studios. Please have a look at our other colour matching props here.

Made in Germany
5.5mm thickness to protect knees and joints
Available in two lengths - Standard -183cm and Long - 210cm
Unrivalled dry grip from first use, no need to wear in
The closed cell structure prevents sweat, dirt and bacteria from penetrating the mat
Extremely durable and long lasting 
Reversible feature to suit your practice
Plastic-free packaging
Oeko-Tex® Standard 100 Certification*
Suitable for eyeletting which is an additional service on top of the cost of the mat, hang the mat on a wall bracket - ideal for studios!

* An international testing and certification system for textiles, limiting the use of certain chemicals which may be considered harmful for people and planet. Free of AZO, DOP, Phthalates, Latex, Bisphenol-A (BPA), Lead and Dioxins.",115,130,USD,5.5,mm,5.5mm,210,cm,210cm x 61cm    ,61,cm,210cm x 61cm    ,3,kg,3.0kg,PVC,Grippy,Reversible; Non-Slip; Alignment Marks; Closed-Cell,Ocean Green; Black; Mineral,5,true,4515285762115,yogamatters-everyday-studio-mat,FRIEDO01,Mat,Bundle | 8 | single; Collection: best-selling-yoga-mats; Collection: discountable_feb_2022; Collection: full-price; Collection: full-price-inc-kits; Collection: mats-and-bags; Collection: mens-yoga-mats; Collection: Mood-enhancers; Collection: most-popular; Collection: performance-yoga-mats; Collection: thick-yoga-mats; Collection: yoga; Collection: yoga-mat-buyers-guide; Collection: yoga-mat-buyers-guide--beginners-yoga; Collection: yoga-mat-buyers-guide--home-practice; Collection: yoga-mat-buyers-guide--yoga-studio; Collection: yoga-mats; Collection: yogamatters; ColourName:|Black; ColourName:|Green; DiscountBand: ymexclusive-mats; Featured-tag: Standard & Long Options; feed-cl1-yogamatters; feed-cl2-mat; Manufacturer: yogamatters; matrix:8|70; ProductSubCategory: mat; ProductSubCollection: best-selling-yoga-mats; ProductSubCollection: yoga-gifts-for-him; SaleCategory: yoga-mats; Stock: all_lines_sell_and_retire; TaxClass: taxable-goods; Thickness: 5-5mm,2020-07-14T00:52:22+01:00,2025-01-07T14:44:49+00:00,https://cdn.shopify.com/s/files/1/0278/7259/1939/files/signature-studio-mat-black-4-web.jpg?v=1767957300
yogamatters-yogamatters-eco-travel-yoga-mat,Yogamatters Eco Travel Yoga Mat,yogamatters,"Super light and ultra thin, our Eco Travel Yoga Mat folds easily into your backpack or carry-on luggage making it the ideal travel companion. 
Made from eco-friendly materials which have been sustainably harvested and engineered to have a non-slip surface, use the ‘Eco Travel’ on its own or as a hygienic layer on top of a studio mat.
Our Eco Travel Yoga Mat is also available as a wholesale box ideal for yoga studios, and it's also part of our Travel Yoga Kit.
Each mat is different with it’s own unique marbled design. 

Made from sustainably harvested natural tree rubber which offers superior grip
Biodegradable
Free from toxic chemicals and dyes
Super light at 750 grams 
Ultra thin at 1mm
Easily foldable 
Unique marbled design

Due to the natural properties of this product, the colour of this mat may change a little over time. The mat initally has a strong rubber smell, this smell will fade over a short period of time. Store your mat rolled up. Do not leave exposed to direct sunlight or roll mat when still wet. Do not machine wash, submerge in water or use any soap or other chemicals to clean.
 99% latex free, this product is not suitable for anyone with a rubber allergy.",60,60,USD,1,mm,1mm,183,cm,183cm x 61cm    ,61,cm,183cm x 61cm    ,0.7,kg,0.7kg,Natural Rubber,Grippy,Eco-Friendly; Non-Slip; Travel; Alignment Marks; Antimicrobial,Dark Navy; Berry; Fuchsia; Slate Grey; Grape; Seafoam; Sunshine; Stone; Sea Green; Ocean Green,10,true,4515268067395,yogamatters-eco-travel-yoga-mat,DIVER01,Mat,Bundle | 12 | single; Collection: best-selling-yoga-mats; Collection: discountable_feb_2022; Collection: eco-yoga-mats; Collection: fathers-day-gifts; Collection: full-price; Collection: full-price-inc-kits; Collection: loved-by-you; Collection: mats-and-bags; Collection: mens-yoga-mats; Collection: Mood-enhancers; Collection: new_year; Collection: staycation-edit; collection: summer-brights; Collection: sustainable-bestsellers; Collection: travel-yoga-mats; Collection: yoga; Collection: yoga-mat-buyers-guide; Collection: yoga-mat-buyers-guide--beginners-yoga; Collection: yoga-mat-buyers-guide--eco-friendly-yoga; Collection: yoga-mat-buyers-guide--travel-yoga; Collection: yoga-mats; Collection: yogamatters; ColourName:|Blue; ColourName:|Green; ColourName:|Grey; ColourName:|Pink; ColourName:|Purple; DiscountBand: ymexclusive-mats; feed-cl1-yogamatters; feed-cl2-mat; Manufacturer: yogamatters; matrix:12|70; ProductSubCategory: mat; ProductSubCollection: best-selling-yoga-mats; ProductSubCollection: eco-yoga-mats; ProductSubCollection: father-s-day-gifts; ProductSubCollection: gifts-for-the-eco-warrior; ProductSubCollection: travel-yoga-mats; ProductSubCollection: yoga-gifts-for-him; ProductSubCollection: yoga-gifts-for-travellers; Promotion: Mats; SaleCategory: yoga-mats; SaleSavingCategory: 30-percent-off; Size: 183cm-x-61cm; TaxClass: taxable-goods; Thickness: 1mm,2020-07-14T00:23:39+01:00,2022-11-14T15:26:14+00:00,https://cdn.shopify.com/s/files/1/0278/7259/1939/files/eco-travel-mat-foldable.png?v=1767957438
yogamatters-manduka-prolite-yoga-mat,Manduka PROlite Yoga Mat,yogamatters,"The Manduka PROlite yoga mat is the perfect solution for people seeking a lightweight yoga mat with superior quality and comfort. The Manduka PROlite yoga mat is a lighter, 100% latex free mat for in the yoga studio and on the go.
• high performance in a lightweight form • superior wear and longevity backed by a Lifetime Guarantee • closed-cell surface to keep moisture and sweat from seeping into the mat and breeding bacteria and proprietary dot pattern bottom to resist sliding• fabric-like surface finish for optimal movement between poses• sustainable engineering ensures high quality material will not peel, flake or fade. Product improves with use over time 
To Store: Roll Manduka PROlite yoga mats with the top side (fabric-finish) facing outwards. This keeps the corners of the mat flat when practising.
To Break In: The surface texture of PROlite yoga mats improves with use. Our customers have found that the best way to “break in” their yoga mat is to use it on a daily basis. Another trick is to sprinkle coarse sea salt over your mat, use a light spritz of water, and scrub it down with a stiff brush before allowing to air dry in the sunshine.",145,145,USD,7,mm,7mm,180,cm,180cm x 61cm    ,61,cm,180cm x 61cm    ,1.9,kg,1.9kg,PVC,Textured,Eco-Friendly; Lightweight; Travel; Alignment Marks; Closed-Cell,Maldive; Elderberry; Black Sage; Moon; Wasabi; Sea Salt; Indulge; Midnight; Thunder; Rosewood; Blue Lotus; Eden; Passion Berry; Black; Celadon Green; Purple; Aqua; Tiger Lily; Lotus; Verve; Dark Morganite; Amethyst; Peacock; Sand,24,true,4515213344835,manduka-prolite-yoga-mat,MANDUK01,Mat,Collection: best-selling-yoga-mats; Collection: full-price-inc-kits; Collection: gifts-for-him; Collection: loved-by-you; Collection: manduka; Collection: mats-and-bags; Collection: performance-yoga-mats; Collection: yoga; Collection: yoga-mat-buyers-guide; Collection: yoga-mat-buyers-guide--hot-yoga; Collection: yoga-mat-buyers-guide--travel-yoga; Collection: yoga-mats; ColourName:|Black; ColourName:|Blue; ColourName:|Brown; ColourName:|Green; ColourName:|Grey; ColourName:|Multi; ColourName:|Purple; ColourName:|Red; feed-cl1-manduka; Manufacturer: manduka; ProductSubCollection: gifts-for-him; Promotion: Mats; SaleCategory: yoga-mats; TaxClass: taxable-goods; Thickness: 4-7mm,2020-07-13T23:23:29+01:00,2020-09-15T13:18:59+01:00,https://cdn.shopify.com/s/files/1/0278/7259/1939/files/MandukaPROliteYogaMatMaldivePorcelain_20a63c81-e97c-4e97-a679-09f28305f9e1.png?v=1773662925
yogamatters-manduka-prolite-mat-long,Manduka PROlite Yoga Mat - Long,yogamatters,"This mat is the longer version of the Manduka PROlite yoga mat, the perfect solution for people seeking a lightweight yoga mat with superior quality and comfort. The Manduka PROlite yoga mat is a lighter, 100% latex free mat for in the yoga studio and on the go.
• high performance in a lightweight form • superior wear and longevity backed by a Lifetime Guarantee • closed-cell surface to keep moisture and sweat from seeping into the mat and breeding bacteria and proprietary dot pattern bottom to resist sliding• fabric-like surface finish for optimal movement between poses• sustainable engineering ensures high quality material will not peel, flake or fade. Product improves with use over time 
 
To Store: Roll Manduka PROlite yoga mats with the top side (fabric-finish) facing outwards. This keeps the corners of the mat flat when practising.
To Break In: The surface texture of PROlite yoga mats improves with use. Our customers have found that the best way to “break in” their yoga mat is to use it on a daily basis. Another trick is to sprinkle coarse sea salt over your mat, use a light spritz of water, and scrub it down with a stiff brush before allowing to air dry in the sunshine.",160,160,USD,7,mm,7mm,200,cm,200cm x 61cm    ,61,cm,200cm x 61cm    ,2,kg,2.0kg,PVC,Textured,Eco-Friendly; Lightweight; Alignment Marks; Closed-Cell,Midnight; Black; Thunder,3,true,4515225305155,manduka-prolite-mat-long,MANDUK01,Mat,Collection: full-price-inc-kits; Collection: gifts-for-him; Collection: manduka; Collection: mats-and-bags; Collection: mens-yoga-mats; Collection: performance-yoga-mats; Collection: yoga; Collection: yoga-mat-buyers-guide; Collection: yoga-mat-buyers-guide--beginners-yoga; Collection: yoga-mat-buyers-guide--home-practice; Collection: yoga-mats; ColourName:|Blue; ColourName:|Grey; feed-cl1-manduka; Manufacturer: manduka; ProductSubCollection: gifts-for-him; Promotion: Mats; SaleCategory: yoga-mats; Stock: all_lines_sell_and_retire; TaxClass: taxable-goods; Thickness: 4-7mm,2020-07-13T23:46:31+01:00,2020-09-15T13:22:01+01:00,https://cdn.shopify.com/s/files/1/0278/7259/1939/products/manduka-prolite-mat-long-midnight-mamandproli-lg-mi_1.jpg?v=1631528954
yogamatters-manduka-pro-yoga-mat,Manduka PRO Yoga Mat,yogamatters,"The best-selling Manduka PRO yoga mat is luxuriously dense for unparalleled comfort and cushioning. With a lifetime guarantee, the Manduka PRO Mat will revolutionise your practice for years to come.
• closed-cell surface to keep moisture and sweat from seeping into the mat and breeding bacteria and proprietary dot pattern bottom to resist sliding• high-density cushion for unparalleled experience, joint protection, and versatility on any surface (carpet, cement, hardwood floors) • fabric-like surface finish for optimal movement between poses • sustainable engineering ensures high quality material will not peel, flake or fade • designed to last a lifetime (or two), Manduka PRO series yoga mats are 100% latex free and curb the amount of PVC mats that enter landfills every year 
To Store: Roll Manduka PRO mats with the top side (fabric-finish) facing outwards. This keeps the corners of the mat flat when practising.
To Break In: The surface texture of Manduka PRO mats improves with use. The best way to break in your mat is practise, practise, practise, but if you want to speed things up a little, try a simple salt scrub, or cleaning your mat thoroughly before and after every practice with a non-scratch sponge and a mat wash (or a homemade mixture of organic detergent and water).",185,185,USD,6,mm,6mm,180,cm,180cm x 66cm    ,66,cm,180cm x 66cm    ,3.4,kg,3.4kg,PVC,Textured,Eco-Friendly; Alignment Marks; Closed-Cell; Premium,Sand; Cinder Balance; Birch; Gerry Lopez Black; Deep Coral; Morganite; Black Sage; Black Verve; Midnight; Black; Odyssey; Thunder; Black Magic; Indulge; Elderberry; Aquamarine; Black Thunder; Wasabi Limited Edition; Linen Birch Limited Edition; Earth; Midnight Limited Edition,21,true,4515212787779,manduka-pro-yoga-mat,MANDUK01,Mat,Collection: best-selling-yoga-mats; Collection: full-price-inc-kits; Collection: gifts-for-him; Collection: loved-by-you; Collection: manduka; Collection: mats-and-bags; Collection: mens-yoga-mats; Collection: performance-yoga-mats; Collection: thick-yoga-mats; Collection: top-rated; Collection: yoga; Collection: yoga-mat-buyers-guide; Collection: yoga-mat-buyers-guide--hot-yoga; Collection: yoga-mat-buyers-guide--intermediate-and-advanced; Collection: yoga-mats; ColourName:|Beige; ColourName:|Black; ColourName:|Blue; ColourName:|Green; ColourName:|Grey; ColourName:|Orange; ColourName:|Pink; ColourName:|Purple; ColourName:|Red; feed-cl1-manduka; Manufacturer: manduka; ProductSubCollection: father-s-day-gifts; Promotion: Mats; SaleCategory: yoga-mats; TaxClass: taxable-goods; Thickness: 6mm,2020-07-13T23:22:08+01:00,2020-09-15T13:18:59+01:00,https://cdn.shopify.com/s/files/1/0278/7259/1939/files/manduka-pro-mat-sand_137924d7-dffa-481f-a5b0-9de9434988b6.jpg?v=1773663237
yogamatters-manduka-pro-travel-mat-2-0,Manduka Pro Travel Mat 2mm,yogamatters,"The surface and density of your favorite Manduka PRO™ mat, but easy to take on the go.
At 50% lighter than your PRO and 2mm thick, it's easier to take a mat on your next retreat or anywhere your adventures take you. Now you can have the density, performance and durability you know and love from your PRO mat everywhere you go. This mat also has the ability to be folded without leaving permanent creases.

Standard: 1.1kg; 180cm x 61cm; 2mm thick
Same dense support as the Manduka PRO™ & PROlite®, but a thinner, travel-friendly version
Hygienic closed-cell surface keeps moisture and bacteria at bay, increasing longevity and making post-practice cleanup simple
High-density cushion for unparalleled experience, joint protection, and versatility on most surfaces
Proprietary dot pattern holds the mat in place on the floor
Professional medium grip, as preferred by teachers, allows you to flow between postures without sticking to the mat

The grip of the PRO Series improve with use. The best way to break in your mat is practice, practice, practice

Emissions-free manufacturing

100% latex free

Standard 100 by OEKO-TEX® certified",99,99,USD,2,mm,2mm,180,cm,180cm x 61cm,61,cm,180cm x 61cm,1.1,kg,1.1kg,PVC,Grippy,Non-Slip; Travel; Antimicrobial; Closed-Cell,Black Night; Black Sage Mist; Blue Lotus,3,true,15001853919617,manduka-pro-travel-mat-2-0,MANDUK01,Mat,Collection: mats-and-bags; Collection: travel-yoga-mats; Collection: yoga-mats; Manufacturer: manduka; ProductSubCategory: mat; TaxClass: taxable-goods; Thickness: 2mm,2025-02-27T15:12:48+00:00,2025-07-22T12:55:19+01:00,https://cdn.shopify.com/s/files/1/0278/7259/1939/files/Manduka-Pro-Travel-Mat-2-black-sage-2.jpg?v=1753185320
yogamatters-manduka-eko-lite-3-0-4mm-yoga-mat,Manduka eKO Lite 3.0 4mm Yoga Mat,yogamatters,"Built sustainably for the mindful yogi, the updated Manduka eKO® lite 4mm yoga mat provides an improved Catch-Grip™ surface texture for traction in wet and dry conditions, combined with Responsive Ride™ layer for a cushioned, springy ride. Sustainably manufactured from recycled non-Amazon harvested tree rubber, the eKO lite supports both your practice and our planet.
All Manduka eKO® Series yoga mats have a closed-cell surface, which will never absorb moisture. Because of this, if you are warm or sweaty, the yoga mat will feel slippery, so we always recommend pairing it with a hand towel to absorb moisture and provide extra traction or to apply Yoga Grip Gel during your practice. If you're practicing hot yoga, we recommend a mat towel for full mat coverage.",135,135,USD,4,mm,4mm,180,cm,180cm x 61cm    ,61,cm,180cm x 61cm    ,2.3,kg,2.3kg,Natural Rubber,Textured,Eco-Friendly; Non-Slip; Closed-Cell,Midnight; Acai Midnight; Blue Toad Midnight; Charcoal; Cherry Blossom Purple; Deep Sage,6,true,15001854116225,manduka-eko-lite-3-0-4mm-yoga-mat,MANDUK01,Mat,Collection: best-selling-yoga-mats; Collection: eco-yoga-mats; Collection: mats-and-bags; Collection: yoga-mats; ColourName:|Blue; ColourName:|Grey; ColourName:|Multi; ColourName:|Red; KeyFeatures: sustainable-materials; Manufacturer: manduka; ProductSubCategory: mat; TaxClass: taxable-goods; Thickness: 4mm,2025-02-27T15:13:04+00:00,2025-04-07T08:45:43+01:00,https://cdn.shopify.com/s/files/1/0278/7259/1939/files/3-Manduka-eKO-Lite-3.0-4mm-Yoga-Mat-Midnight_a356dfa2-8cb1-46ad-9907-717e783cfba0.jpg?v=1773227252
yogamatters-manduka-eko-superlite-travel-mat,Manduka eKO Superlite Travel Mat,yogamatters,"The Manduka eKO® SuperLite yoga mat is a superior lightweight yoga mat that provides excellent grip while being thin enough to fold and pack easy for traveling. Wherever your practice takes you, the eKO® SuperLite is the best yoga mat for yogis on the go!

Fold + go for ultimate portability
Easily put it on top of a studio's mat for your own personal surface and extra grip
Made with a unique closed-cell top surface which prevents moisture from entering the mat, keeping it clean and in good condition longer than other natural rubber mats
Tightly woven scrim resists tearing or stretching
Made from biodegradable, non-Amazon harvested, natural tree rubber with non-toxic foaming agents and non-AZO dyes
Due to their biodegradable nature, the eKO® Series is not recommended for a daily vigorous practice
Usage of the eKO® Series in a hot environment requires regular care to maintain the performance of the rubber
99% Latex-free. Not recommended for those with Latex sensitivities
No PVC
No harmful plasticizers",70,70,USD,5,mm,5mm,180,cm,180cm x 61cm    ,61,cm,180cm x 61cm    ,0.9,kg,0.9kg,Natural Rubber,Grippy,Eco-Friendly; Non-Slip; Lightweight; Travel; Closed-Cell,Orchid Marble; Charcoal; Rosewood; Yes Please; Leaf Green; Deep Sage; Moon; Lapis; Melon Dip; Black Marbled,10,true,7254811082927,manduka-eko-superlite-travel-mat,MANDUK01,Mat,Collection: best-selling-yoga-mats; Collection: christmas_yoga_at_home; Collection: eco-yoga-mats; Collection: mats-and-bags; Collection: staycation-edit; Collection: travel-yoga-mats; Collection: yoga-mats; ColourName:|Blue; ColourName:|Green; ColourName:|Grey; ColourName:|Red; KeyFeatures: sustainable-materials; Manufacturer: manduka; ProductSubCategory: mat; Promotion: Mats; TaxClass: taxable-goods; Thickness: 1-5mm,2022-05-25T20:43:37+01:00,2023-09-15T15:51:06+01:00,https://cdn.shopify.com/s/files/1/0278/7259/1939/files/Manduka-eKo-Superlite-Travel-Mat-Orchid-Marble_5176628f-6f36-4973-931c-432444c4887a.jpg?v=1773663049
yogamatters-ecoyoga-jute-mat,ecoYoga Jute Mat,yogamatters,"The ecoYoga biodegradable yoga mat is both practical and ethical for beginners and experienced students alike. With a pure rubber underside for a firm grip on the floor, this eco-friendly yoga mat boasts a surface layer blend of natural hessian/jute fabric and a unique 100% natural rubber compound which provides an excellent non slip surface for your yoga practice.

made in the UK
sustainable plant-based materials
suitable for vegans
100% natural rubber (contains latex)
biodegradable
excellent grip / non-slip

Please note that the weave of the jute is such that some loose threads and nubs are normal. There is also a 10% allowance on the jute exposure as 100% natural raw materials will not always be 100% consistent. Due to the nature of the materials, if the mat is subject to very heavy use, it may degrade quicker than some other less eco-friendly mats. Colours can have slight variations. Also, 100% natural rubber has a tendency to bloom which can appear on the surface as a mild dusty coating - it can be wiped off with water.",72,72,USD,4,mm,4mm,183,cm,183cm x 63.5cm    ,63.5,cm,183cm x 63.5cm    ,2.1,kg,2.1kg,Jute,Grippy,Eco-Friendly; Non-Slip; Alignment Marks,Green; Grey; Lavender; Natural,4,true,4515211509827,ecoyoga-jute-mat,ECOYOG01,Mat,Collection: best-selling-yoga-mats; Collection: eco-yoga-mats; Collection: ecoyoga; Collection: full-price-inc-kits; Collection: loved-by-you; Collection: mats-and-bags; Collection: sustainable-bestsellers; Collection: yoga; Collection: yoga-mat-buyers-guide; Collection: yoga-mat-buyers-guide--eco-friendly-yoga; Collection: yoga-mat-buyers-guide--home-practice; Collection: yoga-mat-buyers-guide--yoga-studio; Collection: yoga-mats; ColourName:|Green; ColourName:|Grey; ColourName:|Off-White; ColourName:|Purple; feed-cl1-ecoyoga; Manufacturer: ecoyoga; ProductSubCollection: gifts-for-the-eco-warrior; Promotion: Mats; TaxClass: taxable-goods; Thickness: 4mm,2020-07-13T23:18:51+01:00,2020-09-15T13:19:26+01:00,https://cdn.shopify.com/s/files/1/0278/7259/1939/products/ecoyoga_jute_mat_natural_flat_roll_2_2.jpg?v=1600429011
yogamatters-jade-yoga-mat-harmony,Jade Yoga Harmony Mat - 173cm,yogamatters,"The Jade Yoga Harmony Mat is everything you want in a yoga mat - cool colours, incredible grip, great comfort and eco-friendly. The Harmony yoga mat provides a great traction and cushioning while still providing stability for standing poses.

sustainably made with natural rubber tapped from rubber trees, a renewable resource
Regular length 173cm x width 61cm
does not contain PVC, EVA or other synthetic rubber
made in the United States in compliance with all US environmental, labour and consumer protection laws
comes in a variety of fun and soothing colours
Jade Yoga plants a tree for every mat sold - with over 2 million trees planted so far

 Although Jade mats are 99% latex free, as they are from rubber trees, there may be trace amounts of latex proteins in the mats so we recommend people with latex allergies avoid contact with these mats.
Do not leave exposed to direct sunlight.",110,110,USD,5,mm,5mm,173,cm,173cm x 61cm    ,61,cm,173cm x 61cm    ,2.4,kg,2.4kg,Natural Rubber,Grippy,Eco-Friendly; Non-Slip; Alignment Marks,Slate Blue; Olive Green; Black; Kiwi Green; Midnight Blue; Purple; Tibetan Orange; Jade Green,8,true,4515211771971,jade-yoga-mat-harmony,YOYOGA01,Mat,Collection: best-selling-yoga-mats; Collection: eco-yoga-mats; Collection: fathers-day-gifts; Collection: full-price-inc-kits; Collection: gifts-for-him; Collection: jade-yoga; Collection: loved-by-you; Collection: mats-and-bags; Collection: sustainable-bestsellers; Collection: yoga; Collection: yoga-mat-buyers-guide; Collection: yoga-mat-buyers-guide--beginners-yoga; Collection: yoga-mat-buyers-guide--eco-friendly-yoga; Collection: yoga-mat-buyers-guide--home-practice; Collection: yoga-mats; ColourName:|Black; ColourName:|Blue; ColourName:|Green; ColourName:|Purple; feed-cl1-jade-yoga; Manufacturer: jade-yoga; ProductSubCollection: best-selling-yoga-mats; ProductSubCollection: eco-yoga-mats; ProductSubCollection: father-s-day-gifts; ProductSubCollection: gifts-for-him; ProductSubCollection: gifts-for-the-eco-warrior; ProductSubCollection: yoga-gifts-for-him; TaxClass: taxable-goods; Thickness: 5mm,2020-07-13T23:19:31+01:00,2020-09-15T13:18:58+01:00,https://cdn.shopify.com/s/files/1/0278/7259/1939/files/jade-harmony-yoga-mat-jade-green.jpg?v=1762253623
yogamatters-jade-yoga-harmony-mat-188cm,Jade Yoga Harmony Mat - 188cm,yogamatters,"The Jade Yoga Harmony Mat is everything you want in a yoga mat - cool colours, incredible grip, great comfort and eco-friendly. The Harmony yoga mat provides a great traction and cushioning while still providing stability for standing poses.

sustainably made with natural rubber tapped from rubber trees, a renewable resource
Longer length188cm x 61cm wide
does not contain PVC, EVA or other synthetic rubber
made in the United States in compliance with all US environmental, labour and consumer protection laws
can be used on both sides
comes in a variety of colours
Jade Yoga plants a tree for every mat sold - with over 2 million trees planted so far

Although Jade mats are 99% latex free, as they are from rubber trees, there may be trace amounts of latex proteins in the mats so we recommend people with latex allergies avoid contact with these mats.
Do not leave exposed to direct sunlight.",115,115,USD,5,mm,5mm,188,cm,188cm x 61cm wide,61,cm,188cm x 61cm wide,2.4,kg,2.4kg,Natural Rubber,Grippy,Eco-Friendly; Non-Slip,Midnight Blue; Olive Green; Purple,3,true,7565034651823,jade-yoga-harmony-mat-188cm,YOYOGA01,Mat,Collection: eco-yoga-mats; Collection: mats-and-bags; Collection: yoga-mats; KeyFeatures: sustainable-materials; Manufacturer: jade-yoga; ProductSubCategory: mat; TaxClass: taxable-goods; Thickness: 5mm,2023-06-08T06:22:11+01:00,2023-06-08T15:08:21+01:00,https://cdn.shopify.com/s/files/1/0278/7259/1939/files/Jade-Harmony-Blue-2.jpg?v=1686561565
yogamatters-jade-yoga-travel-mat,Jade Yoga Travel Mat,yogamatters,"The Jade Yoga Travel Mat is the thinner and therefore lighter version of the fantastic Jade Yoga natural rubber yoga mat. This eco-friendly travel yoga mat is ideal for yogis on the go and for those who like closer contact with the ground.

folds up to fit easily into your luggage
weighs less than 1.5kg
available in a range of cool colours
made sustainably with natural rubber tapped from rubber trees
Jade Yoga plants a tree for every mat sold - with over 940,000 trees planted so far

Although Jade mats are 99% latex free, as they are from rubber trees, there may be trace amounts of latex proteins in the mats so we recommend people with latex allergies avoid contact with these mats.
Do not leave exposed to direct sunlight.",94,94,USD,3,mm,3mm,173,cm,173cm x 61cm    ,61,cm,173cm x 61cm    ,1.5,kg,1.5kg,Natural Rubber,,Eco-Friendly; Travel; Alignment Marks,Black; Midnight Blue; Olive Green; Purple,4,true,4515214884931,jade-yoga-travel-mat,YOYOGA01,Mat,Collection: fathers-day-gifts; Collection: full-price-inc-kits; Collection: gifts-for-him; Collection: jade-yoga; Collection: mats-and-bags; Collection: staycation-edit; Collection: sustainable-bestsellers; Collection: travel-yoga-mats; Collection: yoga; Collection: yoga-mat-buyers-guide; Collection: yoga-mat-buyers-guide--eco-friendly-yoga; Collection: yoga-mat-buyers-guide--travel-yoga; Collection: yoga-mats; ColourName:|Black; ColourName:|Blue; ColourName:|Green; ColourName:|Purple; feed-cl1-jade-yoga; Manufacturer: jade-yoga; ProductSubCollection: yoga-gifts-for-travellers; TaxClass: taxable-goods; Thickness: 3mm,2020-07-13T23:27:04+01:00,2022-05-18T14:05:00+01:00,https://cdn.shopify.com/s/files/1/0278/7259/1939/products/jade-travel-mat_olive-green_upright.jpg?v=1595598912
yogamatters-jade-yoga-voyager-mat,Jade Yoga Voyager Mat,yogamatters,"The Jade Voyager Mat is the most portable mat that Jade Yoga offers, made specifically to go with you everywhere and anywhere. This extra thin yoga mat folds up to about the size of a yoga block, allowing it to fit perfectly into your suitcase or backpack. The Jade Yoga Voyager Mat has only one side, the other ""net""-side is used for stability and grip to the floor. 

the best choice if you have a limited amount of storage space or will be using it over another mat
great grip - open cell natural rubber provides optimum grip
comfortable - natural rubber has more resilience and cushion
eco-Friendly - made in the US with natural rubber, a renewable resource and contains no synthetic plastics.
through its partnership with Trees for the Future, JadeYoga plants a Tree with every mat sold

While the Voyager is ideal for those that have to travel light and/or have limited storage space, it is not the best option for daily usage, as its portability impacts overall durability. Creases are a natural consequence of folding the Jade Yoga Voyager Mat - effects will be minimised by keeping your mat rolled when not travelling. Please note that the reinforcing scrim which is hidden inside the other Jade mats is visible on the bottom of the Voyager mat.
Although Jade mats are 99% latex free, as they are from rubber trees, there may be trace amounts of latex proteins in the mats so we recommend persons with latex allergies avoid contact with these mats.
Do not leave exposed to direct sunlight.",60,60,USD,5,mm,5mm,173,cm,173cm x 61cm    ,61,cm,173cm x 61cm    ,0.8,kg,0.8kg,Natural Rubber,Grippy,Eco-Friendly; Non-Slip; Lightweight; Travel; Alignment Marks,Midnight Blue; Olive Green; Purple,3,true,4515215179843,jade-yoga-voyager-mat,YOYOGA01,Mat,Collection: best-selling-yoga-mats; Collection: full-price-inc-kits; Collection: jade-yoga; Collection: mats-and-bags; Collection: sustainable-bestsellers; Collection: travel-yoga-mats; Collection: yoga; Collection: yoga-mat-buyers-guide; Collection: yoga-mat-buyers-guide--eco-friendly-yoga; Collection: yoga-mat-buyers-guide--travel-yoga; Collection: yoga-mats; ColourName:|Blue; ColourName:|Green; ColourName:|Purple; feed-cl1-jade-yoga; Manufacturer: jade-yoga; ProductSubCollection: best-selling-yoga-mats; ProductSubCollection: eco-yoga-mats; ProductSubCollection: travel-yoga-mats; TaxClass: taxable-goods; Thickness: 1-5mm,2020-07-13T23:27:35+01:00,2022-08-25T10:29:44+01:00,https://cdn.shopify.com/s/files/1/0278/7259/1939/products/jade_yoga_voyager_mat_olive_green_flat_roll_1_2.jpg?v=1600245171
yogamatters-yoga-design-lab-studio-mat-3-5mm-zenith,Yoga Design Lab Studio Mat 3.5mm - Zenith,yogamatters,"This premium eco-friendly yoga mat/towel combination from Yoga Design Lab was designed to be the ultimate yoga companion.
Ideal for hot yoga, any dynamic sweaty practice, Pilates and general exercise, these Yoga Design Lab Studio Mats come in a range of stylish and distinctive designs for you to choose from. Luxurious and absorbent sueded microfibre (made of recycled plastic bottles) bonded to a natural tree rubber base gives you the wet grip of a towel (that grips better the more you sweat) with the cushion of a yoga mat and a responsive grip to reduce injuries. You'll no longer need to bring a mat and towel to yoga class anymore!

no towel bunching or moving around during your class
eco-friendly - biodegradable, recyclable, 100% natural tree rubber
water-based inks free from silicone, toxic glue, and phthalates
comes with durable carrying strap

At the beginning of your practice, lightly spraying water on the top surface of the mat will prevent sliding if you have dry hands and feet.",94,94,USD,3.5,mm,3.5mm,178,cm,178cm x 61cm ,61,cm,178cm x 61cm ,1.6,kg,1.6kg,Natural Rubber,Grippy,Eco-Friendly; Non-Slip; Premium,,1,true,15069151953281,yoga-design-lab-studio-mat-3-5mm-zenith,YDLAB01,Mat,Collection: best-selling-yoga-mats; Collection: eco-yoga-mats; Collection: mats-and-bags; Collection: yoga-mats; KeyFeatures: sustainable-materials; Manufacturer: yoga-design-lab; ProductSubCategory: mat; TaxClass: taxable-goods; Thickness: 3-5mm,2025-05-07T15:03:06+01:00,2025-05-16T12:24:53+01:00,https://cdn.shopify.com/s/files/1/0278/7259/1939/files/Yoga-Design-Lab-Cork-Mat-3.5mm-zenith-2.jpg?v=1747388422
yogamatters-yoga-design-lab-studio-mat-3-5mm-aegean-green,Yoga Design Lab Studio Mat 3.5mm - Aegean Green,yogamatters,"This premium eco-friendly yoga mat/towel combination from Yoga Design Lab was designed to be the ultimate yoga companion.
Ideal for hot yoga, any dynamic sweaty practice, Pilates and general exercise, these Yoga Design Lab Studio Mats come in a range of stylish and distinctive designs for you to choose from. Luxurious and absorbent sueded microfibre (made of recycled plastic bottles) bonded to a natural tree rubber base gives you the wet grip of a towel (that grips better the more you sweat) with the cushion of a yoga mat and a responsive grip to reduce injuries. You'll no longer need to bring a mat and towel to yoga class anymore!

no towel bunching or moving around during your class
eco-friendly - biodegradable, recyclable, 100% natural tree rubber
water-based inks free from silicone, toxic glue, and phthalates
comes with durable carrying strap 

At the beginning of your practice, lightly spraying water on the top surface of the mat will prevent sliding if you have dry hands and feet",94,94,USD,3.5,mm,3.5mm,178,cm,178cm x 61cm ,61,cm,178cm x 61cm ,2.2,kg,2.2kg,Natural Rubber,Grippy,Eco-Friendly; Non-Slip; Premium,,1,true,4553488597059,yoga-design-lab-studio-mat-3-5mm-aegean-green,YDLAB01,Mat,Collection: full-price-inc-kits; Collection: mats-and-bags; Collection: yoga; Collection: yoga-design-lab; Collection: yoga-mats; ColourName:|Green; feed-cl1-yoga-design-lab; feed-cl2-mat; Manufacturer: yoga-design-lab; ProductSubCategory: mat; Promotion: Mats; TaxClass: taxable-goods,2020-09-08T08:25:50+01:00,2025-02-03T10:31:37+00:00,https://cdn.shopify.com/s/files/1/0278/7259/1939/products/yoga-design-lab-studio-mat-3.5mm-aegean-green.jpg?v=1600756817
yogamatters-yoga-design-lab-infinity-mat-charcoal,Yoga Design Lab Infinity Mat 5mm - Mandala Charcoal,yogamatters,"This Yoga Design Lab Infinity studio quality pro mat blends high performance luxury with a sleek textured symmetrical design to assist with the alignment of your poses and provide an unmatched grip.

Ideal for all yoga and fitness practices, with just the right amount of cushion.
Anti-slip yoga, Pilates, or general fitness mat with wet or dry grip
Soft to the touch, textured pattern assists alignment
5mm of natural tree rubber to cushion your spine and knees
Quick drying
Suitable for beginner, intermediate or advanced practice
Odour free
$1 from every purchase goes to support Urban Youth Yoga Programs in need
Durable carrying strap included",95,95,USD,5,mm,5mm,180,cm,180cm x 61cm    ,61,cm,180cm x 61cm    ,2.8,kg,2.8kg,Natural Rubber,Textured,Eco-Friendly; Non-Slip; Alignment Marks,,1,true,4515283271747,yoga-design-lab-infinity-mat-charcoal,YDLAB01,Mat,Collection: full-price-inc-kits; Collection: mats-and-bags; Collection: yoga; Collection: yoga-design-lab; Collection: yoga-mats; ColourName:|Grey; feed-cl1-yoga-design-lab; feed-cl2-mat; Manufacturer: yoga-design-lab; ProductSubCategory: mat; TaxClass: taxable-goods; Thickness: 5mm,2020-07-14T00:48:39+01:00,2020-09-17T14:57:57+01:00,https://cdn.shopify.com/s/files/1/0278/7259/1939/products/ydl-infinity-mat_charcoal-main.jpg?v=1595599587
yogamatters-yoga-design-studio-mat-3-5mm-rose,Yoga Design Lab Studio Mat 3.5mm- Rose,yogamatters,"This premium eco-friendly yoga mat/towel combination from Yoga Design Lab was designed to be the ultimate yoga companion.
Ideal for hot yoga, any dynamic sweaty practice, Pilates and general exercise, these Yoga Design Lab Studio Mats come in a range of stylish and distinctive designs for you to choose from. Luxurious and absorbent sueded microfibre (made of recycled plastic bottles) bonded to a natural tree rubber base gives you the wet grip of a towel (that grips better the more you sweat) with the cushion of a yoga mat and a responsive grip to reduce injuries. You'll no longer need to bring a mat and towel to yoga class anymore!

no towel bunching or moving around during your class
eco-friendly - biodegradable, recyclable, 100% natural tree rubber
water-based inks free from silicone, toxic glue, and phthalates
comes with durable carrying strap

At the beginning of your practice, lightly spraying water on the top surface of the mat will prevent sliding if you have dry hands and feet.",94,94,USD,3.5,mm,3.5mm,178,cm,178cm x 61cm ,61,cm,178cm x 61cm ,1.6,kg,1.6kg,Natural Rubber,Grippy,Eco-Friendly; Non-Slip; Premium,,1,true,8093855285423,yoga-design-studio-mat-3-5mm-rose,YDLAB01,Mat,Collection: christmas_yoga_at_home; Collection: mats-and-bags; Collection: yoga-mats; KeyFeatures: sustainable-materials; Manufacturer: yoga-design-lab; ProductSubCategory: mat; TaxClass: taxable-goods; Thickness: 3-5mm,2024-10-14T06:50:35+01:00,2024-10-24T10:33:03+01:00,https://cdn.shopify.com/s/files/1/0278/7259/1939/files/Yoga-Design-Lab-Studio-Mat-3.5mm-Rose.jpg?v=1729759831
yogamatters-yoga-design-lab-3-5mm-studio-mat-mandala-turquoise,Yoga Design Lab Studio Mat 3.5mm - Mandala Turquoise,yogamatters,"This premium eco-friendly yoga mat/towel combination from the Yoga Design Lab was designed to be the ultimate yoga companion. Ideal for hot yoga, any dynamic sweaty practice, Pilates and general exercise, these Yoga Design Lab Studio Mats come in a range of stylish and distinctive designs for you to choose from.

luxurious and absorbent sueded microfibre (made of recycled plastic bottles) bonded to a natural tree rubber base gives you the wet grip of a towel (that grips better the more you sweat), the cushion of a yoga mat and a responsive grip to reduce injuries
no towel bunching or moving around during your class
eco-friendly - biodegradable, recyclable, 100% natural tree rubber, water-based inks
free from silicone, toxic glue, and phthalates
comes with durable carrying strap

You'll no longer need to bring a mat and towel to yoga class anymore! At the beginning of your practice, lightly spraying water on the top surface of the mat will prevent sliding if you have dry hands and feet",94,94,USD,3.5,mm,3.5mm,178,cm,178cm x 61cm    ,61,cm,178cm x 61cm    ,2,kg,2.0kg,Natural Rubber,Grippy,Eco-Friendly; Non-Slip; Alignment Marks; Premium,,1,true,4515263316035,yoga-design-lab-3-5mm-studio-mat-mandala-turquoise,YDLAB01,Mat,Collection: full-price-inc-kits; Collection: yoga; Collection: yoga-design-lab; Collection: yoga-mat-buyers-guide; Collection: yoga-mat-buyers-guide--eco-friendly-yoga; Collection: yoga-mat-buyers-guide--hot-yoga; Collection: yoga-mat-buyers-guide--pilates; Collection: yoga-mat-buyers-guide--yoga-studio; Collection: yoga-mats; feed-cl1-yoga-design-lab; feed-cl2-mat; Manufacturer: yoga-design-lab; ProductSubCategory: mat; TaxClass: taxable-goods; Thickness: 3-5mm,2020-07-14T00:15:25+01:00,2020-09-15T13:27:28+01:00,https://cdn.shopify.com/s/files/1/0278/7259/1939/products/yoga-lab-design-mandala-turquoise-mat-1.jpg?v=1595599236
yogamatters-yoga-design-lab-cork-mat-3-5mm-nature-balance,Yoga Design Lab Cork Mat 3.5mm - Natural Balance,yogamatters,"The Cork Yoga Mat is the most sustainable choice within yoga mats.
Cork is lightweight, allowing for more efficient shipping to the factory. The yoga mat cork is supported by a base of natural non-slip rubber from Vietnam. Only water-based inks are used for the prints, leaving you with a fully sustainable and beautiful piece of art. Cork is antimicrobial, meaning you don’t need harmful chemicals to clean your collection. Organic soap and water are sufficient and if you get any major stains, you can actually file down the cork a bit and avoid cleaners altogether!

Designed to love the earth and your practice
Non-slip grip that improves with sweat
High-density cushion for support
Durable: Premium quality for the most rigorous studio conditions or at home
Eco-friendly: biodegradable natural cork and rubber with water-based inks
Free from silicone, pvc, and phthalates
Easy to Clean: antimicrobial cork
Includes carrying strap


Cork trees grow around the Mediterranean naturally and on farms. The mat cork is sourced and certified from tree farms in Portugal. The bark of the cork tree can be harvested every 9-10 years during its 200-year life span. The tree is not harmed during the process; it actually allows for greater absorption of CO2 while the bark regrows.
If a tree does reach its end life, two new saplings are planted in its place thus ensuring the cork forest continues to flourish and renew. The harvested cork bark is shredded to a pulp and pressed into long sheets to be used in products. Any leftover cork dust is used to fuel the mills.
If you no longer need your products, cork is compostable. Better yet, you can find a local agency to upcycle your cork or find DIY inspiration online to upcycle your cork.",94,94,USD,3.5,mm,3.5mm,178,cm,178cm x 61cm ,61,cm,178cm x 61cm ,1.6,kg,1.6kg,Cork,Grippy,Eco-Friendly; Non-Slip; Lightweight; Antimicrobial; Premium,,1,true,15069151461761,yoga-design-lab-cork-mat-3-5mm-nature-balance,YDLAB01,Mat,Collection: eco-yoga-mats; Collection: mats-and-bags; Collection: yoga-mats; KeyFeatures: sustainable-materials; Manufacturer: yoga-design-lab; ProductSubCategory: mat; TaxClass: taxable-goods; Thickness: 3-5mm,2025-05-07T15:02:48+01:00,2025-05-16T12:23:15+01:00,https://cdn.shopify.com/s/files/1/0278/7259/1939/files/Yoga-Design-Lab-Cork-Mat-3.5mm-Nature-Balance.jpg?v=1747389116
yogamatters-yoga-design-lab-studio-mat-3-5mm-breathe,Yoga Design Lab Studio Mat 3.5mm - Breathe,yogamatters,"This premium eco-friendly yoga mat/towel combination from Yoga Design Lab was designed to be the ultimate yoga companion.
Ideal for hot yoga, any dynamic sweaty practice, Pilates and general exercise, these Yoga Design Lab Studio Mats come in a range of stylish and distinctive designs for you to choose from. Luxurious and absorbent sueded microfibre (made of recycled plastic bottles) bonded to a natural tree rubber base gives you the wet grip of a towel (that grips better the more you sweat) with the cushion of a yoga mat and a responsive grip to reduce injuries. You'll no longer need to bring a mat and towel to yoga class anymore!

no towel bunching or moving around during your class
eco-friendly - biodegradable, recyclable, 100% natural tree rubber
water-based inks free from silicone, toxic glue, and phthalates
comes with durable carrying strap 

At the beginning of your practice, lightly spraying water on the top surface of the mat will prevent sliding if you have dry hands and feet.",94,94,USD,3.5,mm,3.5mm,178,cm,178cm x 61cm ,61,cm,178cm x 61cm ,2.2,kg,2.2kg,Natural Rubber,Grippy,Eco-Friendly; Non-Slip; Premium,,1,true,4553488531523,yoga-design-lab-studio-mat-3-5mm-breathe,YDLAB01,Mat,Collection: full-price-inc-kits; Collection: mats-and-bags; Collection: yoga; Collection: yoga-design-lab; Collection: yoga-mats; ColourName:|Multi; feed-cl1-yoga-design-lab; feed-cl2-mat; Manufacturer: yoga-design-lab; ProductSubCategory: mat; TaxClass: taxable-goods,2020-09-08T08:25:46+01:00,2025-06-09T08:42:43+01:00,https://cdn.shopify.com/s/files/1/0278/7259/1939/products/yoga-design-lab-studio-mat-3.5mm-breathe.png?v=1600756816
yogamatters-yoga-design-lab-travel-mat-1-5mm-zenith,Yoga Design Lab Travel Mat 1.5mm- Zenith,yogamatters,"For those of you who like to sweat - this is your yoga mat! An eco-friendly, ultra-absorbent microfibre top layer is bonded to a natural rubber base layer to provide the ultimate in sweat management and stability. This mat is actually ""moisture activated,"" and gets grippier the wetter it gets.
Say goodbye to towel bunching forever with this ultimate 2-in-1 combination. The foldable,1.5mm thickness is ideal for travel or easy transport.
For optimal grip, lightly spritz your mat with water before practice. Sweat will also help you adhere to the mat.

Recycled PET microfiber top layer is made using 15 plastic bottles
Base layer is made with sustainable, non-Amazonian natural tree rubber
Printed with water-based inks
Phthalate, silicone and toxin-fee.",68,68,USD,1.5,mm,1.5mm,178,cm,178cm x 61cm ,61,cm,178cm x 61cm ,1.6,kg,1.6kg,Natural Rubber,Suede-like,Eco-Friendly; Non-Slip; Travel,,1,true,15069151035777,yoga-design-lab-travel-mat-1-5mm-zenith,YDLAB01,Mat,Collection: mats-and-bags; Collection: travel-yoga-mats; Collection: yoga-mats; KeyFeatures: sustainable-materials; Manufacturer: yoga-design-lab; ProductSubCategory: mat; TaxClass: taxable-goods; Thickness: 1-5mm,2025-05-07T15:02:29+01:00,2025-05-16T12:25:34+01:00,https://cdn.shopify.com/s/files/1/0278/7259/1939/files/Yoga-Design-Lab-Cork-Mat-3.5mm-zenith-2.jpg?v=1747388422
yogamatters-yoga-design-lab-travel-mat-1-5mm-aegean-green,Yoga Design Lab Travel Mat 1.5mm- Aegean Green,yogamatters,"For those of you who like to sweat - this is your yoga mat! An eco-friendly, ultra-absorbent microfibre top layer is bonded to a natural rubber base layer to provide the ultimate in sweat management and stability. This mat is actually ""moisture activated,"" and gets grippier the wetter it gets.
Say goodbye to towel bunching forever with this ultimate 2-in-1 combination. The foldable,1.5mm thickness is ideal for travel or easy transport.
For optimal grip, lightly spritz your mat with water before practice. Sweat will also help you adhere to the mat.

Recycled PET microfiber top layer is made using 15 plastic bottles.
Base layer is made with sustainable, non-Amazonian natural tree rubber.
Printed with water-based inks.
Phthalate, silicone and toxin-fee.",68,68,USD,1.5,mm,1.5mm,178,cm,178cm x 61cm ,61,cm,178cm x 61cm ,1,kg,1.0kg,Natural Rubber,Suede-like,Eco-Friendly; Non-Slip; Travel,,1,true,15069151232385,yoga-design-lab-travel-mat-1-5mm-aegean-green,YDLAB01,Mat,Collection: mats-and-bags; Collection: travel-yoga-mats; Collection: yoga-mats; KeyFeatures: sustainable-materials; Manufacturer: yoga-design-lab; ProductSubCategory: mat; TaxClass: taxable-goods; Thickness: 1-5mm,2025-05-07T15:02:38+01:00,2025-05-16T12:26:02+01:00,https://cdn.shopify.com/s/files/1/0278/7259/1939/files/Yoga-Design-Lab-Cork-Mat-1.5mm-egean-green.jpg?v=1747388867
yogamatters-yoga-design-lab-travel-mat-1-5mm-crystal,Yoga Design Lab Travel Mat 1.5mm- Crystal,yogamatters,"For those of you who like to sweat - this is your yoga mat! An eco-friendly, ultra-absorbent microfibre top layer is bonded to a natural rubber base layer to provide the ultimate in sweat management and stability. This mat is actually ""moisture activated,"" and gets grippier the wetter it gets.
Say goodbye to towel bunching forever with this ultimate 2-in-1 combination. The foldable,1.5mm thickness is ideal for travel or easy transport.
For optimal grip, lightly spritz your mat with water before practice. Sweat will also help you adhere to the mat.

Recycled PET microfiber top layer is made using 15 plastic bottles.
Base layer is made with sustainable, non-Amazonian natural tree rubber.
Printed with water-based inks.
Phthalate, silicone and toxin-fee.",68,68,USD,1.5,mm,1.5mm,178,cm,178cm x 61cm ,61,cm,178cm x 61cm ,1,kg,1.0kg,Natural Rubber,Suede-like,Eco-Friendly; Non-Slip; Travel,,1,true,8093855187119,yoga-design-lab-travel-mat-1-5mm-crystal,YDLAB01,Mat,Collection: christmas_yoga_at_home; Collection: mats-and-bags; Collection: staycation-edit; Collection: travel-yoga-mats; Collection: yoga-mats; KeyFeatures: sustainable-materials; Manufacturer: yoga-design-lab; ProductSubCategory: mat; TaxClass: taxable-goods; Thickness: 1-5mm,2024-10-14T06:50:05+01:00,2024-10-24T11:17:32+01:00,https://cdn.shopify.com/s/files/1/0278/7259/1939/files/Yoga-Design-Lab-Travel-Mat-1.5mm-Crystal_6c13b320-fc2f-4630-afb1-b70b5b2ddd34.jpg?v=1729763159
yogamatters-yoga-design-lab-travel-mat-1-5mm-celestial,Yoga Design Lab Travel Mat 1.5mm - Celestial,yogamatters,"For those of you who like to sweat - this is your yoga mat! An eco-friendly, ultra-absorbent microfiber top layer is bonded to a natural rubber base layer to provide the ultimate in sweat management and stability. This mat is actually ""moisture activated,"" and gets grippier the wetter it gets.
Say goodbye to towel bunching forever with our ultimate 2-in-1 combination.
The foldable,1.5mm thickness is IDEAL for travel or easy transport.
For optimal grip, lightly spritz your mat with water before practice. Sweat will also help you adhere to the mat.

Recycled PET microfiber top layer is made using 15 plastic bottles.
Base layer is made with sustainable, non-Amazonian natural tree rubber.
All of our beautiful designs are printed with water-based inks.
Phthalate, silicone and toxin-fee.",68,68,USD,1.5,mm,1.5mm,178,cm,178 x 61cm ,61,cm,178 x 61cm ,1.6,kg,1.6kg,Natural Rubber,Suede-like,Eco-Friendly; Non-Slip; Travel,,1,true,7027376029871,yoga-design-lab-travel-mat-1-5mm-celestial,YDLAB01,Mat,Collection: eco-yoga-mats; Collection: full-price-inc-kits; Collection: staycation-edit; Collection: travel-yoga-mats; Collection: yoga; Collection: yoga-mats; KeyFeatures: sustainable-materials; Manufacturer: yoga-design-lab; ProductSubCategory: mat; TaxClass: taxable-goods; Thickness: 1-5mm,2021-11-08T06:40:21+00:00,2022-07-05T16:20:58+01:00,https://cdn.shopify.com/s/files/1/0278/7259/1939/products/Yoga-Design-Lab-Travel-Mat-1.5mm-Celestial.jpg?v=1637676732
yogamatters-yoga-design-lab-1mm-travel-mat-breathe,Yoga Design Lab Travel Mat 1.5mm - Breathe,yogamatters,"Designed as the ultimate on-the-go yogi companion, this travel mat is the lightweight version of the premium eco-friendly yoga mat/towel combination from the Yoga Design Lab. Ideal for hot yoga or any dynamic sweaty practice, Pilates and general exercise - on its own or over a studio mat.

lightweight and folds into compact travel-friendly form
reversible 
luxurious and absorbent sueded microfibre (made of recycled plastic bottles) bonded to a natural tree rubber base gives you the wet grip of a towel (that grips better the more you sweat) and a responsive grip to reduce injuries
eco-friendly - biodegradable, recyclable, 100% natural tree rubber, water-based inks
comes with durable carrying strap

At the beginning of your practice, lightly spraying water on the top surface of the mat will prevent sliding if you have dry hands and feet.",68,68,USD,1.5,mm,1.5mm,178,cm,178cm x 61cm    ,61,cm,178cm x 61cm    ,1,kg,1.0kg,Natural Rubber,Grippy,Eco-Friendly; Reversible; Non-Slip; Lightweight; Travel; Alignment Marks; Premium,,1,true,4538723074115,yoga-design-lab-1mm-travel-mat-breathe,YDLAB01,Mat,Collection: eco-yoga-mats; Collection: full-price-inc-kits; Collection: travel-yoga-mats; Collection: yoga; Collection: yoga-design-lab; Collection: yoga-mat-buyers-guide; Collection: yoga-mat-buyers-guide--eco-friendly-yoga; Collection: yoga-mat-buyers-guide--hot-yoga; Collection: yoga-mat-buyers-guide--pilates; Collection: yoga-mat-buyers-guide--travel-yoga; Collection: yoga-mats; feed-cl1-yoga-design-lab; feed-cl2-mat; Manufacturer: yoga-design-lab; ProductSubCategory: mat; ProductSubCollection: eco-yoga-mats; ProductSubCollection: gifts-for-yoga-lovers; ProductSubCollection: travel-yoga-mats; ProductSubCollection: yoga-gifts-for-travellers; TaxClass: taxable-goods; Thickness: 1mm,2020-08-22T05:14:00+01:00,2024-08-07T14:34:54+01:00,https://cdn.shopify.com/s/files/1/0278/7259/1939/products/yoga-lab-design-breathe-mat-travel-1.jpg?v=1598069654
yogamatters-yogamatters-restore-organic-cotton-yoga-nidra-mat,Yogamatters Organic Cotton Restorative Yoga Mat,yogamatters,"Introducing our new Restorative Yoga Mat, still the waves of your mind and go deeper into Savasana. Designed for a restorative yoga practice and gong baths, fall into deep relaxation and support your yoga nidra practice with this cocooning meditation prop to relieve stress and anxiety. 
Made from sustainable materials with plentiful cushioning for comfort and warmth. Perfect for your home sanctuary but it also comes with a practical carry handle so you can take your mat to your restorative yoga class too. 

Outer mat cover made from 100% organically grown cotton  and filled with recycled polyester fibrefill
Removable and machine washable cover
Rolls up for easy storage 
Practical carry handle 
Doubles as a spare mattress or even as a yoga bolster
Thoughtfully produced in India with a long-term Yogamatters partner
Compostable packaging

Shop the Yogamatters Organic Cotton Collection here.
Shop the Yogamatters Yoga Nidra Kit here.",94,94,USD,,,,200,cm,200cm length x 65cm width,65,cm,200cm length x 65cm width,1.8,kg,1.8kg,Cotton,,Eco-Friendly,Grey Ice; Natural; Sage,3,true,6878030987439,yogamatters-restore-organic-cotton-yoga-nidra-mat,MANTAR01,Mat,Collection: all-christmas-2022; Collection: christmas_relaxation; Collection: discountable_feb_2022; Collection: feminine-health; Collection: full-price; Collection: full-price-inc-kits; Collection: mats-and-bags; Collection: monochrome; Collection: sacred-space; Collection: sleep-well; Collection: the-september-edit; Collection: womens-health-menopause; Collection: yoga; Collection: yoga-and-running; Collection: yoga-mats; ColourName:|Grey; ColourName:|Natural; DiscountBand: ymexclusive; KeyFeatures: organic-cotton; Manufacturer: yogamatters; ProductSubCategory: mat; Promotion: Mats; TaxClass: taxable-goods; Thickness: 1-5cm,2021-08-11T14:52:19+01:00,2021-12-08T09:13:03+00:00,https://cdn.shopify.com/s/files/1/0278/7259/1939/files/Yogamatters-Organic-Cotton-Restorative-Yoga-Mat-Sage-Green_b5fa548e-3416-4e64-a42e-9968ee507171.jpg?v=1739274720
yogamatters-manduka-shala-yoga-rug,Manduka Shala Yoga Rug,yogamatters,"A sustainable yoga rug crafted by hand for your outdoor practices and easy flows.
Mindfully made from pre-consumer apparel scraps, the Shala Yoga Rug pays homage to early yogic traditions while also supporting the craftsmanship of artisan weavers. The intricate weave provides support and cushion for your restorative and meditation practice.

Hand loomed by a community of artisan weavers in India
Naturally supportive
Made with 95% recycled cotton from pre-consumer waste and 5% poly
Machine washable for easy cleaning
Weight: 1.1 kg
Dimensions: 180 cm x 66 cm",120,120,USD,5,mm,5mm,180,cm,180 x 70cm    ,70,cm,180 x 70cm    ,1.1,kg,1.1 kg,Cotton,,Eco-Friendly,Indulgence; Black Heather,2,true,15001854312833,manduka-shala-yoga-rug,MANDUK01,Mat,Collection: christmas_relaxation; Collection: christmas_yoga_at_home; Collection: eco-yoga-mats; Collection: mats-and-bags; Collection: yoga-mats; ColourName:|Black; ColourName:|Pink; KeyFeatures: recycled-materials; Manufacturer: manduka; ProductSubCategory: mat; TaxClass: taxable-goods; Thickness: 5mm,2025-02-27T15:13:21+00:00,2025-03-05T10:53:36+00:00,https://cdn.shopify.com/s/files/1/0278/7259/1939/files/manduka-shala-rug-indulgence-3.jpg?v=1746194780
yogamatters-jade-yoga-organic-cotton-mysore-yoga-rug,Jade Yoga Organic Cotton Mysore Yoga Rug,yogamatters,"Back to the roots - With Jade's organic cotton Mysore yoga rugs you can feel closer to the traditional roots of Yoga. They're perfect for all kinds of yoga, including Ashtanga, outdoor classes, and beach yoga. 
Jade`s Mysore rugs are handwoven by rural artisans in India, preserving a tradition and art form and providing a livelihood for weavers. Weaving is a traditional way of life for many people in this region, which has experienced an enormous decline in recent years due to increasing industrialization. These rugs support the traditional weavers and enable them to use their skills to support their families as well as to keep this tradition alive.
They are made with organic cotton and all natural vegetable dyes made from herbs including indigo, cumin and turmeric. The herbal dyes are specially made in small batches in order to get the most color and benefits from the herbs.
These rugs are lightweight at only 1.13kg and can easily be taken outdoors to the park or the beach. They are also machine washable with cold water, making them easy to care for. (note that rugs may shrink slightly in the wash). Wash colours separately and hang to air dry (will shrink if put in a dryer).
When using on hard surfaces such as hardwood, laminate and tile floors, please use on top of your Jade mat (natural rubber mats) or other non-slip underlay to prevent slipping.
With the purchase of each rug, Jade provides a week of hot lunches to a child in need in India.
Measurements:Thickness: 1/8"" (3mm)Width: 27"" (68.6cm)Length: 72"" (183cm)Weight: 1.1kg",110,110,USD,3,mm,3mm,182.88,cm,"Length: 72""",68.58,cm,"Width: 27""",1.13,kg,1.13kg,Cotton,Grippy,Eco-Friendly; Non-Slip; Lightweight,Indigo Blue; Tulasi Green; Anatoo Orange; Karungali Black,4,true,7565034684591,jade-yoga-organic-cotton-mysore-yoga-rug,YOYOGA01,Mat,Collection: christmas_yoga_at_home; Collection: eco-yoga-mats; Collection: mats-and-bags; Collection: yoga-mats; ColourName:|Black; ColourName:|Blue; ColourName:|Green; ColourName:|Orange; KeyFeatures: organic-cotton; Manufacturer: jade-yoga; ProductSubCategory: mat; TaxClass: taxable-goods; Thickness: 3mm,2023-06-08T06:22:21+01:00,2023-06-27T17:15:34+01:00,https://cdn.shopify.com/s/files/1/0278/7259/1939/files/blue-jade-rug-yoga.jpg?v=1774348308
yogamatters-pilates-studio-pro-mat-180-cm,Yoga-Mad Pilates Studio Pro Mat,yogamatters,"This Pro Mat is the ideal mat for Pilates exercise and therapy.

at 15mm thick, it offers the best support for both spine and knees
double sided offering a slight variation in practice surface
will not slide on the floor
made from recyclable TPE
this closed cell impermeable foam is hygienic and PVC Free",88,88,USD,15,mm,15mm,180,cm,180cm x 60cm    ,60,cm,180cm x 60cm    ,2.8,kg,2.8kg,Natural Rubber,,Alignment Marks; Antimicrobial; Closed-Cell,,1,true,4515201482819,pilates-studio-pro-mat-180-cm,YOGAMA02,Mat,Collection: full-price-inc-kits; Collection: mats-and-bags; Collection: new-in-automatic; Collection: performance-yoga-mats; Collection: pilates-equipment; Collection: pilates-gifts; Collection: thick-yoga-mats; Collection: yoga; Collection: yoga-mad; Collection: yoga-mat-buyers-guide; Collection: yoga-mat-buyers-guide--pilates; Collection: yoga-mats; ColourName:|Blue; feed-cl1-yoga-mad; feed-cl2-mat; Manufacturer: yoga-mad; New-in-start: 2026-03-12T16:26:18Z; ProductSubCategory: mat; ProductSubCollection: pilates-equipment; TaxClass: taxable-goods; Thickness: 15mm,2020-07-13T23:01:18+01:00,2026-03-12T16:26:17+00:00,https://cdn.shopify.com/s/files/1/0278/7259/1939/products/pilates-studio-pro-mat_blue_upright_1.jpg?v=1595598697
yogamatters-manduka-pro-extra-long-and-wide-yoga-mat-black,Manduka PRO Extra Long and Wide Yoga Mat -  Black,yogamatters,"Explore your very own at-home yoga sanctuary!
Don't have a dedicated workout room or yoga space? The PRO Long & Wide can transform your living room into a home studio with minimal effort.
Your platforms for play:

Practice inversions and transitions with ease
Room for all your props, so you can truly unwind in restorative poses
No distractions - just the right size to keep your practice ON the mat
Versatile for any barefoot workout mat – from Burpee to Savasana

All PRO Series mats have a closed-cell surface, which will never absorb moisture. Because of this, if you are warm/sweaty at all, the mat will feel slippery, so we always recommend pairing it with one of our hand towels to absorb moisture and provide extra traction. If you're practicing hot yoga, we recommend a mat towel for full mat coverage.",400,400,USD,6,mm,6mm,200,cm,200cm x 132cm    ,132,cm,200cm x 132cm    ,12,kg,12.0kg,PVC,,Eco-Friendly; Alignment Marks; Closed-Cell,,1,true,7022080753839,manduka-pro-extra-long-and-wide-yoga-mat-black,MANDUK01,Mat,Collection: full-price-inc-kits; Collection: manduka; Collection: mats-and-bags; Collection: mens-yoga-mats; Collection: thick-yoga-mats; Collection: yoga; Collection: yoga-mat-buyers-guide; Collection: yoga-mat-buyers-guide--home-practice; Collection: yoga-mat-buyers-guide--hot-yoga; Collection: yoga-mats; Manufacturer: manduka; ProductSubCategory: mat; TaxClass: taxable-goods; Thickness: 6mm,2021-11-03T16:12:18+00:00,2021-11-09T09:08:08+00:00,https://cdn.shopify.com/s/files/1/0278/7259/1939/files/manduka-extra-wide-long-pro-yoga-mat.jpg?v=1699870176
yogamatters-yoga-design-lab-cork-mat-mandala-black,Yoga Design Lab Cork Mat 3.5mm - Mandala Black,yogamatters,"The Cork Yoga Mat is the most sustainable choice within yoga mats.
Cork is lightweight, allowing for more efficient shipping to the factory. The yoga mat cork is supported by a base of natural non-slip rubber from Vietnam. Only water-based inks are used for the prints, leaving you with a fully sustainable and beautiful piece of art. Cork is antimicrobial, meaning you don’t need harmful chemicals to clean your collection. Organic soap and water are sufficient and if you get any major stains, you can actually file down the cork a bit and avoid cleaners altogether!

Designed to love the earth and your practice.
Non-slip grip that improves with sweat
Symmetrical design aids alignment
High-density cushion for support
Durable: Premium quality for the most rigorous studio conditions or at home
Eco-friendly: biodegradable natural cork and rubber with water-based inks.
Free from silicone, pvc, and phthalates
Easy to Clean: antimicrobial cork
Includes carrying strap

Cork trees grow around the Mediterranean naturally and on farms. The mat cork is sourced and certified from tree farms in Portugal. The bark of the cork tree can be harvested every 9-10 years during its 200-year life span. The tree is not harmed during the process; it actually allows for greater absorption of CO2 while the bark regrows.
If a tree does reach its end life, two new saplings are planted in its place thus ensuring the cork forest continues to flourish and renew. The harvested cork bark is shredded to a pulp and pressed into long sheets to be used in products. Any leftover cork dust is used to fuel the mills.
If you no longer need your products, cork is compostable. Better yet, you can find a local agency to upcycle your cork or find DIY inspiration online to upcycle your cork.",94,94,USD,3.5,mm,3.5mm,178,cm,178 x 61cm    ,61,cm,178 x 61cm    ,1.8,kg,1.8kg,Cork,Grippy,Eco-Friendly; Non-Slip; Lightweight; Alignment Marks; Antimicrobial; Premium,,1,true,4515345334339,yoga-design-lab-cork-mat-mandala-black,YDLAB01,Mat,Collection: best-selling-yoga-mats; Collection: eco-yoga-mats; Collection: full-price-inc-kits; Collection: mats-and-bags; Collection: yoga; Collection: yoga-design-lab; Collection: yoga-mats; ColourName:|Black; feed-cl1-yoga-design-lab; feed-cl2-mat; Manufacturer: yoga-design-lab; Material: Cork; ProductSubCategory: mat; ProductSubCollection: eco-yoga-mats; TaxClass: taxable-goods; Thickness: 3-5mm,2020-07-14T02:24:19+01:00,2020-09-15T13:18:02+01:00,https://cdn.shopify.com/s/files/1/0278/7259/1939/products/ydl-cork-mat--main-image.jpg?v=1595600415
yogamatters-yoga-design-lab-studio-mat-3-5mm-celestial,Yoga Design Lab Studio Mat 3.5mm - Celestial,yogamatters,"This premium eco-friendly yoga mat/towel combination from Yoga Design Lab was designed to be the ultimate yoga companion.
Ideal for hot yoga, any dynamic sweaty practice, Pilates and general exercise, these Yoga Design Lab Studio Mats come in a range of stylish and distinctive designs for you to choose from. Luxurious and absorbent sueded microfibre (made of recycled plastic bottles) bonded to a natural tree rubber base gives you the wet grip of a towel (that grips better the more you sweat) with the cushion of a yoga mat and a responsive grip to reduce injuries. You'll no longer need to bring a mat and towel to yoga class anymore!

no towel bunching or moving around during your class
eco-friendly - biodegradable, recyclable, 100% natural tree rubber
water-based inks free from silicone, toxic glue, and phthalates
comes with durable carrying strap

At the beginning of your practice, lightly spraying water on the top surface of the mat will prevent sliding if you have dry hands and feet.",94,94,USD,3.5,mm,3.5mm,178,cm,178 x 61cm ,61,cm,178 x 61cm ,2.2,kg,2.2kg,Natural Rubber,Grippy,Eco-Friendly; Non-Slip; Premium,,1,true,7027375800495,yoga-design-lab-studio-mat-3-5mm-celestial,YDLAB01,Mat,Collection: best-selling-yoga-mats; Collection: eco-yoga-mats; Collection: full-price-inc-kits; Collection: yoga; Collection: yoga-mats; KeyFeatures: sustainable-materials; Manufacturer: yoga-design-lab; ProductSubCategory: mat; TaxClass: taxable-goods; Thickness: 3-5mm,2021-11-08T06:39:51+00:00,2022-07-05T16:20:58+01:00,https://cdn.shopify.com/s/files/1/0278/7259/1939/products/YDL-Celestial-MAT-Combo-main-flat-web-res.jpg?v=1639394528
yogamatters-manduka-pro-mat-long,Manduka PRO Yoga Mat - Long,yogamatters,"This extra long Manduka PRO yoga mat is luxuriously dense for unparalleled comfort and cushioning. With a lifetime guarantee, the Manduka PRO Mat will revolutionise your practice for years to come.
• closed-cell surface to keep moisture and sweat from seeping into the mat and breeding bacteria and proprietary dot pattern bottom to resist sliding• high-density cushion for unparalleled experience, joint protection, and versatility on any surface (carpet, cement, hardwood floors) • fabric-like surface finish for optimal movement between poses • sustainable engineering ensures high quality material will not peel, flake or fade • designed to last a lifetime (or two), Manduka PRO series yoga mats are 100% latex free and curb the amount of PVC mats that enter landfills every year 
 
To Store: Roll Manduka PRO mats with the top side (fabric-finish) facing outwards. This keeps the corners of the mat flat when practising.
To Break In: The surface texture of Manduka PRO mats improves with use. The best way to break in your mat is practise, practise, practise, but if you want to speed things up a little, try a simple salt scrub, or cleaning your mat thoroughly before and after every practice with a non-scratch sponge and a mat wash (or a homemade mixture of organic detergent and water).",215,215,USD,6,mm,6mm,216,cm,216cm x 66cm    ,66,cm,216cm x 66cm    ,4.2,kg,4.2kg,PVC,Textured,Eco-Friendly; Alignment Marks; Closed-Cell; Premium,Midnight; Odyssey; Black Sage; Black Magic; Verve,5,true,4515224911939,manduka-pro-mat-long,MANDUK01,Mat,Collection: full-price-inc-kits; Collection: gifts-for-him; Collection: manduka; Collection: mats-and-bags; Collection: mens-yoga-mats; Collection: Mood-enhancers; Collection: performance-yoga-mats; Collection: thick-yoga-mats; Collection: yoga; Collection: yoga-mat-buyers-guide; Collection: yoga-mat-buyers-guide--hot-yoga; Collection: yoga-mat-buyers-guide--intermediate-and-advanced; Collection: yoga-mats; ColourName:|Green; ColourName:|Purple; feed-cl1-manduka; Manufacturer: manduka; ProductSubCollection: gifts-for-him; ProductSubCollection: yoga-gifts-for-him; TaxClass: taxable-goods; Thickness: 6mm,2020-07-13T23:45:43+01:00,2020-09-15T13:18:27+01:00,https://cdn.shopify.com/s/files/1/0278/7259/1939/products/111011030-Mats-PRO71-Midnight_04.jpg?v=1763726382
yogamatters-yoga-design-lab-3-5mm-studio-mat-mandala-black,Yoga Design Lab Studio Mat 3.5mm - Mandala Black,yogamatters,"This premium eco-friendly yoga mat/towel combination from the Yoga Design Lab was designed to be the ultimate yoga companion. Ideal for hot yoga, any dynamic sweaty practice, Pilates and general exercise, these Yoga Design Lab Studio Mats come in a range of stylish and distinctive designs for you to choose from.

luxurious and absorbent sueded microfibre (made of recycled plastic bottles) bonded to a natural tree rubber base gives you the wet grip of a towel (that grips better the more you sweat), the cushion of a yoga mat and a responsive grip to reduce injuries
no towel bunching or moving around during your class
eco-friendly - biodegradable, recyclable, 100% natural tree rubber, water-based inks
free from silicone, toxic glue, and phthalates
comes with durable carrying strap

You'll no longer need to bring a mat and towel to yoga class anymore! At the beginning of your practice, lightly spraying water on the top surface of the mat will prevent sliding if you have dry hands and feet",94,94,USD,3.5,mm,3.5mm,178,cm,178cm x 61cm    ,61,cm,178cm x 61cm    ,2,kg,2.0kg,Natural Rubber,Grippy,Eco-Friendly; Non-Slip; Alignment Marks; Premium,,1,true,4515263217731,yoga-design-lab-3-5mm-studio-mat-mandala-black,YDLAB01,Mat,Collection: full-price-inc-kits; Collection: yoga; Collection: yoga-design-lab; Collection: yoga-mat-buyers-guide; Collection: yoga-mat-buyers-guide--eco-friendly-yoga; Collection: yoga-mat-buyers-guide--hot-yoga; Collection: yoga-mat-buyers-guide--pilates; Collection: yoga-mat-buyers-guide--yoga-studio; Collection: yoga-mats; feed-cl1-yoga-design-lab; feed-cl2-mat; Manufacturer: yoga-design-lab; ProductSubCategory: mat; TaxClass: taxable-goods; Thickness: 3-5mm,2020-07-14T00:15:18+01:00,2022-07-06T14:49:41+01:00,https://cdn.shopify.com/s/files/1/0278/7259/1939/products/yoga-lab-design-mandala-black-mat-1.jpg?v=1595599234
yogamatters-yoga-design-lab-travel-mat-1-5mm-boho-glow,Yoga Design Lab Travel Mat 1.5mm- Boho Glow,yogamatters,"For those of you who like to sweat - this is your yoga mat! An eco-friendly, ultra-absorbent microfibre top layer is bonded to a natural rubber base layer to provide the ultimate in sweat management and stability. This mat is actually ""moisture activated,"" and gets grippier the wetter it gets.
Say goodbye to towel bunching forever with this ultimate 2-in-1 combination. This unique mat captures sunlight to emit a gentle glow, perfect for enhancing dark room yoga sessions or ensuring high visibility at fun yoga festivals.
The foldable,1.5mm thickness is ideal for travel or easy transport.
For optimal grip, lightly spritz your mat with water before practice. Sweat will also help you adhere to the mat.

Recycled PET microfiber top layer is made using 15 plastic bottles.
Base layer is made with sustainable, non-Amazonian natural tree rubber.
Printed with water-based inks.
Phthalate, silicone and toxin-fee.",68,68,USD,1.5,mm,1.5mm,178,cm,178cm x 61cm ,61,cm,178cm x 61cm ,1,kg,1.0kg,Natural Rubber,Suede-like,Eco-Friendly; Non-Slip; Travel,,1,false,8093855219887,yoga-design-lab-travel-mat-1-5mm-boho-glow,YDLAB01,Mat,Collection: christmas_yoga_at_home; Collection: mats-and-bags; Collection: travel-yoga-mats; Collection: yoga-mats; KeyFeatures: sustainable-materials; Manufacturer: yoga-design-lab; ProductSubCategory: mat; TaxClass: taxable-goods; Thickness: 1-5mm,2024-10-14T06:50:15+01:00,2024-10-24T10:33:52+01:00,https://cdn.shopify.com/s/files/1/0278/7259/1939/files/Yoga-Design-Lab-Travel-Mat-1.5mm-Boho-Glow.jpg?v=1729760528
yogamatters-manduka-rheo-comfort-cushion-mat-magic-moon-marble,Manduka Rheo Comfort Cushion Mat - Magic Moon Marble,yogamatters,"Elevate your practice with the Manduka Comfort Cushion Mat, featuring an ultra-soft, 8mm foam cushion that delivers maximum comfort and support for your joints and bones. Ideal for low-impact movement, breathwork, and yin or restorative yoga, its lightweight design makes it easy to carry and set up anywhere. The reversible surface lets you switch up your practice on either side.

1.4kg, 172cm x 61cm
8mm thickness for extra cushion
Ultra soft and comfortable foam protects joints and bones
Smooth surface texture offers a premium, plush feel
Hygienic closed-cell surface keeps moisture at bay
Lightweight and easy to carry
Ideal for low-intensity activities such as Yin or Restorative yoga, breathwork, Pilates and floor exercises",80,80,USD,8,mm,8mm,172,cm,"172cm x 61cm
",61,cm,"172cm x 61cm
",1.4,kg,1.4kg,Natural Rubber,Textured,Eco-Friendly; Reversible; Lightweight; Antimicrobial; Closed-Cell; Premium,,1,true,15325538189697,manduka-rheo-comfort-cushion-mat-magic-moon-marble,MANDUK01,Mat,Collection: mats-and-bags; Collection: new-in-automatic; Collection: pilates-equipment; Collection: thick-yoga-mats; Collection: yoga-mats; KeyFeatures: sustainable-materials; Manufacturer: manduka; New-in-start: 2026-03-13T12:45:06Z; ProductSubCategory: mat; TaxClass: taxable-goods; Thickness: 8mm,2026-03-02T10:37:21+00:00,2026-03-16T11:41:50+00:00,https://cdn.shopify.com/s/files/1/0278/7259/1939/files/2-manduka-comfort-mat-magic.jpg?v=1773405766
yogamatters-manduka-ratio-merino-wool-relaxation-mat-natural,Manduka Ratio Merino Wool Relaxation Mat - Natural,yogamatters,"A naturally soft, Merino wool mat for yoga and meditation, blending elevated design with lasting comfort.
The Ratio Relaxation Mat from Manduka is a natural foundation for restorative yoga, meditation, and breathwork. Crafted from 100% New Zealand Merino wool, it offers supportive ease, lasting comfort, and invites deep rest. Naturally odour-resistant and hypoallergenic, it stays fresh over time while a latex underside keeps the mat securely in place. With its elevated design, it settles seamlessly into your home, creating a space for practice that’s always within reach.

Supports slower, mindful practices including yin yoga, restorative yoga, meditation and breathwork
Wool structure regulates temperature and humidity while maintaining its loft for lasting comfort
Wool is naturally odour-resistant and hypoallergenic
Museling-free, sourced humanely and kind to sheep
Latex underside keeps the mat securely in place (not recommended for those with Latex sensitivity)
RWS Certified by Textile Exchange - Responsibly harvested wool from grass-fed, hand-shorn sheep, humanely raised on small farms with a focus on animal welfare and sustainable land use
Woolmark certified for premium quality and durability
Oeko-Tex Certified",215,215,USD,,,,200,cm,200 x 75cm    ,75,cm,200 x 75cm    ,2,kg,2.0kg,,Textured,Eco-Friendly; Premium,,1,true,15325540090241,manduka-ratio-merino-wool-relaxation-mat-natural,MANDUK01,Mat,Collection: mats-and-bags; Collection: new-in-automatic; Collection: yoga-mats; KeyFeatures: non-mulesed-merino-wool; Manufacturer: manduka; New-in-start: 2026-03-13T12:40:49Z; ProductSubCategory: mat; TaxClass: taxable-goods,2026-03-02T10:37:32+00:00,2026-03-13T12:40:49+00:00,https://cdn.shopify.com/s/files/1/0278/7259/1939/files/2-relaxation-mat-manduka-natural.jpg?v=1773660768
yogibare-pilates-mat,Performance Pilates Arch Mat Natural Rubber - Chocolate,yogibare,"Sculpted. Supported. Sustainably.
Get ready to elevate your Pilates experience with our ethically made Natural Rubber Performance Pilates Mat.
Sustainability meets studio grade support.
Crafted from responsibly sourced natural rubber, this mat delivers superior grip, cushioning, and stability, empowering every movement with purpose and intention.
 
Why You’ll Love It
Natural Rubber: Responsibly sourced from sustainably managed forests.
Aesthetic + Spacious Double Arch Design
Superior Grip: Our infamous ultra grip top layer supports your every move.
Cushioned Comfort: Choose 5mm or 8mm thickness for the ultimate comfort and support. Our cushioned technology minimises impact and protects your joints, knees and spine without detracting from your movement. 
Non toxic, Glue + PVC Free: Made with you and the environment in mind.
Minimalist Design: Matte finish, delicious colour ways and sleek new silhouette that elevate any studio or home space.
Durable Density: Made to last. No flaking or tearing. Built to support daily practice without compression or wear.
 
The Feel
Anything is possible with the right support.
Held under hand, stable under foot. Delicious colour ways you can taste.
The perfect balance of comfort and control so the focus stays on your practice.

The Detail
660mm x 1800mm
Choose from either 5mm or 8mm thickness
Aesthetic + Spacious Double Arch Design
Natural Rubber
Non Toxic. PVC free.",80,103,USD,5,mm,5MM,180,cm,"660mm x 1800mm
",66,cm,"660mm x 1800mm
",,,,Natural Rubber,Grippy,Eco-Friendly; Non-Slip; Travel; Alignment Marks; Premium,,2,true,15258628718971,pilates-mat,Yogi Bare,Pilates Mat,_Bestseller; review-arch-mat,2025-10-06T19:18:06+01:00,2025-11-07T07:40:59+00:00,https://cdn.shopify.com/s/files/1/2128/0363/files/Chocolate_Pilates_Mat_Ecom_3.jpg?v=1766533196
yogibare-pilates-mat-black-copy,Performance Pilates Arch Mat Natural Rubber - Milk,yogibare,"Sculpted. Supported. Sustainably. 
Get ready to elevate your Pilates experience with our ethically made Natural Rubber Performance Pilates Mat.
Sustainability meets studio grade support.
Crafted from responsibly sourced natural rubber, this mat delivers superior grip, cushioning, and stability, empowering every movement with purpose and intention.


Why You’ll Love It
Natural Rubber: Responsibly sourced from sustainably managed forests.
Aesthetic + Spacious Double Arch Design 
Superior Grip: Our infamous ultra grip top layer supports your every move.
Cushioned Comfort: Choose 5mm or 8mm thickness for the ultimate comfort and support. Our cushioned technology minimises impact and protects your joints, knees and spine without detracting from your movement. 
Non toxic, Glue + PVC Free: Made with you and the environment in mind.
Minimalist Design: Matte finish, delicious colour ways and sleek new silhouette that elevate any studio or home space.
Durable Density: Made to last. No flaking or tearing. Built to support daily practice without compression or wear.
 
The Feel
Anything is possible with the right support.
Held under hand, stable under foot. Delicious colour ways you can taste.
The perfect balance of comfort and control so the focus stays on your practice.

The Detail
660mm x 1800mm
Aesthetic + Spacious Double Arch Design 
Choose from either 5mm or 8mm thickness
Natural Rubber

PVC free.",80,103,USD,5,mm,5MM,180,cm,"660mm x 1800mm
",66,cm,"660mm x 1800mm
",,,,Natural Rubber,Grippy,Eco-Friendly; Non-Slip; Travel; Alignment Marks; Premium,,2,true,15280332734843,pilates-mat-black-copy,Yogi Bare,Pilates Mat,Pilates Mat; review-arch-mat,2025-10-31T22:04:57+00:00,2025-11-07T07:40:34+00:00,https://cdn.shopify.com/s/files/1/2128/0363/files/Milk_Pilates_mat_Ecom_2.jpg?v=1767816878
yogibare-pilates-mat-black,Performance Pilates Arch Mat Natural Rubber - Black,yogibare,"Sculpted. Supported. Sustainably.
Get ready to elevate your Pilates experience with our ethically made Natural Rubber Performance Pilates Mat.
Sustainability meets studio grade support.
Crafted from responsibly sourced natural rubber, this mat delivers superior grip, cushioning, and stability, empowering every movement with purpose and intention.
 
Why You’ll Love It
Natural Rubber: Responsibly sourced from sustainably managed forests.
Aesthetic + Spacious Double Arch Design 
Superior Grip: Our infamous ultra grip top layer supports your every move.
Cushioned Comfort: Choose 5mm or 8mm thickness for the ultimate comfort and support. Our cushioned technology minimises impact and protects your joints, knees and spine without detracting from your movement. 
Non toxic, Glue + PVC Free: Made with you and the environment in mind.
Minimalist Design: Matte finish, delicious colour ways and sleek new silhouette that elevate any studio or home space.
Durable Density: Made to last. No flaking or tearing. Built to support daily practice without compression or wear.
 
The Feel
Anything is possible with the right support.
Held under hand, stable under foot. Delicious colour ways you can taste.
The perfect balance of comfort and control so the focus stays on your practice.

The Detail
660mm x 1800mm
Aesthetic + Spacious Double Arch Design 
Choose from either 5mm or 8mm thickness
Natural Rubber
Non toxic. PVC free.",80,103,USD,5,mm,5MM,180,cm,"660mm x 1800mm
",66,cm,"660mm x 1800mm
",,,,Natural Rubber,Grippy,Eco-Friendly; Non-Slip; Travel; Alignment Marks; Premium,,2,true,15280332538235,pilates-mat-black,Yogi Bare,Pilates Mat,review-arch-mat,2025-10-31T22:01:23+00:00,2025-11-07T07:40:47+00:00,https://cdn.shopify.com/s/files/1/2128/0363/files/Black_Pilates_Mat_Ecom_3.jpg?v=1766533110
yogibare-yogi-bare-paws-yoga-pilates-mat-wild-forest,The Original Paws Sticky Grip Yoga Mat. Natural Rubber -  Wild Forest,yogibare,"Grip that sticks. Support that shows up.
The mat that made us famous.
Our classic sticky grip built for high-performance grip and grounded stability, Vogue named us every Yoga Teacher’s favourite mat for a reason.
Because when you can trust your mat to hold and support you the rest just clicks.
 
Why You’ll Love It
Unbeatable grip,  even in hot, sweaty flows. 
Engineered for performance with an ultra sticky grip top layer and stable, supportive base.
Natural Rubber: Our rubber is traceable and from a renewable protected source and biodegradable in correct landfill conditions. 
Built to last. Durable by design: tear-resistant, high-tensile rubber that won’t flake, stretch, or roll mid-flow
Subtle alignment guides for intuitive precision without distraction
For the yogi who wants their mat to work as hard as they do.",92,92,USD,4,mm,4mm,,,,95.25,cm,"37.50""",,,,Natural Rubber,Grippy,Eco-Friendly; Non-Slip; Travel; Alignment Marks; Premium,,1,true,7911520108682,yogi-bare-paws-yoga-pilates-mat-wild-forest,Yogi Bare,Yoga Mat,_Bestseller; LIVE; review-the-original-paws; wholesale,2024-02-27T10:56:20+00:00,2025-08-14T19:07:34+01:00,https://cdn.shopify.com/s/files/1/2128/0363/files/Wild_Forest_Website_2_5b1fae48-3ce7-406a-a313-455b8ffc0657.png?v=1771080702
yogibare-yogi-bare-paws-yoga-mat-midnight,The Original Paws Sticky Grip Yoga Mat. Natural Rubber - Midnight Black,yogibare,"Grip that sticks. Support that shows up.
The mat that made us famous.
Our classic sticky grip built for high-performance grip and grounded stability, Vogue named us every Yoga Teacher’s favourite mat for a reason.
Because when you can trust your mat to hold and support you the rest just clicks.
 
Why You’ll Love It
Unbeatable grip,  even in hot, sweaty flows. 
Engineered for performance with an ultra sticky grip top layer and stable, supportive base.
Natural Rubber: Our rubber is traceable and from a renewable protected source and biodegradable in correct landfill conditions. 
Built to last. Durable by design: tear-resistant, high-tensile rubber that won’t flake, stretch, or roll mid-flow
Subtle alignment guides for intuitive precision without distraction
For the yogi who wants their mat to work as hard as they do.",92,92,USD,4,mm,4mm,,,,95.25,cm,"37.50""",,,,Natural Rubber,Grippy,Eco-Friendly; Non-Slip; Travel; Alignment Marks; Premium,,1,true,7911519649930,yogi-bare-paws-yoga-mat-midnight,Yogi Bare,Yoga Mat,_Bestseller; LIVE; review-the-original-paws; wholesale,2024-02-27T10:55:58+00:00,2025-08-14T19:07:55+01:00,https://cdn.shopify.com/s/files/1/2128/0363/files/Midnight_Black_Website_1_a5ebe7a7-7f61-43c4-ac8a-88d616e5b000.jpg?v=1771083746
yogibare-flow-paws-natural-rubber-extreme-grip-yoga-mat,Flow Paws - Natural rubber extreme grip yoga mat,yogibare,"The mat that holds you - so you can surf all of life's big waves.
 


World First Innovation: Vivid photographic print on sustainable rubber.


Ultra grip, zero slip: Stays put—even in your sweatiest downward dog


Sweat-friendly surface: Gets grippier the more you move


Cushioned comfort: 4mm of joint-loving support


Subtle alignment guides: For hitting your marks without overthinking it


Planet-kind materials: Sustainably sourced, biodegradable rubber


Tough love: No flaking, peeling, or giving up mid-flow




Your journey is yours. But we’re right here beside you.",102,102,USD,4,mm,4mm,,,,95.25,cm,"37.50""",,,,Natural Rubber,Grippy,Eco-Friendly; Non-Slip; Travel; Alignment Marks; Premium,,1,true,5402465271946,flow-paws-natural-rubber-extreme-grip-yoga-mat,Yogi Bare®,Yoga Mat,_Bestseller; Best for_Extra Support; Best for_Ultra Grip; Boxing Day; LIVE; Paws; review-the-original-paws,2021-01-21T10:43:24+00:00,2024-12-05T13:48:17+00:00,https://cdn.shopify.com/s/files/1/2128/0363/files/websitebackground-01_1c362339-a3d1-46a0-9053-a6e98fa8fa45.png?v=1767818424
yogibare-ever-grip-paws-warm-sand,EverGrip Non Slip Matte Yoga Mat. Natural Rubber - Warm Sand,yogibare,"Grip that never quits.
Easy clean. Built to last. Matte feel. Ultra Grip. 
Why we made this
Introducing our latest innovation “Ever Grip”.
After a decade of creating Yoga mats for you, your home & your favourite studios we created Ever Grip.
Our unique innovation created to be more durable, long lasting and be non marking.
The feel is a “matte grip”.  Its everything you’d expect from a Yogi Bare; grippy, supportive, non slip but the feeling is more natural than sticky.
 
Why You’ll Love It
Natural Rubber: Responsibly sourced from sustainably managed forests.
Superior Grip: Our infamous ultra grip top layer now in an anti sweat stain surface supports your every move.
Non toxic, Glue + PVC Free: Made with you and the environment in mind.
Minimalist Design: Matte finish, delicious colour ways and sleek new silhouette that elevate any studio or home space.
Durable Density: Made to last. No flaking or tearing. Built to support daily practice without compression or wear.
Tough and durable: Made to handle daily practice without wearing down
Wipe clean finish: Sweat, spills, and smudges wipe right off
Supportive: 4mm cushioning for joint support, stability and comfort
Non-toxic materials: Free from PVC, TPE and harsh chemicals glues or dyes.
Innovated for life: Our favourite Paws mat. Reimagined. Anti sweat stain surface.",92,92,USD,4,mm,4mm,,,,95.25,cm,"37.50""",,,,Natural Rubber,Grippy,Eco-Friendly; Non-Slip; Travel; Alignment Marks; Premium,,1,true,7911519846538,ever-grip-paws-warm-sand,Yogi Bare,Yoga Mat,_Bestseller; LIVE; review-non-slip-mat; wholesale,2024-02-27T10:56:10+00:00,2025-12-10T13:20:31+00:00,https://cdn.shopify.com/s/files/1/2128/0363/files/Warm_Sand_Website_1.jpg?v=1771066166
yogibare-midnight-black-ever-grip-paws-with-eyelets,EverGrip Non Slip Matte Yoga Mat. Natural Rubber - Midnight Black,yogibare,"Grip that never quits.
Easy clean. Built to last. Matte feel. Ultra Grip. 
Why we made this
Introducing our latest innovation “Ever Grip”.
After a decade of creating Yoga mats for you, your home & your favourite studios we created Ever Grip.
Our unique innovation created to be more durable, long lasting and be non marking.
The feel is a “matte grip”.  Its everything you’d expect from a Yogi Bare; grippy, supportive, non slip but the feeling is more natural than sticky.
 
Why You’ll Love It
Natural Rubber: Responsibly sourced from sustainably managed forests.
Superior Grip: Our infamous ultra grip top layer now in an anti sweat stain surface supports your every move.
Non toxic, Glue + PVC Free: Made with you and the environment in mind.
Minimalist Design: Matte finish, delicious colour ways and sleek new silhouette that elevate any studio or home space.
Durable Density: Made to last. No flaking or tearing. Built to support daily practice without compression or wear.
Tough and durable: Made to handle daily practice without wearing down
Wipe clean finish: Sweat, spills, and smudges wipe right off
Supportive: 4mm cushioning for joint support, stability and comfort
Non-toxic materials: Free from PVC, TPE and harsh chemicals glues or dyes.
Innovated for life: Our favourite Paws mat. Reimagined. Anti sweat stain surface.",92,92,USD,4,mm,4mm,,,,95.25,cm,"37.50""",,,,Natural Rubber,Grippy,Eco-Friendly; Non-Slip; Travel; Alignment Marks; Premium,,1,true,8262034292874,midnight-black-ever-grip-paws-with-eyelets,Yogi Bare,Yoga Mat,_Bestseller; LIVE; review-non-slip-mat; wholesale,2024-08-14T11:19:12+01:00,2025-12-15T12:27:57+00:00,https://cdn.shopify.com/s/files/1/2128/0363/files/Midnight_Black_Website_1_a5ebe7a7-7f61-43c4-ac8a-88d616e5b000.jpg?v=1771083746
yogibare-ever-grip-paws-desert-rose,EverGrip Non Slip Matte Yoga Mat. Natural Rubber - Desert Rose,yogibare,"Grip that never quits.
Easy clean. Built to last. Matte feel. Ultra Grip. 
Why we made this
Introducing our latest innovation “Ever Grip”.
After a decade of creating Yoga mats for you, your home & your favourite studios we created Ever Grip.
Our unique innovation created to be more durable, long lasting and be non marking.
The feel is a “matte grip”.  Its everything you’d expect from a Yogi Bare; grippy, supportive, non slip but the feeling is more natural than sticky.
 
Why You’ll Love It
Natural Rubber: Responsibly sourced from sustainably managed forests.
Superior Grip: Our infamous ultra grip top layer now in an anti sweat stain surface supports your every move.
Non toxic, Glue + PVC Free: Made with you and the environment in mind.
Minimalist Design: Matte finish, delicious colour ways and sleek new silhouette that elevate any studio or home space.
Durable Density: Made to last. No flaking or tearing. Built to support daily practice without compression or wear.
Tough and durable: Made to handle daily practice without wearing down
Wipe clean finish: Sweat, spills, and smudges wipe right off
Supportive: 4mm cushioning for joint support, stability and comfort
Non-toxic materials: Free from PVC, TPE and harsh chemicals glues or dyes.
Innovated for life: Our favourite Paws mat. Reimagined. Anti sweat stain surface.",92,92,USD,4,mm,4mm,,,,95.25,cm,"37.50""",,,,Natural Rubber,Grippy,Eco-Friendly; Non-Slip; Travel; Alignment Marks; Premium,,1,true,7911519322250,ever-grip-paws-desert-rose,Yogi Bare,Yoga Mat,_Bestseller; LIVE; review-non-slip-mat; wholesale,2024-02-27T10:55:45+00:00,2024-12-05T13:39:25+00:00,https://cdn.shopify.com/s/files/1/2128/0363/files/Desert_Rose_Website_1.jpg?v=1767817291
yogibare-minimalist-black-ever-grip-yoga-mat,EverGrip Non Slip Matte Yoga Mat. Natural Rubber - The Minimalist,yogibare,"Minimalist Alignment Design. 
Easy clean. Built to last. Matte feel. Ultra Grip. 
Why we made this
Introducing our latest innovation Ever Grip
After a decade of creating Yoga mats for you, your home & your favourite studios we created Ever Grip
Our unique innovation created to be more durable, long lasting and be non marking.
The feel is a “matte grip”.  Its everything you’d expect from a Yogi Bare; grippy, supportive, non slip but the feeling is more natural than sticky.
 
Why You’ll Love It
Natural Rubber: Responsibly sourced from sustainably managed forests.
Superior Grip: Our infamous ultra grip top layer now in an anti sweat stain surface supports your every move.
Non toxic, Glue + PVC Free: Made with you and the environment in mind.
Minimalist Design: Matte finish, delicious colour ways and sleek new silhouette that elevate any studio or home space.
Durable Density: Made to last. No flaking or tearing. Built to support daily practice without compression or wear.
Tough and durable: Made to handle daily practice without wearing down
Wipe clean finish: Sweat, spills, and smudges wipe right off
Supportive: 4mm cushioning for joint support, stability and comfort
Non-toxic materials: Free from PVC, TPE and harsh chemicals glues or dyes.
Innovated for life: Our favourite Paws mat. Reimagined. Anti sweat stain surface.",92,92,USD,4,mm,4mm,,,,63.5,cm,"25""",,,,Natural Rubber,Grippy,Eco-Friendly; Non-Slip; Travel; Alignment Marks; Premium,,1,true,8288671498378,minimalist-black-ever-grip-yoga-mat,Yogi Bare,Yoga Mat,LIVE; review-non-slip-mat; wholesale,2024-09-10T11:29:38+01:00,2026-03-23T14:52:31+00:00,https://cdn.shopify.com/s/files/1/2128/0363/files/websitebackground-01.png?v=1762794559
yoloha-aura-cork-yoga-mat-plant-foam,Aura Cork Yoga Mat,yoloha,"The Aura was created with comfort and sustainability in mind. Made from renewable materials, our most cushioned yoga mat provides added support for your joints. We developed a fine-grain cork surface for a soft feel, yet with no sacrifice on grip, which increases with moisture. Our signature plant foam bottom is optimized for stability and energy return. The Aura will completely change your perspective on how a yoga mat can be so light, yet durable and high-performing.",99,119,USD,,,,182.88,cm,"72"" x 26""",66.04,cm,"72"" x 26""",,,,Cork,Grippy,Eco-Friendly; Non-Slip,,2,true,7114270834876,aura-cork-yoga-mat-plant-foam,Yoloha Yoga,Yoga & Pilates Mats,Aura; mat collection; not on sale; plant; Plant Foam; yoga mat,2021-09-08T13:24:19-04:00,2021-09-08T13:24:19-04:00,https://cdn.shopify.com/s/files/1/0595/3011/7308/files/Aura-Cork-Yoga-Mat.jpg?v=1695911413
yoloha-unity-pro-cork-yoga-mat,Unity Pro Cork Yoga Mat,yoloha,"Discover the Unity Pro, our most durable and sustainable yoga mat to date. Crafted from 83% USDA-certified renewable materials, this mat is thoughtfully engineered to balance peak performance with superior comfort. Its unique cork and natural rubber blend creates an unmatched non-slip surface in wet or dry conditions, ensuring stability and confidence in every pose, making it the ideal choice for any style of practice.",159,219,USD,,,,182.88,cm,"72"" x 26""",66.04,cm,"72"" x 26""",,,,Cork,Grippy,Eco-Friendly; Non-Slip,,3,true,8629327790292,unity-pro-cork-yoga-mat,Yoloha Yoga,Yoga & Pilates Mats,mat collection; not on sale; Plant Foam; unity pro; yoga mat,2024-09-17T10:33:09-04:00,2024-11-05T07:49:51-05:00,https://cdn.shopify.com/s/files/1/0595/3011/7308/files/Unity-Pro-Cork-Yoga-Mat.jpg?v=1726589563
yoloha-original-cork-yoga-mat-plant-foam,Original Cork Yoga Mat,yoloha,"The Original reimagines how a yoga mat made from 51% renewable materials can be so high-performing for any practice. The world’s first cork yoga mat uses a premium layer of extra thick cork for a grounded, non-slip experience dry or wet with no need for a towel. Our signature Plant Foam bottom is optimized for cushion, stability, and energy return.",139,159,USD,,,,182.88,cm,"72"" x 26""",66.04,cm,"72"" x 26""",,,,Cork,Grippy,Eco-Friendly; Non-Slip; Premium,,2,true,7434368778452,original-cork-yoga-mat-plant-foam,Yoloha Yoga,Yoga & Pilates Mats,mat collection; not on sale; Original; plant; Plant Foam; yoga mat,2021-11-08T14:21:13-05:00,2021-11-08T14:36:15-05:00,https://cdn.shopify.com/s/files/1/0595/3011/7308/files/Original-Cork-Yoga-Mat-square.jpg?v=1695912326
yoloha-nomad-cork-yoga-mat-plant-foam,Nomad Cork Yoga Mat,yoloha,"Meet our extra light and ultra versatile yoga mat made with renewable materials. A premium layer of eco-friendly cork provides a non-slip and antimicrobial surface that is easy to care for and maintain. A luxuriously dense plant foam base, free of PVC’s and latex gives added comfort and support. If your practice takes you to the local studio, beach, a mindful hike or on your next big adventure the Nomad will be there for you.",119,119,USD,,,,,,,,,,,,,Cork,Grippy,Eco-Friendly; Non-Slip; Lightweight; Antimicrobial; Premium,,1,true,7434379034836,nomad-cork-yoga-mat-plant-foam,Yoloha Yoga,Yoga & Pilates Mats,mat collection; Nomad; nomad-sibling; not on sale; plant; Plant Foam; yoga mat,2021-11-08T14:37:11-05:00,2021-11-08T14:41:36-05:00,https://cdn.shopify.com/s/files/1/0595/3011/7308/files/Nomad-Cork-Yoga-Mat.jpg?v=1695915868
yoloha-travel-cork-yoga-mat,Nomad Air Cork Yoga Mat,yoloha,"Meet the most portable cork yoga mat ever created. The Nomad Air is designed to fold or roll making it an extra compact mat that you can take with you anywhere you go.  Features a premium layer of eco-friendly cork on top for a non-slip surface that is easy to care for and maintain. A thin natural rubber bottom for unmatched durability that grips to any surface. If your practice takes you to the local studio, beach, a mindful hike or on your next big adventure the nomad air will be there for you.",69,89,USD,,,,182.88,cm,"72"" x 24""",60.96,cm,"72"" x 24""",,,,Cork,Grippy,Eco-Friendly; Non-Slip; Lightweight; Premium,,2,true,7114269491388,travel-cork-yoga-mat,Yoloha Yoga,Yoga & Pilates Mats,mat collection; Nomad; not on sale; yoga mat,2021-09-08T13:24:02-04:00,2021-09-08T13:24:02-04:00,https://cdn.shopify.com/s/files/1/0595/3011/7308/files/Travel-Cork-Yoga-Mat.jpg?v=1695914146
yoloha-nomad-xl-cork-yoga-mat,Nomad XL Cork Yoga Mat,yoloha,"The Extra-Large Nomad measures 80″ x 48″, offering an expansive practice space ideal for home studios, gyms, and more. Its premium eco-friendly cork surface delivers a naturally non-slip layer that is both easy to clean and maintain. Beneath, a luxuriously dense plant foam base provides exceptional comfort and support. Weighing just 4.5 lbs, the Nomad XL is conveniently portable, making it as versatile as it is high-performing.",199,199,USD,,,,203.2,cm,"80"" x 48""",121.92,cm,"80"" x 48""",2.041168092460379,kg,4.5 lbs,Cork,Grippy,Eco-Friendly; Non-Slip; Lightweight; Premium,,1,true,7114268475580,nomad-xl-cork-yoga-mat,Yoloha Yoga,Yoga & Pilates Mats,mat collection; Nomad; not on sale; yoga mat,2021-09-08T13:23:50-04:00,2021-09-08T13:23:50-04:00,https://cdn.shopify.com/s/files/1/0595/3011/7308/files/Nomad-XL-Cork-Yoga-Mat-with-Plant-foam.jpg?v=1768324281
yoloha-mountain-magic-aura-cork-yoga-mat,Mountain Magic Aura Cork Yoga Mat,yoloha,"The Aura was created with comfort and sustainability in mind. Made from renewable materials, our most cushioned yoga mat provides added support for your joints. We developed a fine-grain cork surface for a soft feel, yet with no sacrifice on grip, which increases with moisture. Our signature plant foam bottom is optimized for stability and energy return. The Aura will completely change your perspective on how a yoga mat can be so light, yet durable and high-performing.",129,129,USD,,,,182.88,cm,"72"" x 26""",66.04,cm,"72"" x 26""",,,,Cork,Grippy,Eco-Friendly; Non-Slip,,1,true,7114268410044,mountain-magic-aura-cork-yoga-mat,Yoloha Yoga,Yoga & Pilates Mats,Artist; Aura; exclude_button; Mountain Magic; not on sale; Plant Foam; yoga mat,2021-09-08T13:23:49-04:00,2021-09-08T13:23:49-04:00,https://cdn.shopify.com/s/files/1/0595/3011/7308/files/Mountain-Magic-Aura-Cork-Yoga-Mat.jpg?v=1695912998
yoloha-chakras-aura-cork-yoga-mat,Chakras Aura Cork Yoga Mat,yoloha,"The Aura was created with comfort and sustainability in mind. Made from renewable materials, our most cushioned yoga mat provides added support for your joints. We developed a fine-grain cork surface for a soft feel, yet with no sacrifice on grip, which increases with moisture. Our signature plant foam bottom is optimized for stability and energy return. The Aura will completely change your perspective on how a yoga mat can be so light, yet durable and high-performing.",129,129,USD,,,,182.88,cm,"72"" x 26""",66.04,cm,"72"" x 26""",,,,Cork,Grippy,Eco-Friendly; Non-Slip,,1,true,7114266738876,chakras-aura-cork-yoga-mat,Yoloha Yoga,Yoga & Pilates Mats,Artist; Aura; Chakras; exclude_button; not on sale; Plant Foam; yoga mat,2021-09-08T13:23:27-04:00,2021-09-08T13:23:27-04:00,https://cdn.shopify.com/s/files/1/0595/3011/7308/files/Chakras-Aura-Cork-Yoga-Mat.jpg?v=1695912685
yoloha-blossom-aura-cork-yoga-mat,Blossom Aura Cork Yoga Mat,yoloha,"The Aura was created with comfort and sustainability in mind. Made from renewable materials, our most cushioned yoga mat provides added support for your joints. We developed a fine-grain cork surface for a soft feel, yet with no sacrifice on grip, which increases with moisture. Our signature plant foam bottom is optimized for stability and energy return. The Aura will completely change your perspective on how a yoga mat can be so light, yet durable and high-performing.",129,129,USD,,,,182.88,cm,"72"" x 26""",66.04,cm,"72"" x 26""",,,,Cork,Grippy,Eco-Friendly; Non-Slip,,1,true,7114267361468,blossom-aura-cork-yoga-mat,Yoloha Yoga,Yoga & Pilates Mats,Artist; Aura; Blossom; exclude_button; not on sale; yoga mat,2021-09-08T13:23:35-04:00,2021-09-08T13:23:35-04:00,https://cdn.shopify.com/s/files/1/0595/3011/7308/files/Blossom-Aura-Cork-Yoga-Mat.jpg?v=1695912648
yoloha-pond-of-harmony-aura-cork-yoga-mat-plant-foam,Pond of Harmony Aura Cork Yoga Mat,yoloha,"The Aura was created with comfort and sustainability in mind. Made from renewable materials, our most cushioned yoga mat provides added support for your joints. We developed a fine-grain cork surface for a soft feel, yet with no sacrifice on grip, which increases with moisture. Our signature plant foam bottom is optimized for stability and energy return. The Aura will completely change your perspective on how a yoga mat can be so light, yet durable and high-performing.",129,129,USD,,,,182.88,cm,"72"" x 26""",66.04,cm,"72"" x 26""",,,,Cork,Grippy,Eco-Friendly; Non-Slip,,1,true,7675335639252,pond-of-harmony-aura-cork-yoga-mat-plant-foam,Yoloha Yoga,Yoga & Pilates Mats,Artist; Aura; exclude_button; not on sale; Plant Foam; Pond of Harmony; yoga mat,2022-06-30T12:37:58-04:00,2022-06-30T12:40:43-04:00,https://cdn.shopify.com/s/files/1/0595/3011/7308/files/Pond-Of-Harmony-Aura-Cork-Yoga-Mat.jpg?v=1695913261
yoloha-mountain-magic-unity-pro-cork-yoga-mat,Mountain Magic Unity Pro Cork Yoga Mat,yoloha,"Discover the Unity Pro, our most durable and sustainable yoga mat to date. Crafted from 83% USDA-certified renewable materials, this mat is thoughtfully engineered to balance peak performance with superior comfort. Its unique cork and natural rubber blend creates an unmatched non-slip surface in wet or dry conditions, ensuring stability and confidence in every pose, making it the ideal choice for any style of practice.",189,189,USD,,,,182.88,cm,"72"" x 26""",66.04,cm,"72"" x 26""",,,,Cork,Grippy,Eco-Friendly; Non-Slip,,1,true,8665471156436,mountain-magic-unity-pro-cork-yoga-mat,Yoloha Yoga,Yoga & Pilates Mats,Artist; exclude_button; Mountain Magic; new arrival; new arrivals; not on sale; unity pro; yoga mat,2024-10-25T10:45:29-04:00,2024-11-05T07:49:55-05:00,https://cdn.shopify.com/s/files/1/0595/3011/7308/files/Mountain-Magic-Unity-Pro-Cork-Yoga-Mat.jpg?v=1730124016
yoloha-unity-xl-cork-yoga-mat,Unity Pro XL Cork Yoga Mat,yoloha,"The extra-large Unity is the ultimate home studio mat. With double the width of a standard yoga mat, the Unity XL gives you extra space to move, stretch, and flow freely. A cork and natural rubber blended surface creates a more grounded and supportive feel, serious grip performance dry or wet, optimum durability, and low environmental impact. Whether you are doing a high-intensity workout or a gentle flow, we haven't found a type of practice this mat isn't good for. Handcrafted responsibly with 83% bio-certified materials.",329,329,USD,,,,213.36,cm,"84"" x 46""",116.84,cm,"84"" x 46""",,,,Cork,Grippy,Non-Slip,,1,true,7114270212284,unity-xl-cork-yoga-mat,Yoloha Yoga,Yoga & Pilates Mats,mat collection; new arrival; new arrivals; not on sale; unity xl; yoga mat,2021-09-08T13:24:12-04:00,2021-09-08T13:24:12-04:00,https://cdn.shopify.com/s/files/1/0595/3011/7308/files/Unity-Pro-Extra-Large-Ecofriendly-Cork-Yoga-Mat.jpg?v=1769881919
yoloha-balance-and-unity-aura-cork-yoga-mat,Balance and Unity Aura Cork Yoga Mat,yoloha,"The Aura was created with comfort and sustainability in mind. Made from renewable materials, our most cushioned yoga mat provides added support for your joints. We developed a fine-grain cork surface for a soft feel, yet with no sacrifice on grip, which increases with moisture. Our signature plant foam bottom is optimized for stability and energy return. The Aura will completely change your perspective on how a yoga mat can be so light, yet durable and high-performing.",129,129,USD,,,,182.88,cm,"72"" x 26""",66.04,cm,"72"" x 26""",,,,Cork,Grippy,Eco-Friendly; Non-Slip,,1,true,7114269262012,balance-and-unity-aura-cork-yoga-mat,Yoloha Yoga,Yoga & Pilates Mats,Artist; Aura; Balance and Unit; exclude_button; not on sale; Plant Foam; yoga mat,2021-09-08T13:23:59-04:00,2024-09-06T11:25:20-04:00,https://cdn.shopify.com/s/files/1/0595/3011/7308/files/Balance-and-Unity-Aura-Cork-Yoga-Mat.jpg?v=1695911524
yoloha-chakras-original-cork-yoga-mat,Chakras Original Cork Yoga Mat,yoloha,"The Original reimagines how a yoga mat made from 51% renewable materials can be so high-performing for any practice. The world’s first cork yoga mat uses a premium layer of extra thick cork for a grounded, non-slip experience dry or wet with no need for a towel. Our signature Plant Foam bottom is optimized for cushion, stability, and energy return.",169,169,USD,,,,182.88,cm,"72"" x 26""",66.04,cm,"72"" x 26""",,,,Cork,Grippy,Eco-Friendly; Non-Slip; Premium,,1,true,7114266902716,chakras-original-cork-yoga-mat,Yoloha Yoga,Yoga & Pilates Mats,Artist; Chakras; exclude_button; not on sale; Original; yoga mat,2021-09-08T13:23:29-04:00,2021-09-08T13:23:29-04:00,https://cdn.shopify.com/s/files/1/0595/3011/7308/files/Chakras-Original-Cork-Yoga-Mat.jpg?v=1695911972
yoloha-harmony-aura-cork-yoga-mat-plant-foam,Harmony Aura Cork Yoga Mat,yoloha,"The Aura was created with comfort and sustainability in mind. Made from renewable materials, our most cushioned yoga mat provides added support for your joints. We developed a fine-grain cork surface for a soft feel, yet with no sacrifice on grip, which increases with moisture. Our signature plant foam bottom is optimized for stability and energy return. The Aura will completely change your perspective on how a yoga mat can be so light, yet durable and high-performing.",129,129,USD,,,,182.88,cm,"72"" x 26""",66.04,cm,"72"" x 26""",,,,Cork,Grippy,Eco-Friendly; Non-Slip,,1,true,7950126842068,harmony-aura-cork-yoga-mat-plant-foam,Yoloha Yoga,Yoga & Pilates Mats,Artist; Aura; exclude_button; harmony; not on sale; Plant Foam; yoga mat,2023-08-01T21:42:33-04:00,2023-11-02T12:03:33-04:00,https://cdn.shopify.com/s/files/1/0595/3011/7308/files/Harmony-Aura-Cork-Yoga-Mat.jpg?v=1695912857
yoloha-flight-home-aura-cork-yoga-mat-plant-foam,Flight Home Aura Cork Yoga Mat,yoloha,"The Aura was created with comfort and sustainability in mind. Made from renewable materials, our most cushioned yoga mat provides added support for your joints. We developed a fine-grain cork surface for a soft feel, yet with no sacrifice on grip, which increases with moisture. Our signature plant foam bottom is optimized for stability and energy return. The Aura will completely change your perspective on how a yoga mat can be so light, yet durable and high-performing.",129,129,USD,,,,182.88,cm,"72"" x 26""",66.04,cm,"72"" x 26""",,,,Cork,Grippy,Eco-Friendly; Non-Slip,,1,true,7950127104212,flight-home-aura-cork-yoga-mat-plant-foam,Yoloha Yoga,Yoga & Pilates Mats,Artist; Aura; exclude_button; flight home; not on sale; Plant Foam; yoga mat,2023-08-01T21:46:19-04:00,2023-08-01T21:50:28-04:00,https://cdn.shopify.com/s/files/1/0595/3011/7308/files/Flight-Home-Aura-Cork-Yoga-Mat.jpg?v=1695912782
yoloha-mountain-magic-nomad-cork-yoga-mat,Mountain Magic Nomad Cork Yoga Mat,yoloha,"Meet our extra light and ultra versatile yoga mat made with renewable materials. A premium layer of eco-friendly cork provides a non-slip and antimicrobial surface that is easy to care for and maintain. A luxuriously dense plant foam base, free of PVC’s and latex gives added comfort and support. If your practice takes you to the local studio, beach, a mindful hike or on your next big adventure the Nomad will be there for you.",149,149,USD,,,,182.88,cm,"72"" x 26""",66.04,cm,"72"" x 26""",,,,Cork,Grippy,Eco-Friendly; Non-Slip; Lightweight; Antimicrobial; Premium,,1,true,7114268344508,mountain-magic-nomad-cork-yoga-mat,Yoloha Yoga,Yoga & Pilates Mats,Artist; Mountain Magic; Nomad; nomad-sibling; not on sale; Plant Foam; yoga mat,2021-09-08T13:23:48-04:00,2021-09-08T13:23:48-04:00,https://cdn.shopify.com/s/files/1/0595/3011/7308/files/Mountain-Magic-Original-Cork-Yoga-Mat_93b49d3f-2d44-4bb5-8afc-4c2b7b4aba4a.jpg?v=1695917494
yoloha-blossom-original-cork-yoga-mat,Blossom Original Cork Yoga Mat,yoloha,"The Original reimagines how a yoga mat made from 51% renewable materials can be so high-performing for any practice. The world’s first cork yoga mat uses a premium layer of extra thick cork for a grounded, non-slip experience dry or wet with no need for a towel. Our signature Plant Foam bottom is optimized for cushion, stability, and energy return.",169,169,USD,,,,182.88,cm,"72"" x 26""",66.04,cm,"72"" x 26""",,,,Cork,Grippy,Eco-Friendly; Non-Slip; Premium,,1,true,7114268016828,blossom-original-cork-yoga-mat,Yoloha Yoga,Yoga & Pilates Mats,Artist; Blossom; exclude_button; not on sale; Original; Plant Foam; yoga mat,2021-09-08T13:23:45-04:00,2021-09-08T13:23:45-04:00,https://cdn.shopify.com/s/files/1/0595/3011/7308/files/Blossom-Original-Cork-Yoga-Mat.jpg?v=1695911814
yoloha-float-on-aura-cork-yoga-mat-plant-foam,Float On Aura Cork Yoga Mat,yoloha,"The Aura was created with comfort and sustainability in mind. Made from renewable materials, our most cushioned yoga mat provides added support for your joints. We developed a fine-grain cork surface for a soft feel, yet with no sacrifice on grip, which increases with moisture. Our signature plant foam bottom is optimized for stability and energy return. The Aura will completely change your perspective on how a yoga mat can be so light, yet durable and high-performing.",129,129,USD,,,,182.88,cm,"72"" x 26""",66.04,cm,"72"" x 26""",,,,Cork,Grippy,Eco-Friendly; Non-Slip,,1,true,7950128021716,float-on-aura-cork-yoga-mat-plant-foam,Yoloha Yoga,Yoga & Pilates Mats,Artist; Aura; exclude_button; float on; not on sale; Plant Foam; yoga mat,2023-08-01T21:51:18-04:00,2023-08-01T21:52:17-04:00,https://cdn.shopify.com/s/files/1/0595/3011/7308/files/Float-On-Aura-Cork-Yoga-Mat.jpg?v=1695912825
yoloha-mountain-magic-original-cork-yoga-mat,Mountain Magic Original Cork Yoga Mat,yoloha,"The Original reimagines how a yoga mat made from 51% renewable materials can be so high-performing for any practice. The world’s first cork yoga mat uses a premium layer of extra thick cork for a grounded, non-slip experience dry or wet with no need for a towel. Our signature Plant Foam bottom is optimized for cushion, stability, and energy return.",169,169,USD,,,,182.88,cm,"72"" x 26""",66.04,cm,"72"" x 26""",,,,Cork,Grippy,Eco-Friendly; Non-Slip; Premium,,1,true,7114268278972,mountain-magic-original-cork-yoga-mat,Yoloha Yoga,Yoga & Pilates Mats,Artist; exclude_button; Mountain Magic; not on sale; Original; Plant Foam; yoga mat,2021-09-08T13:23:48-04:00,2021-09-08T13:23:48-04:00,https://cdn.shopify.com/s/files/1/0595/3011/7308/files/Mountain-Magic-Original-Cork-Yoga-Mat.jpg?v=1695912285
yoloha-mind-of-the-universe-nomad-cork-yoga-mat,Mind of the Universe Nomad Cork Yoga Mat,yoloha,"Meet our extra light and ultra versatile yoga mat made with renewable materials. A premium layer of eco-friendly cork provides a non-slip and antimicrobial surface that is easy to care for and maintain. A luxuriously dense plant foam base, free of PVC’s and latex gives added comfort and support. If your practice takes you to the local studio, beach, a mindful hike or on your next big adventure the Nomad will be there for you.",149,149,USD,,,,182.88,cm,"72"" x 26""",66.04,cm,"72"" x 26""",,,,Cork,Grippy,Eco-Friendly; Non-Slip; Lightweight; Antimicrobial; Premium,,1,true,7114265428156,mind-of-the-universe-nomad-cork-yoga-mat,Yoloha Yoga,Yoga & Pilates Mats,Artist; Mind of the Universe; Nomad; nomad-sibling; not on sale; Plant Foam; yoga mat,2021-09-08T13:23:12-04:00,2021-09-08T13:23:12-04:00,https://cdn.shopify.com/s/files/1/0595/3011/7308/files/Mind-of-the-Universe-Original-Cork-Yoga-Mat_7fe3cf3e-0ac7-4e99-ba02-7084ba1f61e0.jpg?v=1695917462
yoloha-balance-and-unity-original-cork-yoga-mat,Balance and Unity Original Cork Yoga Mat,yoloha,"The Original reimagines how a yoga mat made from 51% renewable materials can be so high-performing for any practice. The world’s first cork yoga mat uses a premium layer of extra thick cork for a grounded, non-slip experience dry or wet with no need for a towel. Our signature Plant Foam bottom is optimized for cushion, stability, and energy return.",169,169,USD,,,,182.88,cm,"72"" x 26""",66.04,cm,"72"" x 26""",,,,Cork,Grippy,Eco-Friendly; Non-Slip; Premium,,1,true,7114268967100,balance-and-unity-original-cork-yoga-mat,Yoloha Yoga,Yoga & Pilates Mats,Artist; Balance and Unit; exclude_button; not on sale; Original; Plant Foam; yoga mat,2021-09-08T13:23:56-04:00,2021-09-08T13:23:56-04:00,https://cdn.shopify.com/s/files/1/0595/3011/7308/files/Balance-and-Unity-Original-Cork-Yoga-Mat.jpg?v=1695911738
yoloha-inhale-exhale-aura-cork-yoga-mat-plant-foam,Inhale Exhale Aura Cork Yoga Mat,yoloha,"The Aura was created with comfort and sustainability in mind. Made from renewable materials, our most cushioned yoga mat provides added support for your joints. We developed a fine-grain cork surface for a soft feel, yet with no sacrifice on grip, which increases with moisture. Our signature plant foam bottom is optimized for stability and energy return. The Aura will completely change your perspective on how a yoga mat can be so light, yet durable and high-performing.",129,129,USD,,,,182.88,cm,"72"" x 26""",66.04,cm,"72"" x 26""",,,,Cork,Grippy,Eco-Friendly; Non-Slip,,1,true,7982313111764,inhale-exhale-aura-cork-yoga-mat-plant-foam,Yoloha Yoga,Yoga & Pilates Mats,Artist; Aura; exclude_button; limited; not on sale; searenity; yoga mat,2023-10-03T16:06:18-04:00,2025-10-14T10:30:31-04:00,https://cdn.shopify.com/s/files/1/0595/3011/7308/files/Inhale-Exhale-Aura-Cork-Yoga-Mat.jpg?v=1696364500
yoloha-pond-of-harmony-original-cork-yoga-mat,Pond Of Harmony Original Cork Yoga Mat,yoloha,"The Original reimagines how a yoga mat made from 51% renewable materials can be so high-performing for any practice. The world’s first cork yoga mat uses a premium layer of extra thick cork for a grounded, non-slip experience dry or wet with no need for a towel. Our signature Plant Foam bottom is optimized for cushion, stability, and energy return.",169,169,USD,,,,182.88,cm,"72"" x 26""",66.04,cm,"72"" x 26""",,,,Cork,Grippy,Eco-Friendly; Non-Slip; Premium,,1,true,7675334066388,pond-of-harmony-original-cork-yoga-mat,Yoloha Yoga,Yoga & Pilates Mats,Artist; exclude_button; not on sale; Original; Plant Foam; Pond of Harmony; yoga mat,2022-06-30T12:34:22-04:00,2022-06-30T12:36:39-04:00,https://cdn.shopify.com/s/files/1/0595/3011/7308/files/Pond-Of-Harmony-Original-Cork-Yoga-Mat.jpg?v=1754321608
yoloha-solar-and-lunar-original-cork-yoga-mat,Solar and Lunar Original Cork Yoga Mat,yoloha,"The Original reimagines how a yoga mat made from 51% renewable materials can be so high-performing for any practice. The world’s first cork yoga mat uses a premium layer of extra thick cork for a grounded, non-slip experience dry or wet with no need for a towel. Our signature Plant Foam bottom is optimized for cushion, stability, and energy return.",169,169,USD,,,,182.88,cm,"72"" x 26""",66.04,cm,"72"" x 26""",,,,Cork,Grippy,Eco-Friendly; Non-Slip; Premium,,1,true,7675370537172,solar-and-lunar-original-cork-yoga-mat,Yoloha Yoga,Yoga & Pilates Mats,Artist; exclude_button; not on sale; Original; Plant Foam; Solar and Lunar; yoga mat,2022-06-30T13:45:29-04:00,2022-11-07T12:07:30-05:00,https://cdn.shopify.com/s/files/1/0595/3011/7308/files/Solar-and-Lunar-Original-Cork-Yoga-Mat.jpg?v=1695912559
yoloha-infinite-transformation-nomad-cork-yoga-mat,Infinite Transformation Nomad Cork Yoga Mat,yoloha,"Meet our extra light and ultra versatile yoga mat made with renewable materials. A premium layer of eco-friendly cork provides a non-slip and antimicrobial surface that is easy to care for and maintain. A luxuriously dense plant foam base, free of PVC’s and latex gives added comfort and support. If your practice takes you to the local studio, beach, a mindful hike or on your next big adventure the Nomad will be there for you.",149,149,USD,,,,182.88,cm,"72"" x 26""",66.04,cm,"72"" x 26""",,,,Cork,Grippy,Eco-Friendly; Non-Slip; Lightweight; Antimicrobial; Premium,,1,true,7675357987028,infinite-transformation-nomad-cork-yoga-mat,Yoloha Yoga,Yoga & Pilates Mats,Artist; infinite transformation; Nomad; nomad-sibling; not on sale; Plant Foam; yoga mat,2022-06-30T13:18:17-04:00,2022-06-30T13:20:45-04:00,https://cdn.shopify.com/s/files/1/0595/3011/7308/files/Infinite-Transformation-Nomad-Cork-Yoga-Mat.jpg?v=1695917419
yoloha-earth-rest-nomad-cork-yoga-mat,Earth Rest Nomad Cork Yoga Mat,yoloha,"Meet our extra light and ultra versatile yoga mat made with renewable materials. A premium layer of eco-friendly cork provides a non-slip and antimicrobial surface that is easy to care for and maintain. A luxuriously dense plant foam base, free of PVC’s and latex gives added comfort and support. If your practice takes you to the local studio, beach, a mindful hike or on your next big adventure the Nomad will be there for you.",149,149,USD,,,,182.88,cm,"72"" x 26""",66.04,cm,"72"" x 26""",,,,Cork,Grippy,Eco-Friendly; Non-Slip; Lightweight; Antimicrobial; Premium,,1,true,7114268999868,earth-rest-nomad-cork-yoga-mat,Yoloha Yoga,Yoga & Pilates Mats,Artist; Earth Rest; Nomad; nomad-sibling; not on sale; Plant Foam; yoga mat,2021-09-08T13:23:57-04:00,2021-09-08T13:23:57-04:00,https://cdn.shopify.com/s/files/1/0595/3011/7308/files/Earth-Rest-Original-Cork-Yoga-Mat_534408d3-8d8d-41ed-a666-45d863fc0155.jpg?v=1695916589
yoloha-pond-of-harmony-unity-pro-cork-yoga-mat,Pond of Harmony Unity Pro Cork Yoga Mat,yoloha,"Discover the Unity Pro, our most durable and sustainable yoga mat to date. Crafted from 83% USDA-certified renewable materials, this mat is thoughtfully engineered to balance peak performance with superior comfort. Its unique cork and natural rubber blend creates an unmatched non-slip surface in wet or dry conditions, ensuring stability and confidence in every pose, making it the ideal choice for any style of practice.",159,159,USD,,,,182.88,cm,"72"" x 26""",66.04,cm,"72"" x 26""",,,,Cork,Grippy,Eco-Friendly; Non-Slip,,1,true,8665477480660,pond-of-harmony-unity-pro-cork-yoga-mat,Yoloha Yoga,Yoga & Pilates Mats,Artist; exclude_button; not on sale; Pond of Harmony; unity pro; yoga mat,2024-10-25T10:53:11-04:00,2024-11-05T07:49:56-05:00,https://cdn.shopify.com/s/files/1/0595/3011/7308/files/Pond-of-Harmony-Unity-Pro-Cork-Yoga-Mat.jpg?v=1730123974
yoloha-harmony-original-cork-yoga-mat-plant-foam,Harmony Original Cork Yoga Mat,yoloha,"The Original reimagines how a yoga mat made from 51% renewable materials can be so high-performing for any practice. The world’s first cork yoga mat uses a premium layer of extra thick cork for a grounded, non-slip experience dry or wet with no need for a towel. Our signature Plant Foam bottom is optimized for cushion, stability, and energy return.",169,169,USD,,,,182.88,cm,"72"" x 26""",66.04,cm,"72"" x 26""",,,,Cork,Grippy,Eco-Friendly; Non-Slip; Premium,,1,true,7950124024020,harmony-original-cork-yoga-mat-plant-foam,Yoloha Yoga,Yoga & Pilates Mats,Artist; exclude_button; harmony; not on sale; Original; Plant Foam; yoga mat,2023-08-01T21:22:21-04:00,2023-08-01T21:25:11-04:00,https://cdn.shopify.com/s/files/1/0595/3011/7308/files/Harmony-Original-Cork-Yoga-Mat.jpg?v=1695912168
yoloha-harmony-unity-pro-cork-yoga-mat,Harmony Unity Pro Cork Yoga Mat,yoloha,"Discover the Unity Pro, our most durable and sustainable yoga mat to date. Crafted from 83% USDA-certified renewable materials, this mat is thoughtfully engineered to balance peak performance with superior comfort. Its unique cork and natural rubber blend creates an unmatched non-slip surface in wet or dry conditions, ensuring stability and confidence in every pose, making it the ideal choice for any style of practice.",189,189,USD,,,,182.88,cm,"72"" x 26""",66.04,cm,"72"" x 26""",,,,Cork,Grippy,Eco-Friendly; Non-Slip,,1,true,8667228733652,harmony-unity-pro-cork-yoga-mat,Yoloha Yoga,Yoga & Pilates Mats,Artist; exclude_button; harmony; new arrival; new arrivals; not on sale; unity pro; yoga mat,2024-10-28T10:02:54-04:00,2024-11-05T07:49:59-05:00,https://cdn.shopify.com/s/files/1/0595/3011/7308/files/Harmony-Unity-Pro-Cork-Yoga-Mat.jpg?v=1730124016
yoloha-flight-home-unity-pro-cork-yoga-mat,Flight Home Unity Pro Cork Yoga Mat,yoloha,"Discover the Unity Pro, our most durable and sustainable yoga mat to date. Crafted from 83% USDA-certified renewable materials, this mat is thoughtfully engineered to balance peak performance with superior comfort. Its unique cork and natural rubber blend creates an unmatched non-slip surface in wet or dry conditions, ensuring stability and confidence in every pose, making it the ideal choice for any style of practice.",189,189,USD,,,,182.88,cm,"72"" x 26""",66.04,cm,"72"" x 26""",,,,Cork,Grippy,Eco-Friendly; Non-Slip,,1,true,8667233026260,flight-home-unity-pro-cork-yoga-mat,Yoloha Yoga,Yoga & Pilates Mats,Artist; exclude_button; flight home; new arrival; new arrivals; not on sale; unity pro; yoga mat,2024-10-28T10:08:18-04:00,2024-11-05T07:50:00-05:00,https://cdn.shopify.com/s/files/1/0595/3011/7308/files/Flight-Home-Unity-Pro-Cork-Yoga-Mat.jpg?v=1730124016
yoloha-balance-and-unity-pro-cork-yoga-mat,Balance and Unity Pro Cork Yoga Mat,yoloha,"Discover the Unity Pro, our most durable and sustainable yoga mat to date. Crafted from 83% USDA-certified renewable materials, this mat is thoughtfully engineered to balance peak performance with superior comfort. Its unique cork and natural rubber blend creates an unmatched non-slip surface in wet or dry conditions, ensuring stability and confidence in every pose, making it the ideal choice for any style of practice.",189,189,USD,,,,182.88,cm,"72"" x 26""",66.04,cm,"72"" x 26""",,,,Cork,Grippy,Eco-Friendly; Non-Slip,,1,true,8665410601172,balance-and-unity-pro-cork-yoga-mat,Yoloha Yoga,Yoga & Pilates Mats,Artist; Balance and Unit; exclude_button; new arrival; new arrivals; not on sale; unity pro; yoga mat,2024-10-25T09:22:58-04:00,2024-11-05T07:49:53-05:00,https://cdn.shopify.com/s/files/1/0595/3011/7308/files/Balance-and-Unity-Pro-Cork-Yoga-Mat.jpg?v=1730124016
yoloha-infinite-transformation-unity-pro-cork-yoga-mat,Infinite Transformation Unity Pro Cork Yoga Mat,yoloha,"Discover the Unity Pro, our most durable and sustainable yoga mat to date. Crafted from 83% USDA-certified renewable materials, this mat is thoughtfully engineered to balance peak performance with superior comfort. Its unique cork and natural rubber blend creates an unmatched non-slip surface in wet or dry conditions, ensuring stability and confidence in every pose, making it the ideal choice for any style of practice.",189,189,USD,,,,182.88,cm,"72"" x 26""",66.04,cm,"72"" x 26""",,,,Cork,Grippy,Eco-Friendly; Non-Slip,,1,true,8665481806036,infinite-transformation-unity-pro-cork-yoga-mat,Yoloha Yoga,Yoga & Pilates Mats,Artist; exclude_button; infinite transformation; not on sale; unity pro; yoga mat,2024-10-25T11:01:01-04:00,2024-11-05T07:49:57-05:00,https://cdn.shopify.com/s/files/1/0595/3011/7308/files/Infinite-Transformation-Unity-Pro-Cork-Yoga-Mat.jpg?v=1730124016
yoloha-el-dorado-unity-pro-cork-yoga-mat,El Dorado Unity Pro Cork Yoga Mat,yoloha,"Discover the Unity Pro, our most durable and sustainable yoga mat to date. Crafted from 83% USDA-certified renewable materials, this mat is thoughtfully engineered to balance peak performance with superior comfort. Its unique cork and natural rubber blend creates an unmatched non-slip surface in wet or dry conditions, ensuring stability and confidence in every pose, making it the ideal choice for any style of practice.",189,189,USD,,,,182.88,cm,"72"" x 26""",66.04,cm,"72"" x 26""",,,,Cork,Grippy,Eco-Friendly; Non-Slip,,1,true,8667234533588,el-dorado-unity-pro-cork-yoga-mat,Yoloha Yoga,Yoga & Pilates Mats,Artist; el dorado; exclude_button; new arrival; new arrivals; not on sale; unity pro; yoga mat,2024-10-28T10:15:45-04:00,2024-11-05T07:50:03-05:00,https://cdn.shopify.com/s/files/1/0595/3011/7308/files/El-Dorado-Unity-Pro-Cork-Yoga-Mat.jpg?v=1730124017
yoloha-tiger-lotus-aura-cork-yoga-mat,Tiger Lotus Aura Cork Yoga Mat,yoloha,"The Aura was created with comfort and sustainability in mind. Made from renewable materials, our most cushioned yoga mat provides added support for your joints. We developed a fine-grain cork surface for a soft feel, yet with no sacrifice on grip, which increases with moisture. Our signature plant foam bottom is optimized for stability and energy return. The Aura will completely change your perspective on how a yoga mat can be so light, yet durable and high-performing.",129,129,USD,,,,182.88,cm,"72"" x 26""",66.04,cm,"72"" x 26""",,,,Cork,Grippy,Eco-Friendly; Non-Slip,,1,true,8857685295316,tiger-lotus-aura-cork-yoga-mat,Yoloha Yoga,Yoga & Pilates Mats,Artist; Aura; exclude_button; not on sale; tiger lotus; yoga mat,2025-06-25T11:09:17-04:00,2025-06-25T13:33:36-04:00,https://cdn.shopify.com/s/files/1/0595/3011/7308/files/Tiger-Lotus-Aura-Cork-Yoga-Mat.jpg?v=1750864187
yoloha-tiger-lotus-unity-pro-cork-yoga-mat,Tiger Lotus Unity Pro Cork Yoga Mat,yoloha,"Discover the Unity Pro, our most durable and sustainable yoga mat to date. Crafted from 83% USDA-certified renewable materials, this mat is thoughtfully engineered to balance peak performance with superior comfort. Its unique cork and natural rubber blend creates an unmatched non-slip surface in wet or dry conditions, ensuring stability and confidence in every pose, making it the ideal choice for any style of practice.",159,159,USD,,,,182.88,cm,"72"" x 26""",66.04,cm,"72"" x 26""",,,,Cork,Grippy,Eco-Friendly; Non-Slip,,1,true,8857701122260,tiger-lotus-unity-pro-cork-yoga-mat,Yoloha Yoga,Yoga & Pilates Mats,Artist; not on sale; tiger lotus; unity pro; yoga mat,2025-06-25T11:37:40-04:00,2025-06-25T13:33:39-04:00,https://cdn.shopify.com/s/files/1/0595/3011/7308/files/Tiger-Lotus-Unity-Pro-Cork-Yoga-Mat.jpg?v=1750865885
yoloha-pond-of-harmony-nomad-xl-cork-yoga-mat,Pond of Harmony Nomad XL Cork Yoga Mat,yoloha,"The Extra-Large Nomad measures 80″ x 48″, offering an expansive practice space ideal for home studios, gyms, and more. Its premium eco-friendly cork surface delivers a naturally non-slip layer that is both easy to clean and maintain. Beneath, a luxuriously dense plant foam base provides exceptional comfort and support. Weighing just 4.5 lbs, the Nomad XL is conveniently portable, making it as versatile as it is high-performing.",239,239,USD,,,,203.2,cm,"80"" x 48""",121.92,cm,"80"" x 48""",2.041168092460379,kg,4.5 lbs,Cork,Grippy,Eco-Friendly; Non-Slip; Lightweight; Premium,,1,true,8812484002004,pond-of-harmony-nomad-xl-cork-yoga-mat,Yoloha Yoga,Yoga & Pilates Mats,Artist; new arrival; Nomad; not on sale; yoga mat,2025-04-18T15:50:55-04:00,2025-04-22T12:41:49-04:00,https://cdn.shopify.com/s/files/1/0595/3011/7308/files/Pond-of-Harmony-Nomad-XL.jpg?v=1745005957
yoloha-tiger-lotus-original-cork-yoga-mat,Tiger Lotus Original Cork Yoga Mat,yoloha,"The Original reimagines how a yoga mat made from 51% renewable materials can be so high-performing for any practice. The world’s first cork yoga mat uses a premium layer of extra thick cork for a grounded, non-slip experience dry or wet with no need for a towel. Our signature Plant Foam bottom is optimized for cushion, stability, and energy return.",169,169,USD,,,,182.88,cm,"72"" x 26""",66.04,cm,"72"" x 26""",,,,Cork,Grippy,Eco-Friendly; Non-Slip; Premium,,1,true,8857680511188,tiger-lotus-original-cork-yoga-mat,Yoloha Yoga,Yoga & Pilates Mats,Artist; exclude_button; not on sale; Original; Plant Foam; tiger lotus; yoga mat,2025-06-25T11:01:10-04:00,2025-06-25T13:33:34-04:00,https://cdn.shopify.com/s/files/1/0595/3011/7308/files/Tiger-Lotus-Original-Cork-Yoga-Mat.jpg?v=1750863718
yoloha-balance-and-unity-nomad-xl-cork-yoga-mat,Balance and Unity Nomad XL Cork Yoga Mat,yoloha,"The Extra-Large Nomad measures 80″ x 48″, offering an expansive practice space ideal for home studios, gyms, and more. Its premium eco-friendly cork surface delivers a naturally non-slip layer that is both easy to clean and maintain. Beneath, a luxuriously dense foam base provides exceptional comfort and support. Weighing just 4.5 lbs, the Nomad XL is conveniently portable, making it as versatile as it is high-performing.",239,239,USD,,,,203.2,cm,"80"" x 48""",121.92,cm,"80"" x 48""",2.041168092460379,kg,4.5 lbs,Cork,Grippy,Eco-Friendly; Non-Slip; Lightweight; Premium,,1,true,8812484362452,balance-and-unity-nomad-xl-cork-yoga-mat,Yoloha Yoga,Yoga & Pilates Mats,Artist; new arrival; new arrivals; Nomad; not on sale; yoga mat,2025-04-18T15:52:59-04:00,2025-04-22T12:41:50-04:00,https://cdn.shopify.com/s/files/1/0595/3011/7308/files/Balance-and-Unity-Nomad-XL.jpg?v=1745006013
yoloha-infinite-bloom-aura-cork-yoga-mat,Infinite Bloom Aura Cork Yoga Mat,yoloha,"The Aura was created with comfort and sustainability in mind. Made from renewable materials, our most cushioned yoga mat provides added support for your joints. We developed a fine-grain cork surface for a soft feel, yet with no sacrifice on grip, which increases with moisture. Our signature plant foam bottom is optimized for stability and energy return. The Aura will completely change your perspective on how a yoga mat can be so light, yet durable and high-performing.",129,129,USD,,,,182.88,cm,"72"" x 26""",66.04,cm,"72"" x 26""",,,,Cork,Grippy,Eco-Friendly; Non-Slip,,1,true,8934673580244,infinite-bloom-aura-cork-yoga-mat,Yoloha Yoga,Yoga & Pilates Mats,Artist; Aura; exclude_button; limited; new arrival; new arrivals; not on sale; yoga mat,2025-09-17T13:37:34-04:00,2025-09-30T10:27:30-04:00,https://cdn.shopify.com/s/files/1/0595/3011/7308/files/Infinite-Bloom-Aura-Cork-Yoga-Mat.jpg?v=1758130832
yoloha-mountain-magic-nomad-xl-cork-yoga-mat,Mountain Magic Nomad XL Cork Yoga Mat,yoloha,"The Extra-Large Nomad measures 80″ x 48″, offering an expansive practice space ideal for home studios, gyms, and more. Its premium eco-friendly cork surface delivers a naturally non-slip layer that is both easy to clean and maintain. Beneath, a luxuriously dense foam base provides exceptional comfort and support. Weighing just 4.5 lbs, the Nomad XL is conveniently portable, making it as versatile as it is high-performing.",239,239,USD,,,,203.2,cm,"80"" x 48""",121.92,cm,"80"" x 48""",2.041168092460379,kg,4.5 lbs,Cork,Grippy,Eco-Friendly; Non-Slip; Lightweight; Premium,,1,true,8812482199764,mountain-magic-nomad-xl-cork-yoga-mat,Yoloha Yoga,Yoga & Pilates Mats,Artist; new arrival; Nomad; not on sale; yoga mat,2025-04-18T15:43:18-04:00,2025-04-22T12:41:48-04:00,https://cdn.shopify.com/s/files/1/0595/3011/7308/files/Mountain-Magic-Nomad-XL.jpg?v=1745005425
yoloha-tiger-lotus-nomad-cork-yoga-mat,Tiger Lotus Nomad Cork Yoga Mat,yoloha,"Meet our extra light and ultra versatile yoga mat made with renewable materials. A premium layer of eco-friendly cork provides a non-slip and antimicrobial surface that is easy to care for and maintain. A luxuriously dense plant foam base, free of PVC’s and latex gives added comfort and support. If your practice takes you to the local studio, beach, a mindful hike or on your next big adventure the Nomad will be there for you.",149,149,USD,,,,182.88,cm,"72"" x 26""",66.04,cm,"72"" x 26""",,,,Cork,Grippy,Eco-Friendly; Non-Slip; Lightweight; Antimicrobial; Premium,,1,true,8857691226324,tiger-lotus-nomad-cork-yoga-mat,Yoloha Yoga,Yoga & Pilates Mats,Artist; Nomad; nomad-sibling; not on sale; Plant Foam; tiger lotus; yoga mat,2025-06-25T11:20:54-04:00,2025-06-25T13:33:37-04:00,https://cdn.shopify.com/s/files/1/0595/3011/7308/files/Tiger-Lotus-Nomad-Cork-Yoga-Mat.jpg?v=1750864896
yoloha-infinite-bloom-unity-pro-cork-yoga-mat,Infinite Bloom Unity Pro Cork Yoga Mat,yoloha,"Discover the Unity Pro, our most durable and sustainable yoga mat to date. Crafted from 83% USDA-certified renewable materials, this mat is thoughtfully engineered to balance peak performance with superior comfort. Its unique cork and natural rubber blend creates an unmatched non-slip surface in wet or dry conditions, ensuring stability and confidence in every pose, making it the ideal choice for any style of practice.",189,189,USD,,,,182.88,cm,"72"" x 26""",66.04,cm,"72"" x 26""",,,,Cork,Grippy,Eco-Friendly; Non-Slip,,1,true,8934555713748,infinite-bloom-unity-pro-cork-yoga-mat,Yoloha Yoga,Yoga & Pilates Mats,Artist; limited; new arrival; new arrivals; not on sale; unity pro; yoga mat,2025-09-17T11:46:34-04:00,2025-09-30T10:27:28-04:00,https://cdn.shopify.com/s/files/1/0595/3011/7308/files/Infinite-Bloom-Unity-Pro-Cork-Yoga-Mat.jpg?v=1758124040
yoloha-awaken-and-transform-aura-cork-yoga-mat,Awaken and Transform Aura Cork Yoga Mat,yoloha,"The Aura was created with comfort and sustainability in mind. Made from renewable materials, our most cushioned yoga mat provides added support for your joints. We developed a fine-grain cork surface for a soft feel, yet with no sacrifice on grip, which increases with moisture. Our signature plant foam bottom is optimized for stability and energy return. The Aura will completely change your perspective on how a yoga mat can be so light, yet durable and high-performing.",129,129,USD,,,,182.88,cm,"72"" x 26""",66.04,cm,"72"" x 26""",,,,Cork,Grippy,Eco-Friendly; Non-Slip,,1,false,8934561611988,awaken-and-transform-aura-cork-yoga-mat,Yoloha Yoga,Yoga & Pilates Mats,Artist; Aura; exclude_button; limited; not on sale; yoga mat,2025-09-17T12:00:08-04:00,2026-01-26T14:48:28-05:00,https://cdn.shopify.com/s/files/1/0595/3011/7308/files/Awaken-and-Transform-Aura-Cork-Yoga-Mat.jpg?v=1758124980
yoloha-awaken-and-transform-unity-pro-cork-yoga-mat,Awaken and Transform Unity Pro Cork Yoga Mat,yoloha,"Discover the Unity Pro, our most durable and sustainable yoga mat to date. Crafted from 83% USDA-certified renewable materials, this mat is thoughtfully engineered to balance peak performance with superior comfort. Its unique cork and natural rubber blend creates an unmatched non-slip surface in wet or dry conditions, ensuring stability and confidence in every pose, making it the ideal choice for any style of practice.",189,189,USD,,,,182.88,cm,"72"" x 26""",66.04,cm,"72"" x 26""",,,,Cork,Grippy,Eco-Friendly; Non-Slip,,1,false,8934544277716,awaken-and-transform-unity-pro-cork-yoga-mat,Yoloha Yoga,Yoga & Pilates Mats,Artist; limited; not on sale; unity pro; yoga mat,2025-09-17T11:27:38-04:00,2026-03-06T10:58:45-05:00,https://cdn.shopify.com/s/files/1/0595/3011/7308/files/Awaken-and-Transform-Unity-Pro-Cork-Yoga-Mat.jpg?v=1758123953
yoloha-pond-of-harmony-nomad-cork-yoga-mat,Pond of Harmony Nomad Cork Yoga Mat,yoloha,"Meet our extra light and ultra versatile yoga mat made with renewable materials. A premium layer of eco-friendly cork provides a non-slip and antimicrobial surface that is easy to care for and maintain. A luxuriously dense plant foam base, free of PVC’s and latex gives added comfort and support. If your practice takes you to the local studio, beach, a mindful hike or on your next big adventure the Nomad will be there for you.",149,149,USD,,,,182.88,cm,"72"" x 26""",66.04,cm,"72"" x 26""",,,,Cork,Grippy,Eco-Friendly; Non-Slip; Lightweight; Antimicrobial; Premium,,1,true,8893981229268,pond-of-harmony-nomad-cork-yoga-mat,Yoloha Yoga,Yoga & Pilates Mats,Artist; Nomad; nomad-sibling; not on sale; Plant Foam; Pond of Harmony; yoga mat,2025-08-04T11:12:51-04:00,2025-08-04T11:36:58-04:00,https://cdn.shopify.com/s/files/1/0595/3011/7308/files/Pond-Of-Harmony-Original-Cork-Yoga-Mat.jpg?v=1754321608
yoloha-swirly-flow-nomad-cork-yoga-mat,Swirly Flow Nomad Cork Yoga Mat,yoloha,"Meet our extra light and ultra versatile yoga mat made with renewable materials. A premium layer of eco-friendly cork provides a non-slip and antimicrobial surface that is easy to care for and maintain. A luxuriously dense plant foam base, free of PVC’s and latex gives added comfort and support. If your practice takes you to the local studio, beach, a mindful hike or on your next big adventure the Nomad will be there for you.",149,149,USD,,,,182.88,cm,"72"" x 26""",66.04,cm,"72"" x 26""",,,,Cork,Grippy,Eco-Friendly; Non-Slip; Lightweight; Antimicrobial; Premium,,1,true,8857685983444,swirly-flow-nomad-cork-yoga-mat,Yoloha Yoga,Yoga & Pilates Mats,Artist; Nomad; nomad-sibling; not on sale; Plant Foam; swirly flow; yoga mat,2025-06-25T11:11:24-04:00,2025-06-25T13:39:24-04:00,https://cdn.shopify.com/s/files/1/0595/3011/7308/files/Swirly-Flow-Nomad-Cork-Yoga-Mat.jpg?v=1750864315
yoloha-mountain-magic-unity-pro-xl-cork-yoga-mat,Mountain Magic Unity Pro XL Cork Yoga Mat,yoloha,"The extra-large Unity is the ultimate home studio mat. With double the width of a standard yoga mat, the Unity XL gives you extra space to move, stretch, and flow freely. A cork and natural rubber blended surface creates a more grounded and supportive feel, serious grip performance dry or wet, optimum durability, and low environmental impact. Whether you are doing a high-intensity workout or a gentle flow, we haven't found a type of practice this mat isn't good for. Handcrafted responsibly with 83% bio-certified materials.",369,369,USD,,,,213.36,cm,"84"" x 46""",116.84,cm,"84"" x 46""",,,,Cork,Grippy,Non-Slip,,1,true,8960626491604,mountain-magic-unity-pro-xl-cork-yoga-mat,Yoloha Yoga,Yoga & Pilates Mats,new arrival; new arrivals; not on sale; unity xl; yoga mat,2025-10-15T13:15:01-04:00,2025-10-15T13:55:16-04:00,https://cdn.shopify.com/s/files/1/0595/3011/7308/files/Mountain-Magic-Unity-Pro-XL-Cork-Yoga-Mat.jpg?v=1760549089
yoloha-pond-of-harmony-unity-pro-xl-cork-yoga-mat,Pond of Harmony Unity Pro XL Cork Yoga Mat,yoloha,"The extra-large Unity is the ultimate home studio mat. With double the width of a standard yoga mat, the Unity XL gives you extra space to move, stretch, and flow freely. A cork and natural rubber blended surface creates a more grounded and supportive feel, serious grip performance dry or wet, optimum durability, and low environmental impact. Whether you are doing a high-intensity workout or a gentle flow, we haven't found a type of practice this mat isn't good for. Handcrafted responsibly with 83% bio-certified materials.",369,369,USD,,,,213.36,cm,"84"" x 46""",116.84,cm,"84"" x 46""",,,,Cork,Grippy,Non-Slip,,1,true,8960630161620,pond-of-harmony-unity-pro-xl-cork-yoga-mat,Yoloha Yoga,Yoga & Pilates Mats,new arrival; new arrivals; not on sale; unity xl; yoga mat,2025-10-15T13:35:27-04:00,2025-10-15T13:55:18-04:00,https://cdn.shopify.com/s/files/1/0595/3011/7308/files/Pond-of-Harmony-Unity-Pro-XL-Cork-Yoga-Mat.jpg?v=1760549963
yoloha-harmony-unity-pro-xl-cork-yoga-mat,Harmony Unity Pro XL Cork Yoga Mat,yoloha,"The extra-large Unity is the ultimate home studio mat. With double the width of a standard yoga mat, the Unity XL gives you extra space to move, stretch, and flow freely. A cork and natural rubber blended surface creates a more grounded and supportive feel, serious grip performance dry or wet, optimum durability, and low environmental impact. Whether you are doing a high-intensity workout or a gentle flow, we haven't found a type of practice this mat isn't good for. Handcrafted responsibly with 83% bio-certified materials.",369,369,USD,,,,213.36,cm,"84"" x 46""",116.84,cm,"84"" x 46""",,,,Cork,Grippy,Non-Slip,,1,true,8960634847444,harmony-unity-pro-xl-cork-yoga-mat,Yoloha Yoga,Yoga & Pilates Mats,new arrival; new arrivals; not on sale; unity xl; yoga mat,2025-10-15T13:50:11-04:00,2025-10-15T13:55:19-04:00,https://cdn.shopify.com/s/files/1/0595/3011/7308/files/Harmony-Unity-Pro-XL-Cork-Yoga-Mat.jpg?v=1760550857